<?xml version='1.0' encoding='UTF-8'?>
<osm version='0.6' upload='false' generator='JOSM'>
  <node id='-182257290' action='modify' lat='50.66307761832' lon='18.43901315657'>
    <tag k='name' v='plu.x' />
  </node>
  <node id='-182257291' action='modify' lat='50.65739135834' lon='18.37097894888'>
    <tag k='name' v='fos.yl' />
  </node>
  <node id='-182257292' action='modify' lat='50.47563123405' lon='18.42128793425'>
    <tag k='name' v='blo.x' />
  </node>
  <node id='-182257293' action='modify' lat='50.49180595911' lon='18.38690360947' />
  <node id='-182257294' action='modify' lat='50.49823190986' lon='18.37014718867' />
  <node id='-182257295' action='modify' lat='50.52060251664' lon='18.29313895692'>
    <tag k='name' v='str.yf' />
  </node>
  <node id='-182257296' action='modify' lat='50.52483360133' lon='18.24631605058' />
  <node id='-182257297' action='modify' lat='50.5283088514' lon='18.22409299605' />
  <node id='-182257298' action='modify' lat='50.55142030526' lon='18.12284143209' />
  <node id='-182257299' action='modify' lat='50.55904610978' lon='18.1027574951' />
  <node id='-182257300' action='modify' lat='50.63048746369' lon='17.96407137404'>
    <tag k='name' v='ogr.yk' />
  </node>
  <node id='-182257301' action='modify' lat='50.64130355776' lon='17.9483251515'>
    <tag k='name' v='ogr.yo' />
  </node>
  <node id='-182257302' action='modify' lat='50.66025408783' lon='17.88943993957'>
    <tag k='name' v='opz.yn' />
  </node>
  <node id='-182257303' action='modify' lat='50.65693924524' lon='18.05236939285' />
  <node id='-182257304' action='modify' lat='50.6593928538' lon='17.93177198124'>
    <tag k='name' v='opo' />
  </node>
  <node id='-182257305' action='modify' lat='50.66899209686' lon='17.82395917461' />
  <node id='-182257306' action='modify' lat='50.68601147901' lon='17.76584648121' />
  <node id='-182257307' action='modify' lat='50.79633683828' lon='17.53565366501' />
  <node id='-182257308' action='modify' lat='50.81285947279' lon='17.51331177062' />
  <node id='-182257309' action='modify' lat='50.84221028119' lon='17.48728584044' />
  <node id='-182257310' action='modify' lat='50.85421552186' lon='17.46660770414' />
  <node id='-182257311' action='modify' lat='50.85894173763' lon='17.44949476376'>
    <tag k='name' v='brz.yl' />
  </node>
  <node id='-182257312' action='modify' lat='50.96534210748' lon='17.22773957789' />
  <node id='-182257313' action='modify' lat='51.00274913668' lon='17.16867616558' />
  <node id='-182257314' action='modify' lat='51.02884138302' lon='17.12434889637' />
  <node id='-182257315' action='modify' lat='51.03751062676' lon='17.11270258972'>
    <tag k='name' v='wbr.yo' />
  </node>
  <node id='-182257316' action='modify' lat='51.07605416459' lon='17.07699121065'>
    <tag k='name' v='wro.ym' />
  </node>
  <node id='-182257317' action='modify' lat='51.09814993121' lon='17.03735811607'>
    <tag k='name' v='wro' />
  </node>
  <node id='-182257318' action='modify' lat='50.43434252693' lon='18.1100029951'>
    <tag k='name' v='zdz.x' />
  </node>
  <node id='-182257319' action='modify' lat='50.46397528724' lon='18.06853161433' />
  <node id='-182257320' action='modify' lat='50.49883673581' lon='18.01255791964'>
    <tag k='name' v='gog.yp' />
  </node>
  <node id='-182257321' action='modify' lat='50.5815388944' lon='17.98878994687' />
  <node id='-182257322' action='modify' lat='50.59828822868' lon='17.98237259423' />
  <node id='-182257323' action='modify' lat='50.34960674881' lon='18.15063361974'>
    <tag k='name' v='kkp.x' />
  </node>
  <node id='-182257324' action='modify' lat='50.34308517717' lon='18.08920975063' />
  <node id='-182257325' action='modify' lat='50.35104795124' lon='17.91083111505' />
  <node id='-182257326' action='modify' lat='50.34536046756' lon='17.87494135734' />
  <node id='-182257327' action='modify' lat='50.31554651793' lon='17.7795129467' />
  <node id='-182257328' action='modify' lat='50.31463579811' lon='17.74576254422' />
  <node id='-182257329' action='modify' lat='50.3279142946' lon='17.69644400074' />
  <node id='-182257330' action='modify' lat='50.3298867833' lon='17.68040061913' />
  <node id='-182257331' action='modify' lat='50.32874881905' lon='17.55347964458' />
  <node id='-182257332' action='modify' lat='50.33072123517' lon='17.53779284198' />
  <node id='-182257333' action='modify' lat='50.36901616206' lon='17.38781687444'>
    <tag k='name' v='nsw.yg' />
  </node>
  <node id='-182257334' action='modify' lat='50.37909660898' lon='17.36666337868' />
  <node id='-182257335' action='modify' lat='50.43332748057' lon='17.34432148428'>
    <tag k='name' v='nys.yv' />
  </node>
  <node id='-182257336' action='modify' lat='50.46526130428' lon='17.34776784034'>
    <tag k='name' v='nys.yo' />
  </node>
  <node id='-182257337' action='modify' lat='50.50420348037' lon='17.31841439397'>
    <tag k='name' v='nys.yb' />
  </node>
  <node id='-182257338' action='modify' lat='50.50049968379' lon='17.2963101793' />
  <node id='-182257339' action='modify' lat='50.48129575608' lon='17.34004324919' />
  <node id='-182257340' action='modify' lat='50.49104990743' lon='17.33231865804' />
  <node id='-182257341' action='modify' lat='50.495812831' lon='17.28573343143' />
  <node id='-182257342' action='modify' lat='50.47373301304' lon='17.24960611283' />
  <node id='-182257343' action='modify' lat='50.46927042709' lon='17.21989614688' />
  <node id='-182257344' action='modify' lat='50.47426244444' lon='17.14680963063'>
    <tag k='name' v='otm.yp' />
  </node>
  <node id='-182257345' action='modify' lat='50.48174948219' lon='17.10973159313' />
  <node id='-182257346' action='modify' lat='50.48401804737' lon='17.08869693723' />
  <node id='-182257347' action='modify' lat='50.47895143515' lon='17.03260452152' />
  <node id='-182257348' action='modify' lat='50.47842205626' lon='17.01145102576' />
  <node id='-182257349' action='modify' lat='50.48174948219' lon='16.99386272591' />
  <node id='-182257350' action='modify' lat='50.49762715176' lon='16.95428905127' />
  <node id='-182257351' action='modify' lat='50.51614435634' lon='16.93693843115' />
  <node id='-182257352' action='modify' lat='50.52921539628' lon='16.91744869349'>
    <tag k='name' v='kam.yz' />
  </node>
  <node id='-182257353' action='modify' lat='50.53767564194' lon='16.91447769689'>
    <tag k='name' v='kam.yn' />
  </node>
  <node id='-182257354' action='modify' lat='50.53654266131' lon='16.87585474116'>
    <tag k='name' v='kam.yj' />
  </node>
  <node id='-182257355' action='modify' lat='50.55851762846' lon='16.86099975818' />
  <node id='-182257356' action='modify' lat='50.5901406482' lon='16.81750424918' />
  <node id='-182257357' action='modify' lat='50.6421703611' lon='16.77971317249' />
  <node id='-182257358' action='modify' lat='50.66311679349' lon='16.77448421849' />
  <node id='-182257359' action='modify' lat='50.67795439922' lon='16.7729394191' />
  <node id='-182257360' action='modify' lat='50.71461422773' lon='16.70531953659' />
  <node id='-182257361' action='modify' lat='50.71604390724' lon='16.65065319924'>
    <tag k='name' v='dzi.yb' />
  </node>
  <node id='-182257362' action='modify' lat='50.75395211769' lon='16.60537521113' />
  <node id='-182257363' action='modify' lat='50.76094373227' lon='16.59622454161' />
  <node id='-182257364' action='modify' lat='50.77650196351' lon='16.57340728776' />
  <node id='-182257365' action='modify' lat='50.78333993515' lon='16.55997838315' />
  <node id='-182257366' action='modify' lat='50.7997920541' lon='16.50911492144' />
  <node id='-182257367' action='modify' lat='50.81263420343' lon='16.49295269996'>
    <tag k='name' v='swk.yj' />
  </node>
  <node id='-182257368' action='modify' lat='50.82753718367' lon='16.48522810882'>
    <tag k='name' v='swd.yp' />
  </node>
  <node id='-182257369' action='modify' lat='50.85001403906' lon='16.48154407304' />
  <node id='-182257370' action='modify' lat='50.8656177139' lon='16.47690919951' />
  <node id='-182257371' action='modify' lat='50.92153768901' lon='16.44624851465'>
    <tag k='name' v='jaw.yk' />
  </node>
  <node id='-182257372' action='modify' lat='50.90475375783' lon='16.4148747906'>
    <tag k='name' v='jaw.yl' />
  </node>
  <node id='-182257373' action='modify' lat='50.9132963363' lon='16.39229521648' />
  <node id='-182257374' action='modify' lat='50.94191004026' lon='16.36733884508' />
  <node id='-182257375' action='modify' lat='50.98187980624' lon='16.35735629652'>
    <tag k='name' v='str.yj' />
  </node>
  <node id='-182257376' action='modify' lat='51.01987156793' lon='16.28367558096' />
  <node id='-182257377' action='modify' lat='51.06828835582' lon='16.1712530698' />
  <node id='-182257378' action='modify' lat='51.10665704656' lon='16.14962421459' />
  <node id='-182257379' action='modify' lat='51.1327653734' lon='16.1626965996' />
  <node id='-182257380' action='modify' lat='51.17674315855' lon='16.18979208855'>
    <tag k='name' v='nwl' />
  </node>
  <node id='-182257381' action='modify' lat='51.21472408369' lon='16.20143839521'>
    <tag k='name' v='leg.yj' />
  </node>
  <node id='-182257382' action='modify' lat='50.92882369907' lon='18.3599118214'>
    <tag k='name' v='sto.x' />
  </node>
  <node id='-182257383' action='modify' lat='50.93711734864' lon='18.34839937475' />
  <node id='-182257384' action='modify' lat='50.9567343018' lon='18.29397071713' />
  <node id='-182257385' action='modify' lat='50.9636207338' lon='18.20793065573'>
    <tag k='name' v='klu.yk' />
  </node>
  <node id='-182257386' action='modify' lat='50.97724088615' lon='18.19533363017'>
    <tag k='name' v='klu.yp' />
  </node>
  <node id='-182257387' action='modify' lat='51.00551613391' lon='18.09788494185' />
  <node id='-182257388' action='modify' lat='51.06455429414' lon='17.81338230789' />
  <node id='-182257389' action='modify' lat='51.07232080411' lon='17.72377705058'>
    <tag k='name' v='nam.yo' />
  </node>
  <node id='-182257390' action='modify' lat='51.12650072054' lon='17.55145924806' />
  <node id='-182257391' action='modify' lat='51.17510406123' lon='17.43927441663' />
  <node id='-182257392' action='modify' lat='51.1981950585' lon='17.39696742511'>
    <tag k='name' v='ole.yh' />
  </node>
  <node id='-182257393' action='modify' lat='51.20221617818' lon='17.37628928881'>
    <tag k='name' v='ole.yc' />
  </node>
  <node id='-182257394' action='modify' lat='51.19000280303' lon='17.31591863799' />
  <node id='-182257395' action='modify' lat='51.1581136213' lon='17.14764139084' />
  <node id='-182257396' action='modify' lat='51.1402221855' lon='17.0758621131'>
    <tag k='name' v='wso.yo' />
  </node>
  <node id='-182257397' action='modify' lat='51.12157782253' lon='17.00693511093' />
  <node id='-182257398' action='modify' lat='51.12224485717' lon='17.00010408398'>
    <tag k='name' v='wpo' />
  </node>
  <node id='-182257399' action='modify' lat='51.12642606164' lon='17.04330010926' />
  <node id='-182257400' action='modify' lat='51.02383370752' lon='17.96621001623' />
  <node id='-182257401' action='modify' lat='50.59688793115' lon='18.49057573273'>
    <tag k='name' v='zaw.x' />
  </node>
  <node id='-182257402' action='modify' lat='50.60862148099' lon='18.4741320695'>
    <tag k='name' v='zaw' />
  </node>
  <node id='-182257403' action='modify' lat='50.6281506262' lon='18.4408567888' />
  <node id='-182257404' action='modify' lat='50.66206216051' lon='18.34008058429' />
  <node id='-182257405' action='modify' lat='50.66567794638' lon='18.3022895076' />
  <node id='-182257406' action='modify' lat='50.67034792439' lon='18.19414523153' />
  <node id='-182257407' action='modify' lat='50.65062531857' lon='18.38715191337'>
    <tag k='name' v='kol' />
  </node>
  <node id='-182257408' action='modify' lat='50.36722907784' lon='18.18210104145'>
    <tag k='name' v='klo.yz' />
  </node>
  <node id='-182257409' action='modify' lat='50.41530790353' lon='18.18166716467' />
  <node id='-182257410' action='modify' lat='50.42348570418' lon='18.19664098751' />
  <node id='-182257411' action='modify' lat='50.41682241758' lon='18.26984634362' />
  <node id='-182257412' action='modify' lat='50.42242569856' lon='18.29171287856' />
  <node id='-182257413' action='modify' lat='50.44362130351' lon='18.31571853105' />
  <node id='-182257414' action='modify' lat='50.45860389681' lon='18.32463152083' />
  <node id='-182257415' action='modify' lat='50.50882859082' lon='18.33367388571'>
    <tag k='name' v='str.yk' />
  </node>
  <node id='-182257416' action='modify' lat='50.53352132215' lon='18.27923457402' />
  <node id='-182257417' action='modify' lat='50.55814021367' lon='18.27614473756'>
    <tag k='name' v='roz' />
  </node>
  <node id='-182257418' action='modify' lat='50.61714295854' lon='18.2868403253' />
  <node id='-182257419' action='modify' lat='50.63885424227' lon='18.3229676439' />
  <node id='-182257420' action='modify' lat='50.6421703611' lon='18.35624280576' />
  <node id='-182257421' action='modify' lat='50.69549755689' lon='18.36337319759' />
  <node id='-182257422' action='modify' lat='50.66042543208' lon='18.35090824589'>
    <tag k='name' v='fos.yk' />
  </node>
  <node id='-182257423' action='modify' lat='50.7313162574' lon='18.3574312044' />
  <node id='-182257424' action='modify' lat='50.80512467825' lon='18.29991271032' />
  <node id='-182257425' action='modify' lat='50.8389083734' lon='18.28089833211' />
  <node id='-182257426' action='modify' lat='50.90535328817' lon='18.25118836616' />
  <node id='-182257427' action='modify' lat='50.92738067289' lon='18.23811598114' />
  <node id='-182257428' action='modify' lat='50.10624853537' lon='18.07292868929'>
    <tag k='name' v='pie.x' />
  </node>
  <node id='-182257429' action='modify' lat='50.1249187569' lon='18.0223029073' />
  <node id='-182257430' action='modify' lat='50.1463233951' lon='17.98760166707'>
    <tag k='name' v='bab.yo' />
  </node>
  <node id='-182257431' action='modify' lat='50.15949657744' lon='17.97334088342'>
    <tag k='name' v='bab.yk' />
  </node>
  <node id='-182257432' action='modify' lat='50.16497798848' lon='17.87208931945' />
  <node id='-182257433' action='modify' lat='50.17982032041' lon='17.84166631432' />
  <node id='-182257434' action='modify' lat='50.15591809503' lon='17.92925129394' />
  <node id='-182257435' action='modify' lat='50.19625567589' lon='17.79828976402'>
    <tag k='name' v='glu.yr' />
  </node>
  <node id='-182257436' action='modify' lat='50.18765825561' lon='17.76905515753' />
  <node id='-182257437' action='modify' lat='50.16741396941' lon='17.72936264302' />
  <node id='-182257438' action='modify' lat='50.09668818337' lon='17.68335325241' />
  <node id='-182257439' action='modify' lat='50.11694584857' lon='17.69652839184'>
    <tag k='name' v='pig' />
  </node>
  <node id='-182257440' action='modify' lat='50.14289625' lon='17.69834543857' />
  <node id='-182257441' action='modify' lat='51.24972949266' lon='17.60298004011'>
    <tag k='name' v='jem.x' />
  </node>
  <node id='-182257442' action='modify' lat='51.23600971338' lon='17.57106746907' />
  <node id='-182257443' action='modify' lat='51.22231651185' lon='17.52436375911' />
  <node id='-182257444' action='modify' lat='50.34484746607' lon='18.12146762611'>
    <tag k='name' v='kkz.yb' />
  </node>
  <node id='-182257445' action='modify' lat='50.33405908576' lon='18.12105883413' />
  <node id='-182257446' action='modify' lat='50.31015821172' lon='18.1293776246' />
  <node id='-182257447' action='modify' lat='50.28055000021' lon='18.16277162633' />
  <node id='-182257448' action='modify' lat='50.26140873999' lon='18.16681218169' />
  <node id='-182257449' action='modify' lat='50.20416697799' lon='18.12319795168' />
  <node id='-182257450' action='modify' lat='50.19739680999' lon='18.10216329578' />
  <node id='-182257451' action='modify' lat='50.2190731759' lon='18.08398079662' />
  <node id='-182257452' action='modify' lat='50.22462378401' lon='18.06080702318' />
  <node id='-182257453' action='modify' lat='50.21686796053' lon='18.02765070118' />
  <node id='-182257454' action='modify' lat='50.17137217362' lon='17.96989452737' />
  <node id='-182257455' action='modify' lat='50.22352095087' lon='18.13793847134'>
    <tag k='name' v='pol' />
  </node>
  <node id='-182257456' action='modify' lat='51.14327905581' lon='17.00479599338' />
  <node id='-182257457' action='modify' lat='51.05454552334' lon='16.819405687' />
  <node id='-182257458' action='modify' lat='51.10233198999' lon='16.99566426808'>
    <tag k='name' v='wrs.yg' />
  </node>
  <node id='-182257459' action='modify' lat='51.16374042289' lon='16.99950767886' />
  <node id='-182257460' action='modify' lat='51.24895442525' lon='16.92558928358' />
  <node id='-182257461' action='modify' lat='51.34277132374' lon='16.86414907399' />
  <node id='-182257462' action='modify' lat='51.3877353534' lon='16.84875931163' />
  <node id='-182257463' action='modify' lat='51.39822802298' lon='16.85036364979' />
  <node id='-182257464' action='modify' lat='51.45565403046' lon='16.89581989769' />
  <node id='-182257465' action='modify' lat='51.50635125033' lon='16.8942748012' />
  <node id='-182257466' action='modify' lat='51.59365944166' lon='16.84903717831'>
    <tag k='name' v='rax' />
  </node>
  <node id='-182257467' action='modify' lat='51.30441350114' lon='16.90615843106' />
  <node id='-182257468' action='modify' lat='51.05125851469' lon='18.20733657525' />
  <node id='-182257469' action='modify' lat='51.13037893918' lon='18.19842346663' />
  <node id='-182257470' action='modify' lat='51.17733917949' lon='18.13567601854' />
  <node id='-182257471' action='modify' lat='51.27052151932' lon='18.02063903037' />
  <node id='-182257472' action='modify' lat='51.18266405579' lon='18.12910853408'>
    <tag k='name' v='kox' />
  </node>
  <node id='-182257473' action='modify' lat='51.21041356559' lon='16.85709003361' />
  <node id='-182257474' action='modify' lat='51.14249616169' lon='16.93426459363' />
  <node id='-182257475' action='modify' lat='51.13272797445' lon='16.94614858002' />
  <node id='-182257476' action='modify' lat='51.10048689908' lon='16.98885533959'>
    <tag k='name' v='gra.ys' />
  </node>
  <node id='-182257477' action='modify' lat='51.2190414259' lon='16.83901438337' />
  <node id='-182257478' action='modify' lat='51.24359840765' lon='16.75903503619' />
  <node id='-182257479' action='modify' lat='51.28628132543' lon='16.68392824226' />
  <node id='-182257480' action='modify' lat='51.34614898021' lon='16.62070543472' />
  <node id='-182257481' action='modify' lat='51.38732749961' lon='16.53787416848' />
  <node id='-182257482' action='modify' lat='51.40801410532' lon='16.45730074083' />
  <node id='-182257483' action='modify' lat='51.40693922546' lon='16.42491687793' />
  <node id='-182257484' action='modify' lat='51.44995181863' lon='16.37304315854' />
  <node id='-182257485' action='modify' lat='51.47453337276' lon='16.32883472921' />
  <node id='-182257486' action='modify' lat='51.49214686797' lon='16.27618878838' />
  <node id='-182257487' action='modify' lat='51.4782341929' lon='16.23209919891' />
  <node id='-182257488' action='modify' lat='51.51226833168' lon='16.27892210525'>
    <tag k='name' v='rud.yp' />
  </node>
  <node id='-182257489' action='modify' lat='51.50642496891' lon='16.27088053696'>
    <tag k='name' v='rud.yl' />
  </node>
  <node id='-182257490' action='modify' lat='51.52698392228' lon='16.2823684613' />
  <node id='-182257491' action='modify' lat='51.54139910998' lon='16.27571342893' />
  <node id='-182257492' action='modify' lat='51.56593138944' lon='16.2242557679' />
  <node id='-182257493' action='modify' lat='51.57265328844' lon='16.2117775822' />
  <node id='-182257494' action='modify' lat='51.60742877275' lon='16.16721263327' />
  <node id='-182257495' action='modify' lat='51.63428585989' lon='16.14819825506' />
  <node id='-182257496' action='modify' lat='51.63968397226' lon='16.13874100606'>
    <tag k='name' v='glx' />
  </node>
  <node id='-182257497' action='modify' lat='51.6680559518' lon='16.0890160623' />
  <node id='-182257498' action='modify' lat='51.1086974163' lon='17.01915665087'>
    <tag k='name' v='wrs' />
  </node>
  <node id='-182257499' action='modify' lat='51.04565524862' lon='16.77495969678' />
  <node id='-182257500' action='modify' lat='51.02966353608' lon='16.7243339148' />
  <node id='-182257501' action='modify' lat='50.98098198691' lon='16.64471108721' />
  <node id='-182257502' action='modify' lat='50.94430620082' lon='16.50899596274' />
  <node id='-182257503' action='modify' lat='50.88571458032' lon='16.38825477995' />
  <node id='-182257504' action='modify' lat='50.81518726762' lon='16.30245227944' />
  <node id='-182257505' action='modify' lat='50.77883156986' lon='16.27702054859' />
  <node id='-182257506' action='modify' lat='50.83395496103' lon='16.34214479395' />
  <node id='-182257507' action='modify' lat='50.85946691816' lon='16.33216224539' />
  <node id='-182257508' action='modify' lat='50.7669571887' lon='16.25455993317' />
  <node id='-182257509' action='modify' lat='50.75342582486' lon='16.28403221939' />
  <node id='-182257510' action='modify' lat='50.74334993552' lon='16.28034818361'>
    <tag k='name' v='wal.yk' />
  </node>
  <node id='-182257511' action='modify' lat='50.74771140754' lon='16.2212847713'>
    <tag k='name' v='bow' />
  </node>
  <node id='-182257512' action='modify' lat='50.74778660177' lon='16.26121496554' />
  <node id='-182257513' action='modify' lat='50.74951603574' lon='16.22841516313'>
    <tag k='name' v='bow.ys' />
  </node>
  <node id='-182257514' action='modify' lat='50.74786179588' lon='16.20797470655' />
  <node id='-182257515' action='modify' lat='50.75710975039' lon='16.18004733856' />
  <node id='-182257516' action='modify' lat='50.76838527103' lon='16.15782428403' />
  <node id='-182257517' action='modify' lat='50.77883149472' lon='16.13916642541' />
  <node id='-182257518' action='modify' lat='50.79047741022' lon='16.12894619712' />
  <node id='-182257519' action='modify' lat='50.80835387922' lon='16.12181580529' />
  <node id='-182257520' action='modify' lat='50.81331000825' lon='16.11266513578' />
  <node id='-182257521' action='modify' lat='50.80902974596' lon='16.08735224479' />
  <node id='-182257522' action='modify' lat='50.81710180524' lon='16.05467134166' />
  <node id='-182257523' action='modify' lat='50.83155311729' lon='16.03173506969' />
  <node id='-182257524' action='modify' lat='50.8626174271' lon='15.9896657579' />
  <node id='-182257525' action='modify' lat='50.88541476465' lon='15.94165445292' />
  <node id='-182257526' action='modify' lat='50.87791687122' lon='15.89601994522' />
  <node id='-182257527' action='modify' lat='50.88256570728' lon='15.83588697413' />
  <node id='-182257528' action='modify' lat='50.90250537535' lon='15.75697742341'>
    <tag k='name' v='jel' />
  </node>
  <node id='-182257529' action='modify' lat='50.91539416126' lon='15.73606166679'>
    <tag k='name' v='jel.yz' />
  </node>
  <node id='-182257530' action='modify' lat='50.91056127071' lon='15.72197914293' />
  <node id='-182257531' action='modify' lat='50.90141861698' lon='15.7179980075'>
    <tag k='name' v='deb.y' />
  </node>
  <node id='-182257532' action='modify' lat='50.89291133911' lon='15.69613147256' />
  <node id='-182257533' action='modify' lat='50.90070665114' lon='15.67438371806' />
  <node id='-182257534' action='modify' lat='50.90782619427' lon='15.65774613713' />
  <node id='-182257535' action='modify' lat='50.9110483664' lon='15.63623612178' />
  <node id='-182257536' action='modify' lat='50.91277176225' lon='15.58941321544' />
  <node id='-182257537' action='modify' lat='50.91449509429' lon='15.56243656635' />
  <node id='-182257538' action='modify' lat='50.91966470755' lon='15.51573249988' />
  <node id='-182257539' action='modify' lat='50.94048718661' lon='15.49814420003' />
  <node id='-182257540' action='modify' lat='50.94318294105' lon='15.46712699558' />
  <node id='-182257541' action='modify' lat='50.94947242692' lon='15.45512416933' />
  <node id='-182257542' action='modify' lat='50.9668389674' lon='15.47009799217' />
  <node id='-182257543' action='modify' lat='50.97537014791' lon='15.46332411994' />
  <node id='-182257544' action='modify' lat='50.98808917312' lon='15.45048941465' />
  <node id='-182257545' action='modify' lat='51.00611429094' lon='15.45833284566' />
  <node id='-182257546' action='modify' lat='51.01837634279' lon='15.4342083533'>
    <tag k='name' v='gry.yp' />
  </node>
  <node id='-182257547' action='modify' lat='51.03945351064' lon='15.42707796148'>
    <tag k='name' v='gry.yl' />
  </node>
  <node id='-182257548' action='modify' lat='51.05753336795' lon='15.42018524938' />
  <node id='-182257549' action='modify' lat='51.07022987418' lon='15.37823477745' />
  <node id='-182257550' action='modify' lat='51.08314686155' lon='15.33521474675' />
  <node id='-182257551' action='modify' lat='51.08993989903' lon='15.31917136514' />
  <node id='-182257552' action='modify' lat='51.10538847747' lon='15.2959975917'>
    <tag k='name' v='lub.yl' />
  </node>
  <node id='-182257553' action='modify' lat='51.11754966768' lon='15.2917193566'>
    <tag k='name' v='lub.yw' />
  </node>
  <node id='-182257554' action='modify' lat='51.10576164231' lon='15.25428468066' />
  <node id='-182257555' action='modify' lat='51.09889630013' lon='15.22528775389' />
  <node id='-182257556' action='modify' lat='51.09202993834' lon='15.17917788673' />
  <node id='-182257557' action='modify' lat='51.09202993834' lon='15.13877233304' />
  <node id='-182257558' action='modify' lat='51.09598568431' lon='15.09913923845'>
    <tag k='name' v='mik.yb' />
  </node>
  <node id='-182257559' action='modify' lat='51.10979082483' lon='15.08529439432' />
  <node id='-182257560' action='modify' lat='51.13112471312' lon='15.05392067028' />
  <node id='-182257561' action='modify' lat='51.14573945115' lon='15.01653364913'>
    <tag k='name' v='zgo' />
  </node>
  <node id='-182257562' action='modify' lat='51.14167723833' lon='14.99402816636' />
  <node id='-182257563' action='modify' lat='51.14287987208' lon='14.99065946112'>
    <tag k='name' v='zgg' />
  </node>
  <node id='-182257564' action='modify' lat='51.14424686922' lon='15.01465934213' />
  <node id='-182257565' action='modify' lat='51.12985677839' lon='16.89391845987' />
  <node id='-182257566' action='modify' lat='51.10919381915' lon='17.01757133816' />
  <node id='-182257567' action='modify' lat='51.11783225697' lon='16.96588325782'>
    <tag k='name' v='wmu.yn' />
  </node>
  <node id='-182257568' action='modify' lat='51.14111684746' lon='16.86813015001' />
  <node id='-182257569' action='modify' lat='51.16899411061' lon='16.8336665895' />
  <node id='-182257570' action='modify' lat='51.1870234399' lon='16.78613052514' />
  <node id='-182257571' action='modify' lat='51.18925798031' lon='16.6051968325'>
    <tag k='name' v='sro.yr' />
  </node>
  <node id='-182257572' action='modify' lat='51.21546849476' lon='16.49806269527'>
    <tag k='name' v='mal.ym' />
  </node>
  <node id='-182257573' action='modify' lat='51.30530482889' lon='15.94450660965' />
  <node id='-182257574' action='modify' lat='51.45519619613' lon='15.63988883937'>
    <tag k='name' v='lex' />
  </node>
  <node id='-182257575' action='modify' lat='51.21281407718' lon='16.15434674097'>
    <tag k='name' v='leg.yg' />
  </node>
  <node id='-182257576' action='modify' lat='51.25631812159' lon='16.01058169277' />
  <node id='-182257577' action='modify' lat='51.25771963755' lon='16.05251913573'>
    <tag k='name' v='mil.yj' />
  </node>
  <node id='-182257578' action='modify' lat='50.89531013654' lon='17.02690008921' />
  <node id='-182257579' action='modify' lat='50.85946691816' lon='17.0328420824' />
  <node id='-182257580' action='modify' lat='50.80902982105' lon='17.05708541462' />
  <node id='-182257581' action='modify' lat='50.71942989157' lon='17.03046528513' />
  <node id='-182257582' action='modify' lat='50.62302408786' lon='17.03236672295' />
  <node id='-182257583' action='modify' lat='50.55814021367' lon='16.93967162918' />
  <node id='-182257584' action='modify' lat='50.508209603' lon='16.75582600335' />
  <node id='-182257585' action='modify' lat='50.7834111403' lon='17.06061033473'>
    <tag k='name' v='str' />
  </node>
  <node id='-182257586' action='modify' lat='50.43113248745' lon='16.6568323968' />
  <node id='-182257587' action='modify' lat='50.30105025897' lon='16.65540631843' />
  <node id='-182257588' action='modify' lat='50.23686355716' lon='16.63758033886' />
  <node id='-182257589' action='modify' lat='50.18362560834' lon='16.66669610549' />
  <node id='-182257590' action='modify' lat='50.10522164802' lon='16.68960562706' />
  <node id='-182257591' action='modify' lat='50.11694593112' lon='16.67020780563' />
  <node id='-182257592' action='modify' lat='50.09784437162' lon='16.68582907677' />
  <node id='-182257593' action='modify' lat='50.09847764021' lon='16.69123389899'>
    <tag k='name' v='mig' />
  </node>
  <node id='-182257594' action='modify' lat='50.09755430398' lon='16.65385348463' />
  <node id='-182257595' action='modify' lat='50.14411481861' lon='16.65433723502' />
  <node id='-182257596' action='modify' lat='50.67528091264' lon='17.93311364894' />
  <node id='-182257597' action='modify' lat='50.65873335486' lon='17.96418765871'>
    <tag k='name' v='opw.yg' />
  </node>
  <node id='-182257598' action='modify' lat='50.68480673235' lon='17.92271516085' />
  <node id='-182257599' action='modify' lat='50.74838815127' lon='17.87803131264' />
  <node id='-182257600' action='modify' lat='50.79430865785' lon='17.81433314564' />
  <node id='-182257601' action='modify' lat='50.87889159061' lon='17.69573096156' />
  <node id='-182257602' action='modify' lat='50.96541702647' lon='17.59495463821' />
  <node id='-182257603' action='modify' lat='51.01919875623' lon='17.4347585018' />
  <node id='-182257604' action='modify' lat='51.04259191797' lon='17.321147592' />
  <node id='-182257605' action='modify' lat='51.05095976565' lon='17.24176256298'>
    <tag k='name' v='cze' />
  </node>
  <node id='-182257606' action='modify' lat='51.03496988426' lon='17.20278308765' />
  <node id='-182257607' action='modify' lat='51.03885578361' lon='17.1550094624' />
  <node id='-182257608' action='modify' lat='51.2636806015' lon='15.16254042464' />
  <node id='-182257609' action='modify' lat='51.29111218419' lon='15.20639233438'>
    <tag k='name' v='weg.yz' />
  </node>
  <node id='-182257610' action='modify' lat='51.25616937247' lon='15.13722753365' />
  <node id='-182257611' action='modify' lat='51.24999585957' lon='15.06485405659' />
  <node id='-182257612' action='modify' lat='51.23697670034' lon='15.04179912301' />
  <node id='-182257613' action='modify' lat='51.20984781918' lon='15.02652820051'>
    <tag k='name' v='las.yp' />
  </node>
  <node id='-182257614' action='modify' lat='51.17048439894' lon='15.01791231039' />
  <node id='-182257615' action='modify' lat='51.15610110649' lon='15.0201702678' />
  <node id='-182257616' action='modify' lat='51.15274691884' lon='15.30633654101' />
  <node id='-182257617' action='modify' lat='51.19372673608' lon='15.29944382891' />
  <node id='-182257618' action='modify' lat='51.28761917317' lon='15.23812245918'>
    <tag k='name' v='weg.yl' />
  </node>
  <node id='-182257619' action='modify' lat='51.25207865746' lon='17.36464298215' />
  <node id='-182257620' action='modify' lat='51.27513107861' lon='17.3667820997' />
  <node id='-182257621' action='modify' lat='51.31600208566' lon='17.39886886293' />
  <node id='-182257622' action='modify' lat='51.34266008322' lon='17.40302825816'>
    <tag k='name' v='gra' />
  </node>
  <node id='-182257623' action='modify' lat='51.37212177527' lon='17.3753385699' />
  <node id='-182257624' action='modify' lat='51.47246074087' lon='17.37201105371' />
  <node id='-182257625' action='modify' lat='51.52498768734' lon='17.29690425978' />
  <node id='-182257626' action='modify' lat='51.53223313149' lon='17.2919129855' />
  <node id='-182257627' action='modify' lat='51.55928245376' lon='17.29286370441' />
  <node id='-182257628' action='modify' lat='51.6189329682' lon='17.34285795359'>
    <tag k='name' v='cix' />
  </node>
  <node id='-182257629' action='modify' lat='51.23329579716' lon='17.36903154898'>
    <tag k='name' v='dab' />
  </node>
  <node id='-182257630' action='modify' lat='51.27617180849' lon='15.92786914756'>
    <tag k='name' v='cho.yr' />
  </node>
  <node id='-182257631' action='modify' lat='51.25988795609' lon='15.83719433148' />
  <node id='-182257632' action='modify' lat='51.26382932632' lon='15.80249309124' />
  <node id='-182257633' action='modify' lat='51.28434873557' lon='15.71217479475' />
  <node id='-182257634' action='modify' lat='51.286355577' lon='15.68329670784' />
  <node id='-182257635' action='modify' lat='51.28234180644' lon='15.61603334493' />
  <node id='-182257636' action='modify' lat='51.26866262087' lon='15.58204514388'>
    <tag k='name' v='bol.ym' />
  </node>
  <node id='-182257637' action='modify' lat='51.27342106041' lon='15.50670067023' />
  <node id='-182257638' action='modify' lat='51.25713623315' lon='15.43242575535' />
  <node id='-182257639' action='modify' lat='51.25371494251' lon='15.40711286436' />
  <node id='-182257640' action='modify' lat='51.25535124371' lon='15.36563775189' />
  <node id='-182257641' action='modify' lat='51.26018542978' lon='15.33378866839' />
  <node id='-182257642' action='modify' lat='51.33694365668' lon='15.17323589354' />
  <node id='-182257643' action='modify' lat='51.35564931053' lon='15.17085909627' />
  <node id='-182257644' action='modify' lat='51.53267669265' lon='15.19129955284' />
  <node id='-182257645' action='modify' lat='51.46436238773' lon='15.18340225291'>
    <tag k='name' v='okx' />
  </node>
  <node id='-182257646' action='modify' lat='50.92078846052' lon='15.73736884588' />
  <node id='-182257647' action='modify' lat='50.93254877972' lon='15.72643557841' />
  <node id='-182257648' action='modify' lat='50.95800679669' lon='15.66558956814' />
  <node id='-182257649' action='modify' lat='50.98292724018' lon='15.64716927041' />
  <node id='-182257650' action='modify' lat='51.02345973214' lon='15.67022420399' />
  <node id='-182257651' action='modify' lat='51.04856910628' lon='15.66879812562' />
  <node id='-182257652' action='modify' lat='51.10397078177' lon='15.59654348842'>
    <tag k='name' v='lwo.yg' />
  </node>
  <node id='-182257653' action='modify' lat='51.11501331645' lon='15.58893773714'>
    <tag k='name' v='lwo.yl' />
  </node>
  <node id='-182257654' action='modify' lat='51.10286638443' lon='15.61222512239' />
  <node id='-182257655' action='modify' lat='51.08411743121' lon='15.6419403164' />
  <node id='-182257656' action='modify' lat='51.12694814934' lon='15.55554385425'>
    <tag k='name' v='rzw.y' />
  </node>
  <node id='-182257657' action='modify' lat='51.12396471153' lon='15.54163959019' />
  <node id='-182257658' action='modify' lat='51.13157217171' lon='15.51264254458' />
  <node id='-182257659' action='modify' lat='51.17078252534' lon='15.42303728727' />
  <node id='-182257660' action='modify' lat='51.20042905721' lon='15.38738532812' />
  <node id='-182257661' action='modify' lat='51.23719999138' lon='15.38619692949' />
  <node id='-182257662' action='modify' lat='51.25399515071' lon='15.40001056855'>
    <tag k='name' v='zeb.yj' />
  </node>
  <node id='-182257663' action='modify' lat='51.25014470305' lon='15.40307219015' />
  <node id='-182257664' action='modify' lat='51.25473392938' lon='15.38128491089'>
    <tag k='name' v='zeb.yz' />
  </node>
  <node id='-182257665' action='modify' lat='51.2636806015' lon='15.38239417268' />
  <node id='-182257666' action='modify' lat='51.27171105293' lon='15.39035644356' />
  <node id='-182257667' action='modify' lat='51.28040912514' lon='15.40711286436' />
  <node id='-182257668' action='modify' lat='51.29936075653' lon='15.41543165482' />
  <node id='-182257669' action='modify' lat='51.33152345478' lon='15.42006640951'>
    <tag k='name' v='osi' />
  </node>
  <node id='-182257670' action='modify' lat='51.37568261029' lon='15.40925186306' />
  <node id='-182257671' action='modify' lat='51.46594614187' lon='15.37787813902' />
  <node id='-182257672' action='modify' lat='51.50161697275' lon='15.35933912027'>
    <tag k='name' v='lox' />
  </node>
  <node id='-182257673' action='modify' lat='51.53445089408' lon='15.37407526338' />
  <node id='-182257674' action='modify' lat='50.95869620702' lon='15.25419164024' />
  <node id='-182257675' action='modify' lat='50.95777806631' lon='15.28799039841'>
    <tag k='name' v='pog' />
  </node>
  <node id='-182257676' action='modify' lat='50.97712597918' lon='15.38679329876' />
  <node id='-182257677' action='modify' lat='50.9973643821' lon='15.41257949809' />
  <node id='-182257678' action='modify' lat='50.96749990133' lon='15.37041797859'>
    <tag k='name' v='mir.yp' />
  </node>
  <node id='-182257679' action='modify' lat='50.95905476914' lon='15.36872758835' />
  <node id='-182257680' action='modify' lat='50.96258874212' lon='15.36206470932' />
  <node id='-182257681' action='modify' lat='50.95635993509' lon='15.34472193586' />
  <node id='-182257682' action='modify' lat='50.95321576451' lon='15.31334821181' />
  <node id='-182257683' action='modify' lat='51.19551411705' lon='16.12038960809' />
  <node id='-182257684' action='modify' lat='51.18359693419' lon='16.09139268132' />
  <node id='-182257685' action='modify' lat='51.16869612168' lon='16.03839010206' />
  <node id='-182257686' action='modify' lat='51.11650534851' lon='15.89126635067' />
  <node id='-182257687' action='modify' lat='51.1102384901' lon='15.88912723312'>
    <tag k='name' v='jer.ym' />
  </node>
  <node id='-182257688' action='modify' lat='51.10829857596' lon='15.87106357382' />
  <node id='-182257689' action='modify' lat='51.1388800482' lon='15.96589778514' />
  <node id='-182257690' action='modify' lat='51.13231792638' lon='15.92050095716'>
    <tag k='name' v='zlo.yr' />
  </node>
  <node id='-182257691' action='modify' lat='51.11277517803' lon='15.84111592814' />
  <node id='-182257692' action='modify' lat='51.14074411724' lon='15.74200348173'>
    <tag k='name' v='nwi.yb' />
  </node>
  <node id='-182257693' action='modify' lat='51.13694133654' lon='15.68543570655' />
  <node id='-182257694' action='modify' lat='51.12023521787' lon='15.63671136239' />
  <node id='-182257695' action='modify' lat='51.119638459' lon='15.60082172352' />
  <node id='-182257696' action='modify' lat='51.07590490763' lon='15.60438691944' />
  <node id='-182257697' action='modify' lat='51.04931620059' lon='15.58656093987' />
  <node id='-182257698' action='modify' lat='51.02256271712' lon='15.53236996197' />
  <node id='-182257699' action='modify' lat='51.03048574929' lon='15.492202088' />
  <node id='-182257700' action='modify' lat='51.03825797415' lon='15.46677035715' />
  <node id='-182257701' action='modify' lat='51.04109750038' lon='15.44585454112' />
  <node id='-182257702' action='modify' lat='50.78040949832' lon='16.45658770164' />
  <node id='-182257703' action='modify' lat='50.75440322112' lon='16.40394164197' />
  <node id='-182257704' action='modify' lat='50.72830726071' lon='16.40429816157'>
    <tag k='name' v='jug.yw' />
  </node>
  <node id='-182257705' action='modify' lat='50.72018220736' lon='16.35652453631' />
  <node id='-182257706' action='modify' lat='50.71250725213' lon='16.34131303375' />
  <node id='-182257707' action='modify' lat='50.73018785927' lon='16.32075373731' />
  <node id='-182257708' action='modify' lat='50.72122131925' lon='16.33118114476'>
    <tag k='name' v='jed.ys' />
  </node>
  <node id='-182257709' action='modify' lat='50.68691499047' lon='16.35509845795'>
    <tag k='name' v='glu' />
  </node>
  <node id='-182257710' action='modify' lat='51.06171620579' lon='17.0009929989' />
  <node id='-182257711' action='modify' lat='51.05066093998' lon='16.98316701933' />
  <node id='-182257712' action='modify' lat='50.97080548774' lon='16.92564852525'>
    <tag k='name' v='kob.yp' />
  </node>
  <node id='-182257713' action='modify' lat='50.94041237719' lon='16.78185229004' />
  <node id='-182257714' action='modify' lat='50.90580293086' lon='16.74429889308' />
  <node id='-182257715' action='modify' lat='50.90775133232' lon='16.64803860339' />
  <node id='-182257716' action='modify' lat='50.8567663125' lon='16.53823056924' />
  <node id='-182257717' action='modify' lat='50.83763243215' lon='16.51065989909' />
  <node id='-182257718' action='modify' lat='50.44779537109' lon='16.6582629208' />
  <node id='-182257719' action='modify' lat='50.45481134222' lon='16.65577319201'>
    <tag k='name' v='klo.yw' />
  </node>
  <node id='-182257720' action='modify' lat='50.4707160479' lon='16.66569526265' />
  <node id='-182257721' action='modify' lat='50.48522790428' lon='16.58398403564' />
  <node id='-182257722' action='modify' lat='50.51100569091' lon='16.53110017741' />
  <node id='-182257723' action='modify' lat='50.54016817904' lon='16.4845149508' />
  <node id='-182257724' action='modify' lat='50.56901072355' lon='16.47643384006' />
  <node id='-182257725' action='modify' lat='50.57852036277' lon='16.50400468846'>
    <tag k='name' v='nru' />
  </node>
  <node id='-182257726' action='modify' lat='50.59798649159' lon='16.52301906667' />
  <node id='-182257727' action='modify' lat='50.61819860001' lon='16.48903086562'>
    <tag k='name' v='lud' />
  </node>
  <node id='-182257728' action='modify' lat='50.63599013314' lon='16.42105446352' />
  <node id='-182257729' action='modify' lat='50.66522598838' lon='16.3941966543' />
  <node id='-182257730' action='modify' lat='50.64608910897' lon='17.86876168443' />
  <node id='-182257731' action='modify' lat='50.63056292142' lon='17.82146341863' />
  <node id='-182257732' action='modify' lat='50.60945114124' lon='17.74160303015' />
  <node id='-182257733' action='modify' lat='50.60673608191' lon='17.69691924136'>
    <tag k='name' v='szy.yl' />
  </node>
  <node id='-182257734' action='modify' lat='50.46775766613' lon='17.40932677095' />
  <node id='-182257735' action='modify' lat='50.50601755442' lon='17.50748849845' />
  <node id='-182257736' action='modify' lat='50.56372676112' lon='17.60137199086' />
  <node id='-182257737' action='modify' lat='50.51433082248' lon='17.31615631772' />
  <node id='-182257738' action='modify' lat='50.54062133972' lon='17.35109523768' />
  <node id='-182257739' action='modify' lat='50.56901072355' lon='17.36583138079' />
  <node id='-182257740' action='modify' lat='50.60326661142' lon='17.37676464826' />
  <node id='-182257741' action='modify' lat='50.71845176518' lon='17.39708626497' />
  <node id='-182257742' action='modify' lat='50.74590678497' lon='17.44212657336' />
  <node id='-182257743' action='modify' lat='50.77221840426' lon='17.46779598394' />
  <node id='-182257744' action='modify' lat='50.83399280003' lon='17.49457408962'>
    <tag k='name' v='brz.yn' />
  </node>
  <node id='-182257745' action='modify' lat='51.28977443822' lon='16.17969081897' />
  <node id='-182257746' action='modify' lat='51.230577363' lon='16.15901268267' />
  <node id='-182257747' action='modify' lat='51.22224200793' lon='16.14724753615' />
  <node id='-182257748' action='modify' lat='51.2154373368' lon='16.14840098398'>
    <tag k='name' v='leg.yr' />
  </node>
  <node id='-182257749' action='modify' lat='51.30515616402' lon='16.18159225679' />
  <node id='-182257750' action='modify' lat='51.35186418452' lon='16.18052269802' />
  <node id='-182257751' action='modify' lat='51.38673419731' lon='16.18919800807'>
    <tag k='name' v='lub.yc' />
  </node>
  <node id='-182257752' action='modify' lat='51.42491234252' lon='16.20726166737' />
  <node id='-182257753' action='modify' lat='51.45269191071' lon='16.23447599618' />
  <node id='-182257754' action='modify' lat='51.06316395201' lon='14.96736229495'>
    <tag k='name' v='rag' />
  </node>
  <node id='-182257755' action='modify' lat='51.06047041481' lon='14.98557688388'>
    <tag k='name' v='rad.yh' />
  </node>
  <node id='-182257756' action='modify' lat='51.05963109862' lon='14.99125240088' />
  <node id='-182257757' action='modify' lat='51.04263617049' lon='14.95600153224'>
    <tag k='name' v='rec.y' />
  </node>
  <node id='-182257758' action='modify' lat='51.04673932531' lon='14.95621447481'>
    <tag k='name' v='hgr' />
  </node>
  <node id='-182257759' action='modify' lat='51.06467472355' lon='14.95714549466'>
    <tag k='name' v='hag.yz' />
  </node>
  <node id='-182257760' action='modify' lat='50.98936095881' lon='14.92771273492' />
  <node id='-182257761' action='modify' lat='50.96390054415' lon='14.90211810709'>
    <tag k='name' v='krg' />
  </node>
  <node id='-182257762' action='modify' lat='50.94851106771' lon='14.89374182396'>
    <tag k='name' v='hig' />
  </node>
  <node id='-182257763' action='modify' lat='51.0481954799' lon='15.01814999011'>
    <tag k='name' v='wil.yw' />
  </node>
  <node id='-182257764' action='modify' lat='51.08016059536' lon='15.0658047755' />
  <node id='-182257765' action='modify' lat='51.059326027' lon='15.03585712982' />
  <node id='-182257766' action='modify' lat='50.62986450256' lon='16.23109808922' />
  <node id='-182257767' action='modify' lat='50.63628854754' lon='16.22036925316'>
    <tag k='name' v='mig' />
  </node>
  <node id='-182257768' action='modify' lat='50.67057380397' lon='16.19335740331' />
  <node id='-182257769' action='modify' lat='50.69730412177' lon='16.21676885648' />
  <node id='-182257770' action='modify' lat='50.72499722386' lon='16.22378040844' />
  <node id='-182257771' action='modify' lat='50.81051538057' lon='16.29918306809'>
    <tag k='name' v='was.ym' />
  </node>
  <node id='-182257772' action='modify' lat='50.81826561143' lon='16.2741685107'>
    <tag k='name' v='wsg' />
  </node>
  <node id='-182257773' action='modify' lat='50.80114402553' lon='16.2156992977' />
  <node id='-182257774' action='modify' lat='50.77011394395' lon='16.23079196041' />
  <node id='-182257775' action='modify' lat='50.79182965112' lon='16.24457738461' />
  <node id='-182257776' action='modify' lat='50.81563770553' lon='16.24944981902' />
  <node id='-182257777' action='modify' lat='51.07366487546' lon='17.27622612348' />
  <node id='-182257778' action='modify' lat='51.04517556799' lon='17.29663826373'>
    <tag k='name' v='jel.yw' />
  </node>
  <node id='-182257779' action='modify' lat='51.079190092' lon='17.25935086282' />
  <node id='-182257780' action='modify' lat='51.08366951296' lon='17.19256285936' />
  <node id='-182257781' action='modify' lat='51.11978764944' lon='17.1162676668' />
  <node id='-182257782' action='modify' lat='51.14446610771' lon='17.09288593597'>
    <tag k='name' v='wso.yj' />
  </node>
  <node id='-182257783' action='modify' lat='51.14931779091' lon='17.05708553346' />
  <node id='-182257784' action='modify' lat='51.154312197' lon='17.03343640056' />
  <node id='-182257785' action='modify' lat='51.15784360738' lon='17.00362718446'>
    <tag k='name' v='wos.ys' />
  </node>
  <node id='-182257786' action='modify' lat='51.1035230558' lon='17.15714857995' />
  <node id='-182257787' action='modify' lat='50.79746364228' lon='18.04654612068'>
    <tag k='name' v='jel.yk' />
  </node>
  <node id='-182257788' action='modify' lat='50.82734959334' lon='18.07982128255' />
  <node id='-182257789' action='modify' lat='50.85226495551' lon='18.09479510539' />
  <node id='-182257790' action='modify' lat='50.8938109729' lon='18.1052530134' />
  <node id='-182257791' action='modify' lat='50.92872894957' lon='18.14375712928' />
  <node id='-182257792' action='modify' lat='50.94041237719' lon='18.1870148397' />
  <node id='-182257793' action='modify' lat='50.95284151918' lon='18.20531617873' />
  <node id='-182257794' action='modify' lat='50.96077467992' lon='18.21030206255'>
    <tag k='name' v='klu.yf' />
  </node>
  <node id='-182257795' action='modify' lat='50.25616633876' lon='17.76810443862' />
  <node id='-182257796' action='modify' lat='50.302416305' lon='17.77547251018' />
  <node id='-182257797' action='modify' lat='50.31317123111' lon='17.76846284067'>
    <tag k='name' v='rac.yg' />
  </node>
  <node id='-182257798' action='modify' lat='51.29111218419' lon='15.16515490164' />
  <node id='-182257799' action='modify' lat='51.28680152986' lon='15.1058538096' />
  <node id='-182257800' action='modify' lat='51.28605823553' lon='15.0320543136'>
    <tag k='name' v='big' />
  </node>
  <node id='-182257801' action='modify' lat='51.22659589361' lon='16.162577938' />
  <node id='-182257802' action='modify' lat='51.21436734667' lon='16.19264281265'>
    <tag k='name' v='wie.ym' />
  </node>
  <node id='-182257803' action='modify' lat='51.22992245969' lon='16.14753281124' />
  <node id='-182257804' action='modify' lat='51.23333099692' lon='16.10783501539'>
    <tag k='name' v='mil.yw' />
  </node>
  <node id='-182257805' action='modify' lat='50.34721836483' lon='17.39459080609' />
  <node id='-182257806' action='modify' lat='50.33489350228' lon='17.39542262572' />
  <node id='-182257807' action='modify' lat='50.31972000358' lon='17.39257046899'>
    <tag k='name' v='glu.ym' />
  </node>
  <node id='-182257808' action='modify' lat='50.78116090989' lon='16.01616716637'>
    <tag k='name' v='kam.yo' />
  </node>
  <node id='-182257809' action='modify' lat='50.78942564024' lon='16.02959607098' />
  <node id='-182257810' action='modify' lat='50.81426362729' lon='16.04139686946' />
  <node id='-182257811' action='modify' lat='50.8162206641' lon='16.05823904403'>
    <tag k='name' v='sed.yk' />
  </node>
  <node id='-182257812' action='modify' lat='50.78601976063' lon='16.02406175744'>
    <tag k='name' v='kam' />
  </node>
  <node id='-182257813' action='modify' lat='50.68601799795' lon='15.98459226608'>
    <tag k='name' v='lug' />
  </node>
  <node id='-182257814' action='modify' lat='50.74786187107' lon='15.98776432008' />
  <node id='-182257815' action='modify' lat='50.69571274334' lon='15.99527159148' />
  <node id='-182257816' action='modify' lat='50.72842006113' lon='18.0356724514' />
  <node id='-182257817' action='modify' lat='50.65852045745' lon='17.97465189028'>
    <tag k='name' v='bol.yn' />
  </node>
  <node id='-182257818' action='modify' lat='50.74410194244' lon='18.04286220374' />
  <node id='-182257819' action='modify' lat='50.82674905902' lon='18.00946808317' />
  <node id='-182257820' action='modify' lat='50.83920856331' lon='17.98831458742' />
  <node id='-182257821' action='modify' lat='50.9028052309' lon='17.85236178322' />
  <node id='-182257822' action='modify' lat='50.92093836712' lon='17.82883149019' />
  <node id='-182257823' action='modify' lat='50.85881861088' lon='17.94641328365'>
    <tag k='name' v='mur' />
  </node>
  <node id='-182257824' action='modify' lat='50.99877947637' lon='17.77485512466'>
    <tag k='name' v='bie' />
  </node>
  <node id='-182257825' action='modify' lat='51.19238615485' lon='16.51992923021' />
  <node id='-182257826' action='modify' lat='51.149690601' lon='16.52349442612' />
  <node id='-182257827' action='modify' lat='51.09874704223' lon='16.51232347893' />
  <node id='-182257828' action='modify' lat='51.06306058512' lon='16.44078188091' />
  <node id='-182257829' action='modify' lat='51.00446920969' lon='16.43555292691' />
  <node id='-182257830' action='modify' lat='50.99145546548' lon='16.41392407169' />
  <node id='-182257831' action='modify' lat='50.95433878185' lon='16.33287528458'>
    <tag k='name' v='gra' />
  </node>
  <node id='-182257832' action='modify' lat='50.96442444892' lon='16.36171687182'>
    <tag k='name' v='str.yg' />
  </node>
  <node id='-182257833' action='modify' lat='50.95228003324' lon='16.2502221593'>
    <tag k='name' v='roz.yj' />
  </node>
  <node id='-182257834' action='modify' lat='50.92678142627' lon='16.10470274607' />
  <node id='-182257835' action='modify' lat='50.93112578941' lon='16.05978127755' />
  <node id='-182257836' action='modify' lat='50.87206767672' lon='16.06477255183' />
  <node id='-182257837' action='modify' lat='50.86119214822' lon='16.01973236228' />
  <node id='-182257838' action='modify' lat='50.84918456496' lon='16.00786085264'>
    <tag k='name' v='mar.ym' />
  </node>
  <node id='-182257839' action='modify' lat='51.34399621368' lon='15.87534192776'>
    <tag k='name' v='rot.yk' />
  </node>
  <node id='-182257840' action='modify' lat='51.37011860967' lon='15.88532447632' />
  <node id='-182257841' action='modify' lat='51.3906646817' lon='15.89922874038' />
  <node id='-182257842' action='modify' lat='51.40742107128' lon='15.91467792268'>
    <tag k='name' v='cho.yl' />
  </node>
  <node id='-182257843' action='modify' lat='51.41657517724' lon='15.91194460581'>
    <tag k='name' v='cho' />
  </node>
  <node id='-182257844' action='modify' lat='51.45750539191' lon='15.87272733191' />
  <node id='-182257845' action='modify' lat='51.4893351478' lon='15.82471602694' />
  <node id='-182257846' action='modify' lat='51.54110353359' lon='15.77337720577' />
  <node id='-182257847' action='modify' lat='51.56711340768' lon='15.71181815632' />
  <node id='-182257848' action='modify' lat='51.55342769704' lon='15.74421329455'>
    <tag k='name' v='rux' />
  </node>
  <node id='-182257849' action='modify' lat='50.85564093896' lon='17.42192391535' />
  <node id='-182257850' action='modify' lat='50.85068930289' lon='17.403028377' />
  <node id='-182257851' action='modify' lat='50.83965876952' lon='17.37213001241' />
  <node id='-182257852' action='modify' lat='50.83200339735' lon='17.3462229221' />
  <node id='-182257853' action='modify' lat='50.82524761435' lon='17.28763486925' />
  <node id='-182257854' action='modify' lat='50.77943264522' lon='17.13765896112'>
    <tag k='name' v='gle.yg' />
  </node>
  <node id='-182257855' action='modify' lat='50.79175452765' lon='17.09998672429' />
  <node id='-182257856' action='modify' lat='50.79468425346' lon='17.07800134949' />
  <node id='-182257857' action='modify' lat='50.79159108459' lon='17.06205276458'>
    <tag k='name' v='str.yb' />
  </node>
  <node id='-182257858' action='modify' lat='50.77507420412' lon='17.02024505684' />
  <node id='-182257859' action='modify' lat='50.77101591005' lon='16.99124813007' />
  <node id='-182257860' action='modify' lat='50.76951274882' lon='16.96177584385' />
  <node id='-182257861' action='modify' lat='50.77244386849' lon='16.92214274927'>
    <tag k='name' v='kon.yz' />
  </node>
  <node id='-182257862' action='modify' lat='50.78935058804' lon='16.84935333268'>
    <tag k='name' v='lag.yb' />
  </node>
  <node id='-182257863' action='modify' lat='50.84512606358' lon='17.38744390227'>
    <tag k='name' v='mal' />
  </node>
  <node id='-182257864' action='modify' lat='50.49664440333' lon='17.98272923266' />
  <node id='-182257865' action='modify' lat='50.47864900928' lon='17.95147422964'>
    <tag k='name' v='kra' />
  </node>
  <node id='-182257866' action='modify' lat='50.45746909362' lon='17.92580481905' />
  <node id='-182257867' action='modify' lat='50.45202129613' lon='17.82954452937' />
  <node id='-182257868' action='modify' lat='50.42886115743' lon='17.75158557871' />
  <node id='-182257869' action='modify' lat='50.34338862125' lon='17.63131963654' />
  <node id='-182257870' action='modify' lat='50.32905040513' lon='17.58711625739'>
    <tag k='name' v='pru.yg' />
  </node>
  <node id='-182257871' action='modify' lat='50.38856883659' lon='17.67861790233' />
  <node id='-182257872' action='modify' lat='51.10210515364' lon='17.82538525298' />
  <node id='-182257873' action='modify' lat='51.08725266281' lon='17.79008981342' />
  <node id='-182257874' action='modify' lat='51.0794886589' lon='17.76667836025' />
  <node id='-182257875' action='modify' lat='51.07145643983' lon='17.73375030231'>
    <tag k='name' v='nam.yk' />
  </node>
  <node id='-182257876' action='modify' lat='51.11680367454' lon='17.84083443527'>
    <tag k='name' v='bux' />
  </node>
  <node id='-182257877' action='modify' lat='51.13612101331' lon='17.85046046424' />
  <node id='-182257878' action='modify' lat='50.76673169804' lon='15.8821158'>
    <tag k='name' v='ogo' />
  </node>
  <node id='-182257879' action='modify' lat='50.76372505193' lon='15.87759988517' />
  <node id='-182257880' action='modify' lat='50.76582972449' lon='15.85894202655' />
  <node id='-182257881' action='modify' lat='50.7837156189' lon='15.85490147118' />
  <node id='-182257882' action='modify' lat='50.78897487444' lon='15.81984371136' />
  <node id='-182257883' action='modify' lat='50.80174488916' lon='15.82210166877' />
  <node id='-182257884' action='modify' lat='50.81135765655' lon='15.80677132634' />
  <node id='-182257885' action='modify' lat='50.82967651581' lon='15.78692506908'>
    <tag k='name' v='mys.yk' />
  </node>
  <node id='-182257886' action='modify' lat='50.86419252674' lon='15.79845253587' />
  <node id='-182257887' action='modify' lat='50.88279056422' lon='15.79762065683' />
  <node id='-182257888' action='modify' lat='50.89567343423' lon='15.78401805757'>
    <tag k='name' v='jel.yk' />
  </node>
  <node id='-182257889' action='modify' lat='50.42927190924' lon='16.1979460609'>
    <tag k='name' v='kug' />
  </node>
  <node id='-182257890' action='modify' lat='50.4255811876' lon='16.19161588669' />
  <node id='-182257891' action='modify' lat='50.43484141846' lon='16.23031660095' />
  <node id='-182257892' action='modify' lat='50.42886108173' lon='16.24683534202'>
    <tag k='name' v='kuz' />
  </node>
  <node id='-182257893' action='modify' lat='50.40765886789' lon='16.27345547151' />
  <node id='-182257894' action='modify' lat='50.41553508372' lon='16.28890465381' />
  <node id='-182257895' action='modify' lat='50.42840684807' lon='16.30625527392' />
  <node id='-182257896' action='modify' lat='50.41682241758' lon='16.34440287021' />
  <node id='-182257897' action='modify' lat='50.40803756208' lon='16.38932433873' />
  <node id='-182257898' action='modify' lat='50.4189426559' lon='16.42842265392' />
  <node id='-182257899' action='modify' lat='50.39864505315' lon='16.46930356707' />
  <node id='-182257900' action='modify' lat='50.40023585091' lon='16.53918140699' />
  <node id='-182257901' action='modify' lat='50.41670186818' lon='16.65020053177'>
    <tag k='name' v='kln.yk' />
  </node>
  <node id='-182257902' action='modify' lat='50.92033903751' lon='16.90924862404' />
  <node id='-182257903' action='modify' lat='50.86951779809' lon='16.86432715552' />
  <node id='-182257904' action='modify' lat='50.70660039951' lon='16.83392396381' />
  <node id='-182257905' action='modify' lat='50.67147761268' lon='16.78838860139' />
  <node id='-182257906' action='modify' lat='50.6708612331' lon='16.77367797643'>
    <tag k='name' v='pil.yk' />
  </node>
  <node id='-182257907' action='modify' lat='50.77845388301' lon='15.39639455795'>
    <tag k='name' v='nsg' />
  </node>
  <node id='-182257908' action='modify' lat='50.79345782693' lon='15.40150148392' />
  <node id='-182257909' action='modify' lat='50.80512467825' lon='15.41376777789' />
  <node id='-182257910' action='modify' lat='50.81518726762' lon='15.42969231964' />
  <node id='-182257911' action='modify' lat='50.83200347241' lon='15.44110094656' />
  <node id='-182257912' action='modify' lat='50.82764985761' lon='15.48839921236' />
  <node id='-182257913' action='modify' lat='50.83350462475' lon='15.52286277286'>
    <tag k='name' v='szg' />
  </node>
  <node id='-182257914' action='modify' lat='50.84055939403' lon='15.54544234699' />
  <node id='-182257915' action='modify' lat='50.86186732523' lon='15.54544234699' />
  <node id='-182257916' action='modify' lat='50.85871676561' lon='15.58014358722' />
  <node id='-182257917' action='modify' lat='50.86621774809' lon='15.6600039757' />
  <node id='-182257918' action='modify' lat='50.87296760058' lon='15.69494289566' />
  <node id='-182257919' action='modify' lat='50.84776316406' lon='15.62744185301' />
  <node id='-182257920' action='modify' lat='50.85651378641' lon='15.99793391745'>
    <tag k='name' v='mar.yj' />
  </node>
  <node id='-182257921' action='modify' lat='50.85894173763' lon='16.00119334353' />
  <node id='-182257922' action='modify' lat='50.89830824411' lon='15.9970339483' />
  <node id='-182257923' action='modify' lat='50.9468519861' lon='15.92216471526'>
    <tag k='name' v='woj' />
  </node>
  <node id='-182257924' action='modify' lat='51.0067125898' lon='15.89815906277' />
  <node id='-182257925' action='modify' lat='51.05589011089' lon='15.86322014281' />
  <node id='-182257926' action='modify' lat='51.0898737518' lon='15.87941608924'>
    <tag k='name' v='kii' />
  </node>
  <node id='-182257927' action='modify' lat='50.51085446743' lon='17.15881245688' />
  <node id='-182257928' action='modify' lat='50.54039468439' lon='17.19850497139' />
  <node id='-182257929' action='modify' lat='50.57867129395' lon='17.17711367707' />
  <node id='-182257930' action='modify' lat='50.64292399184' lon='17.19517733636' />
  <node id='-182257931' action='modify' lat='50.6893243446' lon='17.19137446072'>
    <tag k='name' v='prz.yo' />
  </node>
  <node id='-182257932' action='modify' lat='50.68149373601' lon='17.19589037555' />
  <node id='-182257933' action='modify' lat='51.2879907163' lon='15.59416680999'>
    <tag k='name' v='cho.y' />
  </node>
  <node id='-182257934' action='modify' lat='51.33694358243' lon='15.58204514388' />
  <node id='-182257935' action='modify' lat='51.37397633722' lon='15.60319863964' />
  <node id='-182257936' action='modify' lat='51.37961396971' lon='15.6269666124' />
  <node id='-182257937' action='modify' lat='51.35698506229' lon='15.72798049664' />
  <node id='-182257938' action='modify' lat='51.36529599314' lon='15.8055829277' />
  <node id='-182257939' action='modify' lat='51.37711226944' lon='15.81097775745'>
    <tag k='name' v='mod.yb' />
  </node>
  <node id='-182257940' action='modify' lat='51.35750453965' lon='15.77183240638' />
  <node id='-182257941' action='modify' lat='51.21535754665' lon='16.45385307107'>
    <tag k='name' v='mal.yj' />
  </node>
  <node id='-182257942' action='modify' lat='51.19402463772' lon='16.439831162' />
  <node id='-182257943' action='modify' lat='51.06096931151' lon='16.23851643271' />
  <node id='-182257944' action='modify' lat='51.04993509843' lon='16.21388268187'>
    <tag k='name' v='jar.ym' />
  </node>
  <node id='-182257945' action='modify' lat='51.1536414126' lon='16.39467201376' />
  <node id='-182257946' action='modify' lat='51.09561251518' lon='16.30791891318' />
  <node id='-182257947' action='modify' lat='51.15647378724' lon='15.90647797207' />
  <node id='-182257948' action='modify' lat='51.17137854883' lon='15.89495050529' />
  <node id='-182257949' action='modify' lat='51.18709785184' lon='15.87403468926' />
  <node id='-182257950' action='modify' lat='51.19625876419' lon='15.8778375649' />
  <node id='-182257951' action='modify' lat='51.21271403926' lon='15.91800543886' />
  <node id='-182257952' action='modify' lat='51.22529351843' lon='15.92953290565' />
  <node id='-182257953' action='modify' lat='51.27596138632' lon='15.95189405898'>
    <tag k='name' v='cho.yz' />
  </node>
  <node id='-182257954' action='modify' lat='51.3170632445' lon='15.92208881114'>
    <tag k='name' v='rot.yc' />
  </node>
  <node id='-182257955' action='modify' lat='50.92708105055' lon='15.34876237239' />
  <node id='-182257956' action='modify' lat='50.91104844133' lon='15.34388993797'>
    <tag k='name' v='swz' />
  </node>
  <node id='-182257957' action='modify' lat='50.89598466948' lon='15.36730150998' />
  <node id='-182257958' action='modify' lat='50.89358601923' lon='15.37336234303'>
    <tag k='name' v='swn' />
  </node>
  <node id='-182257959' action='modify' lat='50.94295830082' lon='15.3593392391' />
  <node id='-182257960' action='modify' lat='50.73221882094' lon='16.62011135424' />
  <node id='-182257961' action='modify' lat='50.73013568368' lon='16.63382610365'>
    <tag k='name' v='dzi.yp' />
  </node>
  <node id='-182257962' action='modify' lat='50.72589998437' lon='16.60026509698' />
  <node id='-182257963' action='modify' lat='50.70144407633' lon='16.57447684654' />
  <node id='-182257964' action='modify' lat='50.69128171726' lon='16.60299841385' />
  <node id='-182257965' action='modify' lat='50.68691499047' lon='16.60882156718'>
    <tag k='name' v='biz' />
  </node>
  <node id='-182257966' action='modify' lat='50.69331436523' lon='16.5745956864' />
  <node id='-182257967' action='modify' lat='50.60130924726' lon='16.80939561123'>
    <tag k='name' v='zab.yk' />
  </node>
  <node id='-182257968' action='modify' lat='50.59979680969' lon='16.80728413974' />
  <node id='-182257969' action='modify' lat='50.5957233263' lon='16.79183495744' />
  <node id='-182257970' action='modify' lat='50.59806185061' lon='16.76533366781' />
  <node id='-182257971' action='modify' lat='50.58727357153' lon='16.71363820822' />
  <node id='-182257972' action='modify' lat='50.57233176809' lon='16.68392824226' />
  <node id='-182257973' action='modify' lat='50.57550163767' lon='16.66681530188'>
    <tag k='name' v='sre.yr' />
  </node>
  <node id='-182257974' action='modify' lat='50.60221063485' lon='16.64922700203' />
  <node id='-182257975' action='modify' lat='50.63764832285' lon='16.63449085892' />
  <node id='-182257976' action='modify' lat='50.66376114741' lon='16.59824809362'>
    <tag k='name' v='bgo' />
  </node>
  <node id='-182257977' action='modify' lat='50.68488202757' lon='16.60484049116' />
  <node id='-182257978' action='modify' lat='51.42594975002' lon='16.11765641006' />
  <node id='-182257979' action='modify' lat='51.43321094309' lon='16.09044208125' />
  <node id='-182257980' action='modify' lat='51.42980277168' lon='16.06655526862' />
  <node id='-182257981' action='modify' lat='51.42239282626' lon='16.05811763829' />
  <node id='-182257982' action='modify' lat='51.40178686425' lon='16.06501035039' />
  <node id='-182257983' action='modify' lat='51.39429822541' lon='16.05300752415' />
  <node id='-182257984' action='modify' lat='51.38562173477' lon='16.0203265616' />
  <node id='-182257985' action='modify' lat='51.39222195005' lon='15.95365739801' />
  <node id='-182257986' action='modify' lat='50.76342445187' lon='16.91525003717' />
  <node id='-182257987' action='modify' lat='50.74327473416' lon='16.91317045839' />
  <node id='-182257988' action='modify' lat='50.70227202339' lon='16.91566609553' />
  <node id='-182257989' action='modify' lat='50.6914322868' lon='16.91875593199' />
  <node id='-182257990' action='modify' lat='50.68119245736' lon='16.9236283664' />
  <node id='-182257991' action='modify' lat='50.67268266389' lon='16.91198205975' />
  <node id='-182257992' action='modify' lat='50.64412970053' lon='16.82831879563' />
  <node id='-182257993' action='modify' lat='50.66349336705' lon='16.85814760145' />
  <node id='-182257994' action='modify' lat='50.68134302163' lon='17.32025647128' />
  <node id='-182257995' action='modify' lat='50.68578543592' lon='17.37739942522'>
    <tag k='name' v='gro.yg' />
  </node>
  <node id='-182257996' action='modify' lat='50.68299964848' lon='17.27254220654' />
  <node id='-182257997' action='modify' lat='50.70611049602' lon='17.16059505484' />
  <node id='-182257998' action='modify' lat='50.74162027377' lon='17.16273417238' />
  <node id='-182257999' action='modify' lat='50.76244716883' lon='17.15334582314' />
  <node id='-182258000' action='modify' lat='50.37644406745' lon='16.6589719897' />
  <node id='-182258001' action='modify' lat='50.39093995256' lon='16.63847722057'>
    <tag k='name' v='kro.ys' />
  </node>
  <node id='-182258002' action='modify' lat='50.34809058114' lon='16.7419220958'>
    <tag k='name' v='olo' />
  </node>
  <node id='-182258003' action='modify' lat='50.33883789423' lon='16.8056202628' />
  <node id='-182258004' action='modify' lat='50.34141669307' lon='16.8624257177' />
  <node id='-182258005' action='modify' lat='50.30955112479' lon='16.88072705673' />
  <node id='-182258006' action='modify' lat='50.30272000883' lon='16.87549810272'>
    <tag k='name' v='str' />
  </node>
  <node id='-182258007' action='modify' lat='51.15475943087' lon='15.75804698218' />
  <node id='-182258008' action='modify' lat='51.17152757212' lon='15.74972819171' />
  <node id='-182258009' action='modify' lat='51.18389482683' lon='15.70599512183' />
  <node id='-182258010' action='modify' lat='51.2174039072' lon='15.71490799278' />
  <node id='-182258011' action='modify' lat='51.23452132031' lon='15.66047933515' />
  <node id='-182258012' action='modify' lat='51.25431004225' lon='15.61769698418' />
  <node id='-182258013' action='modify' lat='49.97717570963' lon='17.90272824211'>
    <tag k='name' v='pig' />
  </node>
  <node id='-182258014' action='modify' lat='49.96276099468' lon='17.89784422874' />
  <node id='-182258015' action='modify' lat='50.09742092127' lon='17.95150730516' />
  <node id='-182258016' action='modify' lat='50.0700305015' lon='17.89989772874' />
  <node id='-182258017' action='modify' lat='50.02797465173' lon='17.91995168258' />
  <node id='-182258018' action='modify' lat='49.99858088088' lon='17.90998347174'>
    <tag k='name' v='pil' />
  </node>
  <node id='-182258019' action='modify' lat='51.160125862' lon='17.12179389872' />
  <node id='-182258020' action='modify' lat='51.15260382677' lon='17.12553348783'>
    <tag k='name' v='wps.yt' />
  </node>
  <node id='-182258021' action='modify' lat='51.18739579634' lon='17.09772876688' />
  <node id='-182258022' action='modify' lat='51.24419356392' lon='17.11151407224' />
  <node id='-182258023' action='modify' lat='51.26412684887' lon='17.09107361567' />
  <node id='-182258024' action='modify' lat='51.29430782724' lon='17.06873172127' />
  <node id='-182258025' action='modify' lat='51.30456187123' lon='17.06374044699'>
    <tag k='name' v='trz' />
  </node>
  <node id='-182258026' action='modify' lat='50.56833131467' lon='16.64554308509' />
  <node id='-182258027' action='modify' lat='50.57346381338' lon='16.60442449222' />
  <node id='-182258028' action='modify' lat='50.57950133131' lon='16.5814883985'>
    <tag k='name' v='wol.y' />
  </node>
  <node id='-182258029' action='modify' lat='50.58568898406' lon='16.57768552286'>
    <tag k='name' v='wol' />
  </node>
  <node id='-182258030' action='modify' lat='50.56893516707' lon='16.57388264722' />
  <node id='-182258031' action='modify' lat='50.54907946435' lon='16.54821323664'>
    <tag k='name' v='nru' />
  </node>
  <node id='-182258032' action='modify' lat='50.54394430947' lon='16.53407129284' />
  <node id='-182258033' action='modify' lat='50.53314355617' lon='16.51814675109' />
  <node id='-182258034' action='modify' lat='50.5234900916' lon='16.5111606627'>
    <tag k='name' v='sci.ys' />
  </node>
  <node id='-182258035' action='modify' lat='50.52855151854' lon='16.50307527991'>
    <tag k='name' v='sci.yo' />
  </node>
  <node id='-182258036' action='modify' lat='50.51213920923' lon='16.47786003726' />
  <node id='-182258037' action='modify' lat='50.49543483874' lon='16.42438209855' />
  <node id='-182258038' action='modify' lat='50.50155790323' lon='16.40281272269' />
  <node id='-182258039' action='modify' lat='50.50212481699' lon='16.40310982235'>
    <tag k='name' v='rad' />
  </node>
  <node id='-182258040' action='modify' lat='50.37270241871' lon='17.18025680065' />
  <node id='-182258041' action='modify' lat='50.38786354126' lon='17.19609256268'>
    <tag k='name' v='kag' />
  </node>
  <node id='-182258042' action='modify' lat='50.41250592489' lon='17.23772212645' />
  <node id='-182258043' action='modify' lat='50.66206216051' lon='17.61729653261' />
  <node id='-182258044' action='modify' lat='50.68872203649' lon='17.56049107771'>
    <tag k='name' v='gra' />
  </node>
  <node id='-182258045' action='modify' lat='50.71416281618' lon='17.44878160573' />
  <node id='-182258046' action='modify' lat='50.72830733593' lon='17.42572667215' />
  <node id='-182258047' action='modify' lat='50.73432426134' lon='17.42312207694'>
    <tag k='name' v='lip.ys' />
  </node>
  <node id='-182258048' action='modify' lat='50.77432269475' lon='16.03197274942' />
  <node id='-182258049' action='modify' lat='50.74500441' lon='16.05859287891' />
  <node id='-182258050' action='modify' lat='50.67034792439' lon='16.06096967618' />
  <node id='-182258051' action='modify' lat='50.62935678928' lon='16.03625098451' />
  <node id='-182258052' action='modify' lat='50.62000821597' lon='16.02721915486'>
    <tag k='name' v='okr' />
  </node>
  <node id='-182258053' action='modify' lat='51.02663640862' lon='16.23756589206' />
  <node id='-182258054' action='modify' lat='51.04091216584' lon='16.23483429989'>
    <tag k='name' v='jar.yr' />
  </node>
  <node id='-182258055' action='modify' lat='51.00215086148' lon='16.22187897062' />
  <node id='-182258056' action='modify' lat='50.97323746227' lon='16.24742960076' />
  <node id='-182258057' action='modify' lat='50.35923684023' lon='17.37106045364' />
  <node id='-182258058' action='modify' lat='50.37199235544' lon='17.38157189531'>
    <tag k='name' v='nsw.ys' />
  </node>
  <node id='-182258059' action='modify' lat='50.35756884777' lon='17.30427245018' />
  <node id='-182258060' action='modify' lat='50.33572790415' lon='17.26731325254'>
    <tag k='name' v='sla' />
  </node>
  <node id='-182258061' action='modify' lat='50.2744210435' lon='17.50568372726'>
    <tag k='name' v='pog' />
  </node>
  <node id='-182258062' action='modify' lat='50.30370479401' lon='17.45590192795' />
  <node id='-182258063' action='modify' lat='50.31607764296' lon='17.41443700393' />
  <node id='-182258064' action='modify' lat='50.5165977478' lon='16.89570099841' />
  <node id='-182258065' action='modify' lat='50.48001017513' lon='16.8809648553' />
  <node id='-182258066' action='modify' lat='50.44854035473' lon='16.88298513298'>
    <tag k='name' v='zlo' />
  </node>
  <node id='-182258067' action='modify' lat='50.66522591305' lon='16.99885400019' />
  <node id='-182258068' action='modify' lat='50.66545185636' lon='17.03153038961'>
    <tag k='name' v='hen' />
  </node>
  <node id='-182258069' action='modify' lat='50.68277375339' lon='16.95500209045' />
  <node id='-182258070' action='modify' lat='50.67696494922' lon='16.91784243253'>
    <tag k='name' v='cie.yh' />
  </node>
  <node id='-182258071' action='modify' lat='51.07866738997' lon='15.29326427483' />
  <node id='-182258072' action='modify' lat='51.06649596913' lon='15.28851068028' />
  <node id='-182258073' action='modify' lat='51.0518561564' lon='15.28042956954' />
  <node id='-182258074' action='modify' lat='51.03885570889' lon='15.26509922711' />
  <node id='-182258075' action='modify' lat='51.02794447213' lon='15.26272242983'>
    <tag k='name' v='les' />
  </node>
  <node id='-182258076' action='modify' lat='50.70054084469' lon='18.40568030795' />
  <node id='-182258077' action='modify' lat='50.68591364862' lon='18.35996606449'>
    <tag k='name' v='fos.yd' />
  </node>
  <node id='-182258078' action='modify' lat='50.70370207933' lon='18.41875269297' />
  <node id='-182258079' action='modify' lat='50.7058094507' lon='18.43467723472' />
  <node id='-182258080' action='modify' lat='50.71356075177' lon='18.44335254478' />
  <node id='-182258081' action='modify' lat='50.72100982353' lon='18.44370906437'>
    <tag k='name' v='dob' />
  </node>
  <node id='-182258082' action='modify' lat='51.40859979162' lon='15.17696472035'>
    <tag k='name' v='rus.yg' />
  </node>
  <node id='-182258083' action='modify' lat='51.41016378926' lon='15.15612307199' />
  <node id='-182258084' action='modify' lat='51.41779805665' lon='15.13841593229' />
  <node id='-182258085' action='modify' lat='51.43469267744' lon='15.12451166822' />
  <node id='-182258086' action='modify' lat='51.44217470178' lon='15.10549729001' />
  <node id='-182258087' action='modify' lat='51.44202655477' lon='15.09563358132'>
    <tag k='name' v='goz' />
  </node>
  <node id='-182258088' action='modify' lat='50.79746356716' lon='15.75935422068' />
  <node id='-182258089' action='modify' lat='50.78191230938' lon='15.76149333823'>
    <tag k='name' v='kar' />
  </node>
  <node id='-182258090' action='modify' lat='50.69184014512' lon='16.61846703052' />
  <node id='-182258091' action='modify' lat='50.70279885355' lon='16.64471126547' />
  <node id='-182258092' action='modify' lat='51.10546305844' lon='15.89649548294' />
  <node id='-182258093' action='modify' lat='51.10314983557' lon='15.93915899404' />
  <node id='-182258094' action='modify' lat='51.09471678504' lon='15.95894583137'>
    <tag k='name' v='wil' />
  </node>
  <node id='-182258095' action='modify' lat='51.07840603674' lon='15.97718775046'>
    <tag k='name' v='les' />
  </node>
  <node id='-182258096' action='modify' lat='51.08669276496' lon='15.96987909884' />
  <node id='-182258097' action='modify' lat='51.09979172542' lon='15.91545044121' />
  <node id='-182258098' action='modify' lat='50.30792581595' lon='17.34878531456' />
  <node id='-182258099' action='modify' lat='50.30813436519' lon='17.35314464887'>
    <tag k='name' v='mig' />
  </node>
  <node id='-182258100' action='modify' lat='50.30902213823' lon='17.37170210838' />
  <node id='-182258101' action='modify' lat='50.96167052149' lon='15.02637845993' />
  <node id='-182258102' action='modify' lat='51.01224276888' lon='15.03805143356'>
    <tag k='name' v='zwg' />
  </node>
  <node id='-182258103' action='modify' lat='50.77399904835' lon='16.00496209321'>
    <tag k='name' v='kam.yj' />
  </node>
  <node id='-182258104' action='modify' lat='50.78356534577' lon='15.96506602493'>
    <tag k='name' v='pis' />
  </node>
  <node id='-182258105' action='modify' lat='50.77424746799' lon='15.93678213735' />
  <node id='-182258106' action='modify' lat='50.77785460866' lon='15.90493305385' />
  <node id='-182258107' action='modify' lat='50.86921934375' lon='14.839973918'>
    <tag k='name' v='lig' />
  </node>
  <node id='-182258108' action='modify' lat='50.88137672557' lon='14.83506194115' />
  <node id='-182258109' action='modify' lat='50.89178980852' lon='14.82815265174'>
    <tag k='name' v='zig' />
  </node>
  <node id='-182258110' action='modify' lat='50.89469177114' lon='14.82442090442' />
  <node id='-182258111' action='modify' lat='51.07138461336' lon='17.06082428701'>
    <tag k='name' v='wbr.ys' />
  </node>
  <node id='-182258112' action='modify' lat='51.07101391864' lon='17.0215524736' />
  <node id='-182258113' action='modify' lat='51.08803641885' lon='16.99641784241' />
  <node id='-182258114' action='modify' lat='51.11247725557' lon='16.99792603936' />
  <node id='-182258115' action='modify' lat='51.36730547966' lon='17.49246908434'>
    <tag k='name' v='twx' />
  </node>
  <node id='-182258116' action='modify' lat='51.36247645626' lon='17.47064814067' />
  <node id='-182258117' action='modify' lat='51.35398572896' lon='17.40395722702' />
  <node id='-182258118' action='modify' lat='51.34985850115' lon='17.39827062824'>
    <tag k='name' v='gra.yo' />
  </node>
  <node id='-182258119' action='modify' lat='51.55204131543' lon='16.68345288281' />
  <node id='-182258120' action='modify' lat='51.50161697275' lon='16.64756324394'>
    <tag k='name' v='pix' />
  </node>
  <node id='-182258121' action='modify' lat='51.46757487882' lon='16.55819566636' />
  <node id='-182258122' action='modify' lat='51.34763353667' lon='16.35854469516' />
  <node id='-182258123' action='modify' lat='51.40738343814' lon='16.45975770063'>
    <tag k='name' v='sci.yk' />
  </node>
  <node id='-182258124' action='modify' lat='51.40873424514' lon='16.42275303804'>
    <tag k='name' v='sci' />
  </node>
  <node id='-182258125' action='modify' lat='51.40015585417' lon='16.39752417049' />
  <node id='-182258126' action='modify' lat='51.28360551304' lon='16.36353596944' />
  <node id='-182258127' action='modify' lat='51.2678447888' lon='16.27012783649' />
  <node id='-182258128' action='modify' lat='51.22797280113' lon='16.17719506299' />
  <node id='-182258129' action='modify' lat='51.24408573254' lon='16.2147410373'>
    <tag k='name' v='pat' />
  </node>
  <node id='-182258130' action='modify' lat='51.21617556246' lon='16.17054020888' />
  <node id='-182258131' action='modify' lat='51.21357689611' lon='16.17315398456'>
    <tag k='name' v='leg' />
  </node>
  <node id='-182258132' action='modify' lat='51.1010230608' lon='16.95333839178' />
  <node id='-182258133' action='modify' lat='51.09206699272' lon='16.95778685608'>
    <tag k='name' v='wrz.yn' />
  </node>
  <node id='-182258134' action='modify' lat='51.10740309159' lon='16.95119927423' />
  <node id='-182258135' action='modify' lat='51.12051320655' lon='16.94983983486'>
    <tag k='name' v='wnd.yz' />
  </node>
  <node id='-182258136' action='modify' lat='51.21384511788' lon='15.01008435087'>
    <tag k='name' v='pig' />
  </node>
  <node id='-182258137' action='modify' lat='50.95029152593' lon='14.89471076132'>
    <tag k='name' v='trz.yz' />
  </node>
  <node id='-182258138' action='modify' lat='50.94101133588' lon='14.91428400857' />
  <node id='-182258139' action='modify' lat='50.91700501326' lon='14.95445188253' />
  <node id='-182258140' action='modify' lat='50.91213482506' lon='14.95878953756'>
    <tag k='name' v='bog' />
  </node>
  <node id='-182258141' action='modify' lat='50.9256202516' lon='14.94280557588'>
    <tag k='name' v='tko' />
  </node>
  <node id='-182258142' action='modify' lat='50.89591271309' lon='14.82285077789'>
    <tag k='name' v='zit.yf' />
  </node>
  <node id='-182258143' action='modify' lat='50.89658431274' lon='14.84571334773' />
  <node id='-182258144' action='modify' lat='50.9032548982' lon='14.88421734476' />
  <node id='-182258145' action='modify' lat='50.897708698' lon='14.91487802962' />
  <node id='-182258146' action='modify' lat='50.90655232569' lon='14.95789806032' />
  <node id='-182258147' action='modify' lat='50.89463551887' lon='14.9811312537' />
  <node id='-182258148' action='modify' lat='50.8986548396' lon='15.02994830197' />
  <node id='-182258149' action='modify' lat='50.89274746492' lon='14.99608031273'>
    <tag k='name' v='her' />
  </node>
  <node id='-182258150' action='modify' lat='51.46402640495' lon='16.89995064855'>
    <tag k='name' v='zmi.yw' />
  </node>
  <node id='-182258151' action='modify' lat='51.46472486695' lon='16.87258745093'>
    <tag k='name' v='weg' />
  </node>
  <node id='-182258152' action='modify' lat='51.47201651919' lon='16.80015374791' />
  <node id='-182258153' action='modify' lat='51.47032702779' lon='16.75916158656'>
    <tag k='name' v='bix' />
  </node>
  <node id='-182258154' action='modify' lat='50.55246206972' lon='16.41044131279'>
    <tag k='name' v='tlg' />
  </node>
  <node id='-182258155' action='modify' lat='50.55205311473' lon='16.42619115829' />
  <node id='-182258156' action='modify' lat='50.54805999181' lon='16.45248778576' />
  <node id='-182258157' action='modify' lat='50.53299244137' lon='16.48439628919' />
  <node id='-182258158' action='modify' lat='50.52947976415' lon='16.49639911544' />
  <node id='-182258159' action='modify' lat='50.55047639402' lon='16.44309943652'>
    <tag k='name' v='tld' />
  </node>
  <node id='-182258160' action='modify' lat='51.12262210164' lon='17.03010888438'>
    <tag k='name' v='wrw' />
  </node>
  <node id='-182258161' action='modify' lat='51.17152757212' lon='17.02594948914' />
  <node id='-182258162' action='modify' lat='51.19596095146' lon='17.03236672295' />
  <node id='-182258163' action='modify' lat='51.25505381311' lon='17.04638982688' />
  <node id='-182258164' action='modify' lat='51.28137555029' lon='17.02309721357' />
  <node id='-182258165' action='modify' lat='51.29564544114' lon='17.03260440268' />
  <node id='-182258166' action='modify' lat='51.30084682821' lon='17.06338404624' />
  <node id='-182258167' action='modify' lat='51.3134022131' lon='17.06623620297' />
  <node id='-182258168' action='modify' lat='51.35015717228' lon='17.02190881493' />
  <node id='-182258169' action='modify' lat='51.37953986902' lon='16.96343960194' />
  <node id='-182258170' action='modify' lat='51.44154514777' lon='16.9845930977'>
    <tag k='name' v='prz' />
  </node>
  <node id='-182258171' action='modify' lat='51.4616519203' lon='17.02428561221' />
  <node id='-182258172' action='modify' lat='51.46105958217' lon='17.10723583715' />
  <node id='-182258173' action='modify' lat='51.4896311343' lon='17.24699151698' />
  <node id='-182258174' action='modify' lat='51.51951587361' lon='17.27884060048' />
  <node id='-182258175' action='modify' lat='51.52853662038' lon='17.31259112181' />
  <node id='-182258176' action='modify' lat='51.53992091319' lon='17.41883396005' />
  <node id='-182258177' action='modify' lat='51.60285270338' lon='17.50321026335' />
  <node id='-182258178' action='modify' lat='51.60137642977' lon='17.53363326849'>
    <tag k='name' v='sul' />
  </node>
  <node id='-182258179' action='modify' lat='51.59059817839' lon='17.46565686639' />
  <node id='-182258180' action='modify' lat='51.55159794297' lon='17.46090327184' />
  <node id='-182258181' action='modify' lat='51.31355077697' lon='16.62629102716' />
  <node id='-182258182' action='modify' lat='51.32875728862' lon='16.63908031055'>
    <tag k='name' v='wal.ym' />
  </node>
  <node id='-182258183' action='modify' lat='51.29356469157' lon='16.58743027285' />
  <node id='-182258184' action='modify' lat='51.26115228036' lon='16.47263096441' />
  <node id='-182258185' action='modify' lat='51.23474447445' lon='16.4403066403' />
  <node id='-182258186' action='modify' lat='51.21536799115' lon='16.45801489847'>
    <tag k='name' v='mal.yw' />
  </node>
  <node id='-182258187' action='modify' lat='50.70001395153' lon='16.43828636261'>
    <tag k='name' v='wal' />
  </node>
  <node id='-182258188' action='modify' lat='50.7198812524' lon='16.42022270332' />
  <node id='-182258189' action='modify' lat='50.70738991707' lon='16.43579072547' />
  <node id='-182258190' action='modify' lat='51.43574505845' lon='16.50612455059'>
    <tag k='name' v='krz.yl' />
  </node>
  <node id='-182258191' action='modify' lat='51.50407219554' lon='16.52229768695'>
    <tag k='name' v='rax' />
  </node>
  <node id='-182258192' action='modify' lat='50.92974668851' lon='17.30198250474'>
    <tag k='name' v='ola.yb' />
  </node>
  <node id='-182258193' action='modify' lat='50.91457002033' lon='17.2950029408' />
  <node id='-182258194' action='modify' lat='50.90835074912' lon='17.26469877553' />
  <node id='-182258195' action='modify' lat='50.92003929489' lon='17.20492232404' />
  <node id='-182258196' action='modify' lat='50.89965736326' lon='17.1564356596'>
    <tag k='name' v='dom.yw' />
  </node>
  <node id='-182258197' action='modify' lat='50.8924616094' lon='17.10224468171' />
  <node id='-182258198' action='modify' lat='50.87011770708' lon='17.06552316379' />
  <node id='-182258199' action='modify' lat='50.87461749625' lon='17.02666488235'>
    <tag k='name' v='bob.yo' />
  </node>
  <node id='-182258200' action='modify' lat='50.85999194276' lon='17.17782683509'>
    <tag k='name' v='wys' />
  </node>
  <node id='-182258201' action='modify' lat='50.39774316868' lon='17.08087681134' />
  <node id='-182258202' action='modify' lat='50.40233600225' lon='17.08073607445'>
    <tag k='name' v='dzg' />
  </node>
  <node id='-182258203' action='modify' lat='50.42242569856' lon='17.0927374926' />
  <node id='-182258204' action='modify' lat='50.45005380608' lon='17.17485583849' />
  <node id='-182258205' action='modify' lat='50.47293897137' lon='17.16618692486'>
    <tag k='name' v='otm.yd' />
  </node>
  <node id='-182258206' action='modify' lat='51.52276946372' lon='16.18004721972' />
  <node id='-182258207' action='modify' lat='51.51922008116' lon='16.12276640536' />
  <node id='-182258208' action='modify' lat='51.50487184142' lon='16.08045941385'>
    <tag k='name' v='pol' />
  </node>
  <node id='-182258209' action='modify' lat='51.16545444555' lon='16.58541017343'>
    <tag k='name' v='sry' />
  </node>
  <node id='-182258210' action='modify' lat='51.1827774029' lon='16.59776951926' />
  <node id='-182258211' action='modify' lat='51.17145302328' lon='16.58844058995' />
  <node id='-182258212' action='modify' lat='51.26487046092' lon='15.20294585949' />
  <node id='-182258213' action='modify' lat='51.25338031174' lon='15.21304724792' />
  <node id='-182258214' action='modify' lat='51.25259921202' lon='15.21714740148'>
    <tag k='name' v='cze' />
  </node>
  <way id='-38908314' action='modify'>
    <nd ref='-182257290' />
    <nd ref='-182257291' />
    <tag k='type' v='straight' />
  </way>
  <way id='-38908315' action='modify'>
    <nd ref='-182257292' />
    <nd ref='-182257293' />
    <tag k='type' v='straight' />
  </way>
  <way id='-38908316' action='modify'>
    <nd ref='-182257293' />
    <nd ref='-182257294' />
  </way>
  <way id='-38908317' action='modify'>
    <nd ref='-182257415' />
    <nd ref='-182257295' />
    <tag k='type' v='straight' />
  </way>
  <way id='-38908318' action='modify'>
    <nd ref='-182257296' />
    <nd ref='-182257297' />
  </way>
  <way id='-38908319' action='modify'>
    <nd ref='-182257297' />
    <nd ref='-182257298' />
    <tag k='type' v='straight' />
  </way>
  <way id='-38908320' action='modify'>
    <nd ref='-182257298' />
    <nd ref='-182257299' />
  </way>
  <way id='-38908321' action='modify'>
    <nd ref='-182257299' />
    <nd ref='-182257300' />
    <tag k='type' v='straight' />
  </way>
  <way id='-38908322' action='modify'>
    <nd ref='-182257300' />
    <nd ref='-182257301' />
    <tag k='type' v='straight' />
  </way>
  <way id='-38908323' action='modify'>
    <nd ref='-182257301' />
    <nd ref='-182257304' />
    <tag k='type' v='straight' />
  </way>
  <way id='-38908324' action='modify'>
    <nd ref='-182257303' />
    <nd ref='-182257817' />
    <nd ref='-182257597' />
    <nd ref='-182257304' />
    <tag k='type' v='straight' />
  </way>
  <way id='-38908325' action='modify'>
    <nd ref='-182257304' />
    <nd ref='-182257302' />
    <tag k='type' v='straight' />
  </way>
  <way id='-38908326' action='modify'>
    <nd ref='-182257302' />
    <nd ref='-182257305' />
    <tag k='type' v='straight' />
  </way>
  <way id='-38908327' action='modify'>
    <nd ref='-182257305' />
    <nd ref='-182257306' />
  </way>
  <way id='-38908328' action='modify'>
    <nd ref='-182257306' />
    <nd ref='-182257307' />
    <tag k='type' v='straight' />
  </way>
  <way id='-38908329' action='modify'>
    <nd ref='-182257307' />
    <nd ref='-182257308' />
  </way>
  <way id='-38908330' action='modify'>
    <nd ref='-182257308' />
    <nd ref='-182257744' />
    <nd ref='-182257309' />
    <tag k='type' v='straight' />
  </way>
  <way id='-38908331' action='modify'>
    <nd ref='-182257309' />
    <nd ref='-182257310' />
  </way>
  <way id='-38908332' action='modify'>
    <nd ref='-182257310' />
    <nd ref='-182257311' />
    <tag k='type' v='straight' />
  </way>
  <way id='-38908333' action='modify'>
    <nd ref='-182257311' />
    <nd ref='-182258192' />
    <tag k='type' v='straight' />
  </way>
  <way id='-38908334' action='modify'>
    <nd ref='-182257312' />
    <nd ref='-182257313' />
  </way>
  <way id='-38908335' action='modify'>
    <nd ref='-182257313' />
    <nd ref='-182257314' />
    <tag k='type' v='straight' />
  </way>
  <way id='-38908336' action='modify'>
    <nd ref='-182257314' />
    <nd ref='-182257315' />
    <tag k='type' v='straight' />
  </way>
  <way id='-38908337' action='modify'>
    <nd ref='-182257315' />
    <nd ref='-182257316' />
    <tag k='type' v='straight' />
  </way>
  <way id='-38908338' action='modify'>
    <nd ref='-182257316' />
    <nd ref='-182257317' />
  </way>
  <way id='-38908339' action='modify'>
    <nd ref='-182257317' />
    <nd ref='-182257458' />
    <tag k='type' v='straight' />
  </way>
  <way id='-38908340' action='modify'>
    <nd ref='-182257318' />
    <nd ref='-182257319' />
    <tag k='type' v='straight' />
  </way>
  <way id='-38908341' action='modify'>
    <nd ref='-182257319' />
    <nd ref='-182257320' />
  </way>
  <way id='-38908342' action='modify'>
    <nd ref='-182257320' />
    <nd ref='-182257321' />
    <tag k='type' v='straight' />
  </way>
  <way id='-38908343' action='modify'>
    <nd ref='-182257321' />
    <nd ref='-182257322' />
  </way>
  <way id='-38908344' action='modify'>
    <nd ref='-182257322' />
    <nd ref='-182257300' />
    <tag k='type' v='straight' />
  </way>
  <way id='-38908345' action='modify'>
    <nd ref='-182257323' />
    <nd ref='-182257444' />
    <tag k='type' v='straight' />
  </way>
  <way id='-38908346' action='modify'>
    <nd ref='-182257444' />
    <nd ref='-182257324' />
  </way>
  <way id='-38908347' action='modify'>
    <nd ref='-182257324' />
    <nd ref='-182257325' />
    <tag k='type' v='straight' />
  </way>
  <way id='-38908348' action='modify'>
    <nd ref='-182257325' />
    <nd ref='-182257326' />
  </way>
  <way id='-38908349' action='modify'>
    <nd ref='-182257326' />
    <nd ref='-182257327' />
    <tag k='type' v='straight' />
  </way>
  <way id='-38908350' action='modify'>
    <nd ref='-182257327' />
    <nd ref='-182257797' />
    <nd ref='-182257328' />
  </way>
  <way id='-38908351' action='modify'>
    <nd ref='-182257328' />
    <nd ref='-182257329' />
    <tag k='type' v='straight' />
  </way>
  <way id='-38908352' action='modify'>
    <nd ref='-182257329' />
    <nd ref='-182257330' />
  </way>
  <way id='-38908353' action='modify'>
    <nd ref='-182257332' />
    <nd ref='-182257333' />
    <nd ref='-182258058' />
    <nd ref='-182257334' />
    <tag k='type' v='straight' />
  </way>
  <way id='-38908354' action='modify'>
    <nd ref='-182257330' />
    <nd ref='-182257870' />
    <nd ref='-182257331' />
    <tag k='type' v='straight' />
  </way>
  <way id='-38908355' action='modify'>
    <nd ref='-182257331' />
    <nd ref='-182257332' />
  </way>
  <way id='-38908356' action='modify'>
    <nd ref='-182257334' />
    <nd ref='-182257335' />
  </way>
  <way id='-38908357' action='modify'>
    <nd ref='-182257335' />
    <nd ref='-182257336' />
    <nd ref='-182257339' />
    <tag k='type' v='straight' />
  </way>
  <way id='-38908358' action='modify'>
    <nd ref='-182257339' />
    <nd ref='-182257340' />
  </way>
  <way id='-38908359' action='modify'>
    <nd ref='-182257352' />
    <nd ref='-182257353' />
    <tag k='type' v='straight' />
  </way>
  <way id='-38908360' action='modify'>
    <nd ref='-182257340' />
    <nd ref='-182257337' />
    <nd ref='-182257338' />
    <tag k='type' v='straight' />
  </way>
  <way id='-38908361' action='modify'>
    <nd ref='-182257338' />
    <nd ref='-182257341' />
  </way>
  <way id='-38908362' action='modify'>
    <nd ref='-182257341' />
    <nd ref='-182257342' />
    <tag k='type' v='straight' />
  </way>
  <way id='-38908363' action='modify'>
    <nd ref='-182257342' />
    <nd ref='-182257343' />
  </way>
  <way id='-38908364' action='modify'>
    <nd ref='-182257343' />
    <nd ref='-182258205' />
    <tag k='type' v='straight' />
  </way>
  <way id='-38908365' action='modify'>
    <nd ref='-182257344' />
    <nd ref='-182257345' />
  </way>
  <way id='-38908366' action='modify'>
    <nd ref='-182257345' />
    <nd ref='-182257346' />
    <tag k='type' v='straight' />
  </way>
  <way id='-38908367' action='modify'>
    <nd ref='-182257346' />
    <nd ref='-182257347' />
  </way>
  <way id='-38908368' action='modify'>
    <nd ref='-182257347' />
    <nd ref='-182257348' />
    <tag k='type' v='straight' />
  </way>
  <way id='-38908369' action='modify'>
    <nd ref='-182257348' />
    <nd ref='-182257349' />
  </way>
  <way id='-38908370' action='modify'>
    <nd ref='-182257349' />
    <nd ref='-182257350' />
    <tag k='type' v='straight' />
  </way>
  <way id='-38908371' action='modify'>
    <nd ref='-182257350' />
    <nd ref='-182257351' />
    <nd ref='-182257352' />
  </way>
  <way id='-38908372' action='modify'>
    <nd ref='-182257355' />
    <nd ref='-182257356' />
  </way>
  <way id='-38908373' action='modify'>
    <nd ref='-182257356' />
    <nd ref='-182257967' />
    <nd ref='-182257357' />
    <tag k='type' v='straight' />
  </way>
  <way id='-38908374' action='modify'>
    <nd ref='-182257357' />
    <nd ref='-182257358' />
  </way>
  <way id='-38908375' action='modify'>
    <nd ref='-182257358' />
    <nd ref='-182257906' />
    <nd ref='-182257359' />
    <tag k='type' v='straight' />
  </way>
  <way id='-38908376' action='modify'>
    <nd ref='-182257359' />
    <nd ref='-182257360' />
  </way>
  <way id='-38908377' action='modify'>
    <nd ref='-182257360' />
    <nd ref='-182257361' />
    <tag k='type' v='straight' />
  </way>
  <way id='-38908378' action='modify'>
    <nd ref='-182257361' />
    <nd ref='-182257961' />
    <nd ref='-182257362' />
    <tag k='type' v='straight' />
  </way>
  <way id='-38908379' action='modify'>
    <nd ref='-182257362' />
    <nd ref='-182257363' />
  </way>
  <way id='-38908380' action='modify'>
    <nd ref='-182257363' />
    <nd ref='-182257364' />
    <tag k='type' v='straight' />
  </way>
  <way id='-38908381' action='modify'>
    <nd ref='-182257364' />
    <nd ref='-182257365' />
  </way>
  <way id='-38908382' action='modify'>
    <nd ref='-182257365' />
    <nd ref='-182257366' />
    <tag k='type' v='straight' />
  </way>
  <way id='-38908383' action='modify'>
    <nd ref='-182257366' />
    <nd ref='-182257367' />
  </way>
  <way id='-38908384' action='modify'>
    <nd ref='-182257370' />
    <nd ref='-182257371' />
    <tag k='type' v='straight' />
  </way>
  <way id='-38908385' action='modify'>
    <nd ref='-182257367' />
    <nd ref='-182257368' />
    <nd ref='-182257369' />
    <tag k='type' v='straight' />
  </way>
  <way id='-38908386' action='modify'>
    <nd ref='-182257369' />
    <nd ref='-182257370' />
  </way>
  <way id='-38908387' action='modify'>
    <nd ref='-182257373' />
    <nd ref='-182257374' />
    <tag k='type' v='straight' />
  </way>
  <way id='-38908388' action='modify'>
    <nd ref='-182257374' />
    <nd ref='-182257832' />
    <tag k='type' v='straight' />
  </way>
  <way id='-38908389' action='modify'>
    <nd ref='-182257375' />
    <nd ref='-182257376' />
  </way>
  <way id='-38908390' action='modify'>
    <nd ref='-182257376' />
    <nd ref='-182258054' />
    <nd ref='-182257944' />
    <nd ref='-182257377' />
    <tag k='type' v='straight' />
  </way>
  <way id='-38908391' action='modify'>
    <nd ref='-182257377' />
    <nd ref='-182257378' />
  </way>
  <way id='-38908392' action='modify'>
    <nd ref='-182257378' />
    <nd ref='-182257379' />
    <tag k='type' v='straight' />
  </way>
  <way id='-38908393' action='modify'>
    <nd ref='-182257379' />
    <nd ref='-182257380' />
  </way>
  <way id='-38908394' action='modify'>
    <nd ref='-182257380' />
    <nd ref='-182257381' />
    <tag k='type' v='straight' />
  </way>
  <way id='-38908395' action='modify'>
    <nd ref='-182257388' />
    <nd ref='-182257875' />
    <nd ref='-182257389' />
    <nd ref='-182257390' />
    <tag k='type' v='straight' />
  </way>
  <way id='-38908396' action='modify'>
    <nd ref='-182257382' />
    <nd ref='-182257383' />
    <tag k='type' v='straight' />
  </way>
  <way id='-38908397' action='modify'>
    <nd ref='-182257383' />
    <nd ref='-182257384' />
  </way>
  <way id='-38908398' action='modify'>
    <nd ref='-182257384' />
    <nd ref='-182257385' />
    <nd ref='-182257386' />
    <nd ref='-182257387' />
    <tag k='type' v='straight' />
  </way>
  <way id='-38908399' action='modify'>
    <nd ref='-182257387' />
    <nd ref='-182257400' />
    <nd ref='-182257388' />
  </way>
  <way id='-38908400' action='modify'>
    <nd ref='-182257390' />
    <nd ref='-182257391' />
  </way>
  <way id='-38908401' action='modify'>
    <nd ref='-182257391' />
    <nd ref='-182257392' />
    <nd ref='-182257393' />
    <nd ref='-182257394' />
    <tag k='type' v='straight' />
  </way>
  <way id='-38908402' action='modify'>
    <nd ref='-182257394' />
    <nd ref='-182257395' />
  </way>
  <way id='-38908403' action='modify'>
    <nd ref='-182257395' />
    <nd ref='-182258020' />
    <nd ref='-182257782' />
    <tag k='type' v='straight' />
  </way>
  <way id='-38908404' action='modify'>
    <nd ref='-182257396' />
    <nd ref='-182257399' />
    <nd ref='-182257397' />
  </way>
  <way id='-38908405' action='modify'>
    <nd ref='-182257397' />
    <nd ref='-182257398' />
    <tag k='type' v='straight' />
  </way>
  <way id='-38908406' action='modify'>
    <nd ref='-182257403' />
    <nd ref='-182257407' />
    <nd ref='-182257291' />
    <tag k='type' v='straight' />
  </way>
  <way id='-38908407' action='modify'>
    <nd ref='-182257401' />
    <nd ref='-182257402' />
    <tag k='type' v='straight' />
  </way>
  <way id='-38908408' action='modify'>
    <nd ref='-182257402' />
    <nd ref='-182257403' />
  </way>
  <way id='-38908409' action='modify'>
    <nd ref='-182257404' />
    <nd ref='-182257405' />
  </way>
  <way id='-38908410' action='modify'>
    <nd ref='-182257405' />
    <nd ref='-182257406' />
    <tag k='type' v='straight' />
  </way>
  <way id='-38908411' action='modify'>
    <nd ref='-182257406' />
    <nd ref='-182257303' />
  </way>
  <way id='-38908412' action='modify'>
    <nd ref='-182257408' />
    <nd ref='-182257409' />
    <tag k='type' v='straight' />
  </way>
  <way id='-38908413' action='modify'>
    <nd ref='-182257294' />
    <nd ref='-182257415' />
    <tag k='type' v='straight' />
  </way>
  <way id='-38908414' action='modify'>
    <nd ref='-182257295' />
    <nd ref='-182257296' />
    <tag k='type' v='straight' />
  </way>
  <way id='-38908415' action='modify'>
    <nd ref='-182257295' />
    <nd ref='-182257416' />
  </way>
  <way id='-38908416' action='modify'>
    <nd ref='-182257409' />
    <nd ref='-182257410' />
  </way>
  <way id='-38908417' action='modify'>
    <nd ref='-182257410' />
    <nd ref='-182257411' />
    <tag k='type' v='straight' />
  </way>
  <way id='-38908418' action='modify'>
    <nd ref='-182257411' />
    <nd ref='-182257412' />
  </way>
  <way id='-38908419' action='modify'>
    <nd ref='-182257412' />
    <nd ref='-182257413' />
    <tag k='type' v='straight' />
  </way>
  <way id='-38908420' action='modify'>
    <nd ref='-182257413' />
    <nd ref='-182257414' />
  </way>
  <way id='-38908421' action='modify'>
    <nd ref='-182257414' />
    <nd ref='-182257415' />
    <tag k='type' v='straight' />
  </way>
  <way id='-38908422' action='modify'>
    <nd ref='-182257416' />
    <nd ref='-182257417' />
  </way>
  <way id='-38908423' action='modify'>
    <nd ref='-182257417' />
    <nd ref='-182257418' />
    <tag k='type' v='straight' />
  </way>
  <way id='-38908424' action='modify'>
    <nd ref='-182257418' />
    <nd ref='-182257419' />
  </way>
  <way id='-38908425' action='modify'>
    <nd ref='-182257419' />
    <nd ref='-182257420' />
    <tag k='type' v='straight' />
  </way>
  <way id='-38908426' action='modify'>
    <nd ref='-182257420' />
    <nd ref='-182257291' />
  </way>
  <way id='-38908427' action='modify'>
    <nd ref='-182257422' />
    <nd ref='-182258077' />
    <nd ref='-182257421' />
    <tag k='type' v='straight' />
  </way>
  <way id='-38908428' action='modify'>
    <nd ref='-182257421' />
    <nd ref='-182257423' />
  </way>
  <way id='-38908429' action='modify'>
    <nd ref='-182257423' />
    <nd ref='-182257424' />
    <tag k='type' v='straight' />
  </way>
  <way id='-38908430' action='modify'>
    <nd ref='-182257424' />
    <nd ref='-182257425' />
  </way>
  <way id='-38908431' action='modify'>
    <nd ref='-182257425' />
    <nd ref='-182257426' />
    <tag k='type' v='straight' />
  </way>
  <way id='-38908432' action='modify'>
    <nd ref='-182257426' />
    <nd ref='-182257427' />
  </way>
  <way id='-38908433' action='modify'>
    <nd ref='-182257427' />
    <nd ref='-182257794' />
    <nd ref='-182257385' />
    <tag k='type' v='straight' />
  </way>
  <way id='-38908434' action='modify'>
    <nd ref='-182257291' />
    <nd ref='-182257422' />
    <tag k='type' v='straight' />
  </way>
  <way id='-38908435' action='modify'>
    <nd ref='-182257422' />
    <nd ref='-182257404' />
    <tag k='type' v='straight' />
  </way>
  <way id='-38908436' action='modify'>
    <nd ref='-182257431' />
    <nd ref='-182257434' />
    <nd ref='-182257432' />
  </way>
  <way id='-38908437' action='modify'>
    <nd ref='-182257439' />
    <nd ref='-182257438' />
    <tag k='type' v='straight' />
  </way>
  <way id='-38908438' action='modify'>
    <nd ref='-182257428' />
    <nd ref='-182257429' />
    <tag k='type' v='straight' />
  </way>
  <way id='-38908439' action='modify'>
    <nd ref='-182257429' />
    <nd ref='-182257430' />
  </way>
  <way id='-38908440' action='modify'>
    <nd ref='-182257430' />
    <nd ref='-182257431' />
    <tag k='type' v='straight' />
  </way>
  <way id='-38908441' action='modify'>
    <nd ref='-182257432' />
    <nd ref='-182257433' />
    <tag k='type' v='straight' />
  </way>
  <way id='-38908442' action='modify'>
    <nd ref='-182257433' />
    <nd ref='-182257435' />
    <nd ref='-182257436' />
  </way>
  <way id='-38908443' action='modify'>
    <nd ref='-182257436' />
    <nd ref='-182257437' />
    <tag k='type' v='straight' />
  </way>
  <way id='-38908444' action='modify'>
    <nd ref='-182257437' />
    <nd ref='-182257440' />
    <nd ref='-182257439' />
  </way>
  <way id='-38908445' action='modify'>
    <nd ref='-182257441' />
    <nd ref='-182257442' />
    <tag k='type' v='straight' />
  </way>
  <way id='-38908446' action='modify'>
    <nd ref='-182257442' />
    <nd ref='-182257443' />
  </way>
  <way id='-38908447' action='modify'>
    <nd ref='-182257443' />
    <nd ref='-182257392' />
    <tag k='type' v='straight' />
  </way>
  <way id='-38908448' action='modify'>
    <nd ref='-182257448' />
    <nd ref='-182257455' />
    <nd ref='-182257449' />
    <tag k='type' v='straight' />
  </way>
  <way id='-38908449' action='modify'>
    <nd ref='-182257444' />
    <nd ref='-182257445' />
    <tag k='type' v='straight' />
  </way>
  <way id='-38908450' action='modify'>
    <nd ref='-182257445' />
    <nd ref='-182257446' />
  </way>
  <way id='-38908451' action='modify'>
    <nd ref='-182257446' />
    <nd ref='-182257447' />
    <tag k='type' v='straight' />
  </way>
  <way id='-38908452' action='modify'>
    <nd ref='-182257447' />
    <nd ref='-182257448' />
  </way>
  <way id='-38908453' action='modify'>
    <nd ref='-182257449' />
    <nd ref='-182257450' />
    <nd ref='-182257451' />
  </way>
  <way id='-38908454' action='modify'>
    <nd ref='-182257451' />
    <nd ref='-182257452' />
    <tag k='type' v='straight' />
  </way>
  <way id='-38908455' action='modify'>
    <nd ref='-182257452' />
    <nd ref='-182257453' />
  </way>
  <way id='-38908456' action='modify'>
    <nd ref='-182257453' />
    <nd ref='-182257454' />
    <tag k='type' v='straight' />
  </way>
  <way id='-38908457' action='modify'>
    <nd ref='-182257454' />
    <nd ref='-182257431' />
  </way>
  <way id='-38908458' action='modify'>
    <nd ref='-182257498' />
    <nd ref='-182257458' />
    <nd ref='-182257476' />
    <nd ref='-182258133' />
    <nd ref='-182257457' />
    <tag k='type' v='straight' />
  </way>
  <way id='-38908459' action='modify'>
    <nd ref='-182258114' />
    <nd ref='-182257398' />
    <nd ref='-182257456' />
    <tag k='type' v='straight' />
  </way>
  <way id='-38908460' action='modify'>
    <nd ref='-182257456' />
    <nd ref='-182257785' />
    <nd ref='-182257459' />
  </way>
  <way id='-38908461' action='modify'>
    <nd ref='-182257459' />
    <nd ref='-182257460' />
    <tag k='type' v='straight' />
  </way>
  <way id='-38908462' action='modify'>
    <nd ref='-182257460' />
    <nd ref='-182257467' />
    <nd ref='-182257461' />
  </way>
  <way id='-38908463' action='modify'>
    <nd ref='-182257461' />
    <nd ref='-182257462' />
    <tag k='type' v='straight' />
  </way>
  <way id='-38908464' action='modify'>
    <nd ref='-182257462' />
    <nd ref='-182257463' />
  </way>
  <way id='-38908465' action='modify'>
    <nd ref='-182257463' />
    <nd ref='-182257464' />
    <tag k='type' v='straight' />
  </way>
  <way id='-38908466' action='modify'>
    <nd ref='-182257464' />
    <nd ref='-182258150' />
    <nd ref='-182257465' />
  </way>
  <way id='-38908467' action='modify'>
    <nd ref='-182257465' />
    <nd ref='-182257466' />
    <tag k='type' v='straight' />
  </way>
  <way id='-38908468' action='modify'>
    <nd ref='-182257468' />
    <nd ref='-182257469' />
    <nd ref='-182257470' />
  </way>
  <way id='-38908469' action='modify'>
    <nd ref='-182257386' />
    <nd ref='-182257468' />
    <tag k='type' v='straight' />
  </way>
  <way id='-38908470' action='modify'>
    <nd ref='-182257470' />
    <nd ref='-182257472' />
    <nd ref='-182257471' />
    <tag k='type' v='straight' />
  </way>
  <way id='-38908471' action='modify'>
    <nd ref='-182257476' />
    <nd ref='-182257567' />
    <nd ref='-182257475' />
    <tag k='type' v='straight' />
  </way>
  <way id='-38908472' action='modify'>
    <nd ref='-182257475' />
    <nd ref='-182257474' />
  </way>
  <way id='-38908473' action='modify'>
    <nd ref='-182257474' />
    <nd ref='-182257473' />
    <tag k='type' v='straight' />
  </way>
  <way id='-38908474' action='modify'>
    <nd ref='-182257487' />
    <nd ref='-182257489' />
    <tag k='type' v='straight' />
  </way>
  <way id='-38908475' action='modify'>
    <nd ref='-182257495' />
    <nd ref='-182257496' />
    <nd ref='-182257497' />
    <tag k='type' v='straight' />
  </way>
  <way id='-38908476' action='modify'>
    <nd ref='-182257489' />
    <nd ref='-182257488' />
    <tag k='type' v='straight' />
  </way>
  <way id='-38908477' action='modify'>
    <nd ref='-182257488' />
    <nd ref='-182257490' />
  </way>
  <way id='-38908478' action='modify'>
    <nd ref='-182257490' />
    <nd ref='-182257491' />
    <nd ref='-182257492' />
    <tag k='type' v='straight' />
  </way>
  <way id='-38908479' action='modify'>
    <nd ref='-182257492' />
    <nd ref='-182257493' />
  </way>
  <way id='-38908480' action='modify'>
    <nd ref='-182257493' />
    <nd ref='-182257494' />
    <tag k='type' v='straight' />
  </way>
  <way id='-38908481' action='modify'>
    <nd ref='-182257494' />
    <nd ref='-182257495' />
  </way>
  <way id='-38908482' action='modify'>
    <nd ref='-182257480' />
    <nd ref='-182257481' />
  </way>
  <way id='-38908483' action='modify'>
    <nd ref='-182257481' />
    <nd ref='-182258123' />
    <tag k='type' v='straight' />
  </way>
  <way id='-38908484' action='modify'>
    <nd ref='-182257482' />
    <nd ref='-182257483' />
  </way>
  <way id='-38908485' action='modify'>
    <nd ref='-182257483' />
    <nd ref='-182258124' />
    <tag k='type' v='straight' />
  </way>
  <way id='-38908486' action='modify'>
    <nd ref='-182257484' />
    <nd ref='-182257485' />
  </way>
  <way id='-38908487' action='modify'>
    <nd ref='-182257485' />
    <nd ref='-182257486' />
    <tag k='type' v='straight' />
  </way>
  <way id='-38908488' action='modify'>
    <nd ref='-182257486' />
    <nd ref='-182257489' />
  </way>
  <way id='-38908489' action='modify'>
    <nd ref='-182257473' />
    <nd ref='-182257477' />
  </way>
  <way id='-38908490' action='modify'>
    <nd ref='-182257477' />
    <nd ref='-182257478' />
    <tag k='type' v='straight' />
  </way>
  <way id='-38908491' action='modify'>
    <nd ref='-182257478' />
    <nd ref='-182257479' />
  </way>
  <way id='-38908492' action='modify'>
    <nd ref='-182257479' />
    <nd ref='-182258182' />
    <nd ref='-182257480' />
    <tag k='type' v='straight' />
  </way>
  <way id='-38908493' action='modify'>
    <nd ref='-182257371' />
    <nd ref='-182257372' />
    <tag k='type' v='straight' />
  </way>
  <way id='-38908494' action='modify'>
    <nd ref='-182257372' />
    <nd ref='-182257373' />
    <tag k='type' v='straight' />
  </way>
  <way id='-38908495' action='modify'>
    <nd ref='-182257457' />
    <nd ref='-182257499' />
  </way>
  <way id='-38908496' action='modify'>
    <nd ref='-182257499' />
    <nd ref='-182257500' />
    <tag k='type' v='straight' />
  </way>
  <way id='-38908497' action='modify'>
    <nd ref='-182257500' />
    <nd ref='-182257501' />
  </way>
  <way id='-38908498' action='modify'>
    <nd ref='-182257501' />
    <nd ref='-182257502' />
    <tag k='type' v='straight' />
  </way>
  <way id='-38908499' action='modify'>
    <nd ref='-182257502' />
    <nd ref='-182257371' />
  </way>
  <way id='-38908500' action='modify'>
    <nd ref='-182257503' />
    <nd ref='-182257507' />
    <nd ref='-182257506' />
    <nd ref='-182257504' />
  </way>
  <way id='-38908501' action='modify'>
    <nd ref='-182257372' />
    <nd ref='-182257503' />
    <tag k='type' v='straight' />
  </way>
  <way id='-38908502' action='modify'>
    <nd ref='-182257505' />
    <nd ref='-182257508' />
    <nd ref='-182257509' />
    <nd ref='-182257510' />
  </way>
  <way id='-38908503' action='modify'>
    <nd ref='-182257504' />
    <nd ref='-182257771' />
    <nd ref='-182257505' />
    <tag k='type' v='straight' />
  </way>
  <way id='-38908504' action='modify'>
    <nd ref='-182257519' />
    <nd ref='-182257520' />
    <nd ref='-182257521' />
  </way>
  <way id='-38908505' action='modify'>
    <nd ref='-182257513' />
    <nd ref='-182257511' />
    <tag k='type' v='straight' />
  </way>
  <way id='-38908506' action='modify'>
    <nd ref='-182257511' />
    <nd ref='-182257514' />
  </way>
  <way id='-38908507' action='modify'>
    <nd ref='-182257514' />
    <nd ref='-182257515' />
    <tag k='type' v='straight' />
  </way>
  <way id='-38908508' action='modify'>
    <nd ref='-182257515' />
    <nd ref='-182257516' />
  </way>
  <way id='-38908509' action='modify'>
    <nd ref='-182257516' />
    <nd ref='-182257517' />
    <tag k='type' v='straight' />
  </way>
  <way id='-38908510' action='modify'>
    <nd ref='-182257517' />
    <nd ref='-182257518' />
  </way>
  <way id='-38908511' action='modify'>
    <nd ref='-182257518' />
    <nd ref='-182257519' />
    <tag k='type' v='straight' />
  </way>
  <way id='-38908512' action='modify'>
    <nd ref='-182257524' />
    <nd ref='-182257525' />
    <nd ref='-182257526' />
    <nd ref='-182257527' />
  </way>
  <way id='-38908513' action='modify'>
    <nd ref='-182257521' />
    <nd ref='-182257811' />
    <nd ref='-182257522' />
    <tag k='type' v='straight' />
  </way>
  <way id='-38908514' action='modify'>
    <nd ref='-182257528' />
    <nd ref='-182257529' />
    <nd ref='-182257530' />
  </way>
  <way id='-38908515' action='modify'>
    <nd ref='-182257522' />
    <nd ref='-182257523' />
  </way>
  <way id='-38908516' action='modify'>
    <nd ref='-182257523' />
    <nd ref='-182257838' />
    <nd ref='-182257920' />
    <nd ref='-182257524' />
    <tag k='type' v='straight' />
  </way>
  <way id='-38908517' action='modify'>
    <nd ref='-182257527' />
    <nd ref='-182257888' />
    <nd ref='-182257528' />
    <tag k='type' v='straight' />
  </way>
  <way id='-38908518' action='modify'>
    <nd ref='-182257538' />
    <nd ref='-182257539' />
    <nd ref='-182257540' />
    <nd ref='-182257541' />
    <nd ref='-182257542' />
  </way>
  <way id='-38908519' action='modify'>
    <nd ref='-182257530' />
    <nd ref='-182257531' />
    <tag k='type' v='straight' />
  </way>
  <way id='-38908520' action='modify'>
    <nd ref='-182257531' />
    <nd ref='-182257532' />
    <nd ref='-182257533' />
  </way>
  <way id='-38908521' action='modify'>
    <nd ref='-182257533' />
    <nd ref='-182257534' />
    <tag k='type' v='straight' />
  </way>
  <way id='-38908522' action='modify'>
    <nd ref='-182257534' />
    <nd ref='-182257535' />
  </way>
  <way id='-38908523' action='modify'>
    <nd ref='-182257535' />
    <nd ref='-182257536' />
    <tag k='type' v='straight' />
  </way>
  <way id='-38908524' action='modify'>
    <nd ref='-182257536' />
    <nd ref='-182257537' />
  </way>
  <way id='-38908525' action='modify'>
    <nd ref='-182257537' />
    <nd ref='-182257538' />
    <tag k='type' v='straight' />
  </way>
  <way id='-38908526' action='modify'>
    <nd ref='-182257543' />
    <nd ref='-182257544' />
    <nd ref='-182257545' />
    <nd ref='-182257546' />
  </way>
  <way id='-38908527' action='modify'>
    <nd ref='-182257542' />
    <nd ref='-182257543' />
    <tag k='type' v='straight' />
  </way>
  <way id='-38908528' action='modify'>
    <nd ref='-182257546' />
    <nd ref='-182257547' />
    <tag k='type' v='straight' />
  </way>
  <way id='-38908529' action='modify'>
    <nd ref='-182257547' />
    <nd ref='-182257548' />
    <tag k='type' v='straight' />
  </way>
  <way id='-38908530' action='modify'>
    <nd ref='-182257548' />
    <nd ref='-182257549' />
    <nd ref='-182257550' />
    <nd ref='-182257551' />
  </way>
  <way id='-38908531' action='modify'>
    <nd ref='-182257551' />
    <nd ref='-182257552' />
    <tag k='type' v='straight' />
  </way>
  <way id='-38908532' action='modify'>
    <nd ref='-182257552' />
    <nd ref='-182257553' />
    <nd ref='-182257554' />
    <tag k='type' v='straight' />
  </way>
  <way id='-38908533' action='modify'>
    <nd ref='-182257554' />
    <nd ref='-182257555' />
  </way>
  <way id='-38908534' action='modify'>
    <nd ref='-182257555' />
    <nd ref='-182257556' />
    <tag k='type' v='straight' />
  </way>
  <way id='-38908535' action='modify'>
    <nd ref='-182257556' />
    <nd ref='-182257557' />
  </way>
  <way id='-38908536' action='modify'>
    <nd ref='-182257557' />
    <nd ref='-182257558' />
    <nd ref='-182257559' />
    <tag k='type' v='straight' />
  </way>
  <way id='-38908537' action='modify'>
    <nd ref='-182257559' />
    <nd ref='-182257560' />
  </way>
  <way id='-38908538' action='modify'>
    <nd ref='-182257560' />
    <nd ref='-182257561' />
    <tag k='type' v='straight' />
  </way>
  <way id='-38908539' action='modify'>
    <nd ref='-182257561' />
    <nd ref='-182257564' />
    <tag k='type' v='straight' />
  </way>
  <way id='-38908540' action='modify'>
    <nd ref='-182257564' />
    <nd ref='-182257562' />
  </way>
  <way id='-38908541' action='modify'>
    <nd ref='-182257562' />
    <nd ref='-182257563' />
    <tag k='type' v='straight' />
  </way>
  <way id='-38908542' action='modify'>
    <nd ref='-182258186' />
    <nd ref='-182257941' />
    <nd ref='-182257381' />
    <nd ref='-182257802' />
    <nd ref='-182258131' />
    <nd ref='-182257575' />
    <tag k='type' v='straight' />
  </way>
  <way id='-38908543' action='modify'>
    <nd ref='-182257566' />
    <nd ref='-182258114' />
  </way>
  <way id='-38908544' action='modify'>
    <nd ref='-182257567' />
    <nd ref='-182258135' />
    <nd ref='-182257565' />
    <tag k='type' v='straight' />
  </way>
  <way id='-38908545' action='modify'>
    <nd ref='-182257565' />
    <nd ref='-182257568' />
  </way>
  <way id='-38908546' action='modify'>
    <nd ref='-182257568' />
    <nd ref='-182257569' />
    <tag k='type' v='straight' />
  </way>
  <way id='-38908547' action='modify'>
    <nd ref='-182257569' />
    <nd ref='-182257570' />
  </way>
  <way id='-38908548' action='modify'>
    <nd ref='-182257570' />
    <nd ref='-182257571' />
    <tag k='type' v='straight' />
  </way>
  <way id='-38908549' action='modify'>
    <nd ref='-182257571' />
    <nd ref='-182257572' />
  </way>
  <way id='-38908550' action='modify'>
    <nd ref='-182257748' />
    <nd ref='-182257804' />
    <nd ref='-182257577' />
    <nd ref='-182257573' />
    <tag k='type' v='straight' />
  </way>
  <way id='-38908551' action='modify'>
    <nd ref='-182257573' />
    <nd ref='-182257954' />
    <nd ref='-182257839' />
    <nd ref='-182257939' />
  </way>
  <way id='-38908552' action='modify'>
    <nd ref='-182257939' />
    <nd ref='-182257574' />
    <tag k='type' v='straight' />
  </way>
  <way id='-38908553' action='modify'>
    <nd ref='-182257630' />
    <nd ref='-182257631' />
    <tag k='type' v='straight' />
  </way>
  <way id='-38908554' action='modify'>
    <nd ref='-182257316' />
    <nd ref='-182257578' />
    <tag k='type' v='straight' />
  </way>
  <way id='-38908555' action='modify'>
    <nd ref='-182257353' />
    <nd ref='-182257354' />
    <tag k='type' v='straight' />
  </way>
  <way id='-38908556' action='modify'>
    <nd ref='-182257354' />
    <nd ref='-182257355' />
    <tag k='type' v='straight' />
  </way>
  <way id='-38908557' action='modify'>
    <nd ref='-182258001' />
    <nd ref='-182257587' />
    <nd ref='-182257588' />
    <nd ref='-182257589' />
    <nd ref='-182257595' />
    <nd ref='-182257591' />
  </way>
  <way id='-38908558' action='modify'>
    <nd ref='-182257578' />
    <nd ref='-182258199' />
    <nd ref='-182257579' />
  </way>
  <way id='-38908559' action='modify'>
    <nd ref='-182257579' />
    <nd ref='-182257580' />
    <tag k='type' v='straight' />
  </way>
  <way id='-38908560' action='modify'>
    <nd ref='-182257580' />
    <nd ref='-182257857' />
  </way>
  <way id='-38908561' action='modify'>
    <nd ref='-182257581' />
    <nd ref='-182258068' />
    <nd ref='-182257582' />
    <tag k='type' v='straight' />
  </way>
  <way id='-38908562' action='modify'>
    <nd ref='-182257582' />
    <nd ref='-182257583' />
  </way>
  <way id='-38908563' action='modify'>
    <nd ref='-182257583' />
    <nd ref='-182257353' />
    <tag k='type' v='straight' />
  </way>
  <way id='-38908564' action='modify'>
    <nd ref='-182257591' />
    <nd ref='-182257590' />
    <tag k='type' v='straight' />
  </way>
  <way id='-38908565' action='modify'>
    <nd ref='-182257590' />
    <nd ref='-182257593' />
    <nd ref='-182257592' />
  </way>
  <way id='-38908566' action='modify'>
    <nd ref='-182257592' />
    <nd ref='-182257594' />
    <tag k='type' v='straight' />
  </way>
  <way id='-38908567' action='modify'>
    <nd ref='-182257354' />
    <nd ref='-182257584' />
    <tag k='type' v='straight' />
  </way>
  <way id='-38908568' action='modify'>
    <nd ref='-182257584' />
    <nd ref='-182257720' />
    <nd ref='-182257719' />
  </way>
  <way id='-38908569' action='modify'>
    <nd ref='-182257586' />
    <nd ref='-182257901' />
    <nd ref='-182258001' />
    <tag k='type' v='straight' />
  </way>
  <way id='-38908570' action='modify'>
    <nd ref='-182257301' />
    <nd ref='-182257597' />
    <nd ref='-182257596' />
    <tag k='type' v='straight' />
  </way>
  <way id='-38908571' action='modify'>
    <nd ref='-182257596' />
    <nd ref='-182257598' />
  </way>
  <way id='-38908572' action='modify'>
    <nd ref='-182257599' />
    <nd ref='-182257600' />
  </way>
  <way id='-38908573' action='modify'>
    <nd ref='-182257598' />
    <nd ref='-182257599' />
    <tag k='type' v='straight' />
  </way>
  <way id='-38908574' action='modify'>
    <nd ref='-182257600' />
    <nd ref='-182257601' />
    <tag k='type' v='straight' />
  </way>
  <way id='-38908575' action='modify'>
    <nd ref='-182257601' />
    <nd ref='-182257602' />
  </way>
  <way id='-38908576' action='modify'>
    <nd ref='-182257602' />
    <nd ref='-182257603' />
    <tag k='type' v='straight' />
  </way>
  <way id='-38908577' action='modify'>
    <nd ref='-182257603' />
    <nd ref='-182257604' />
  </way>
  <way id='-38908578' action='modify'>
    <nd ref='-182257604' />
    <nd ref='-182257778' />
    <nd ref='-182257605' />
    <tag k='type' v='straight' />
  </way>
  <way id='-38908579' action='modify'>
    <nd ref='-182257605' />
    <nd ref='-182257606' />
    <nd ref='-182257607' />
  </way>
  <way id='-38908580' action='modify'>
    <nd ref='-182257607' />
    <nd ref='-182257315' />
    <tag k='type' v='straight' />
  </way>
  <way id='-38908581' action='modify'>
    <nd ref='-182257609' />
    <nd ref='-182257798' />
    <tag k='type' v='straight' />
  </way>
  <way id='-38908582' action='modify'>
    <nd ref='-182257608' />
    <nd ref='-182257610' />
  </way>
  <way id='-38908583' action='modify'>
    <nd ref='-182257610' />
    <nd ref='-182257611' />
    <tag k='type' v='straight' />
  </way>
  <way id='-38908584' action='modify'>
    <nd ref='-182257611' />
    <nd ref='-182257612' />
  </way>
  <way id='-38908585' action='modify'>
    <nd ref='-182257612' />
    <nd ref='-182257613' />
    <tag k='type' v='straight' />
  </way>
  <way id='-38908586' action='modify'>
    <nd ref='-182257613' />
    <nd ref='-182257614' />
  </way>
  <way id='-38908587' action='modify'>
    <nd ref='-182257614' />
    <nd ref='-182257615' />
    <tag k='type' v='straight' />
  </way>
  <way id='-38908588' action='modify'>
    <nd ref='-182257615' />
    <nd ref='-182257561' />
  </way>
  <way id='-38908589' action='modify'>
    <nd ref='-182257553' />
    <nd ref='-182257616' />
    <tag k='type' v='straight' />
  </way>
  <way id='-38908590' action='modify'>
    <nd ref='-182257616' />
    <nd ref='-182257617' />
  </way>
  <way id='-38908591' action='modify'>
    <nd ref='-182257617' />
    <nd ref='-182257618' />
    <tag k='type' v='straight' />
  </way>
  <way id='-38908592' action='modify'>
    <nd ref='-182257393' />
    <nd ref='-182257629' />
    <nd ref='-182257619' />
    <tag k='type' v='straight' />
  </way>
  <way id='-38908593' action='modify'>
    <nd ref='-182257619' />
    <nd ref='-182257620' />
  </way>
  <way id='-38908594' action='modify'>
    <nd ref='-182257620' />
    <nd ref='-182257621' />
    <tag k='type' v='straight' />
  </way>
  <way id='-38908595' action='modify'>
    <nd ref='-182257621' />
    <nd ref='-182257622' />
    <nd ref='-182258118' />
    <nd ref='-182257623' />
  </way>
  <way id='-38908596' action='modify'>
    <nd ref='-182257623' />
    <nd ref='-182257624' />
    <tag k='type' v='straight' />
  </way>
  <way id='-38908597' action='modify'>
    <nd ref='-182257624' />
    <nd ref='-182257625' />
  </way>
  <way id='-38908598' action='modify'>
    <nd ref='-182257625' />
    <nd ref='-182257626' />
    <tag k='type' v='straight' />
  </way>
  <way id='-38908599' action='modify'>
    <nd ref='-182257626' />
    <nd ref='-182257627' />
  </way>
  <way id='-38908600' action='modify'>
    <nd ref='-182257627' />
    <nd ref='-182257628' />
    <tag k='type' v='straight' />
  </way>
  <way id='-38908601' action='modify'>
    <nd ref='-182257577' />
    <nd ref='-182257576' />
    <tag k='type' v='straight' />
  </way>
  <way id='-38908602' action='modify'>
    <nd ref='-182257953' />
    <nd ref='-182257630' />
  </way>
  <way id='-38908603' action='modify'>
    <nd ref='-182257638' />
    <nd ref='-182257639' />
  </way>
  <way id='-38908604' action='modify'>
    <nd ref='-182257639' />
    <nd ref='-182257662' />
    <tag k='type' v='straight' />
  </way>
  <way id='-38908605' action='modify'>
    <nd ref='-182257640' />
    <nd ref='-182257641' />
  </way>
  <way id='-38908606' action='modify'>
    <nd ref='-182257641' />
    <nd ref='-182257618' />
    <nd ref='-182257609' />
    <nd ref='-182257642' />
    <tag k='type' v='straight' />
  </way>
  <way id='-38908607' action='modify'>
    <nd ref='-182257633' />
    <nd ref='-182257634' />
  </way>
  <way id='-38908608' action='modify'>
    <nd ref='-182257634' />
    <nd ref='-182257635' />
    <tag k='type' v='straight' />
  </way>
  <way id='-38908609' action='modify'>
    <nd ref='-182257635' />
    <nd ref='-182257636' />
    <nd ref='-182257637' />
  </way>
  <way id='-38908610' action='modify'>
    <nd ref='-182257637' />
    <nd ref='-182257638' />
    <tag k='type' v='straight' />
  </way>
  <way id='-38908611' action='modify'>
    <nd ref='-182257631' />
    <nd ref='-182257632' />
  </way>
  <way id='-38908612' action='modify'>
    <nd ref='-182257632' />
    <nd ref='-182257633' />
    <tag k='type' v='straight' />
  </way>
  <way id='-38908613' action='modify'>
    <nd ref='-182257642' />
    <nd ref='-182257643' />
  </way>
  <way id='-38908614' action='modify'>
    <nd ref='-182257643' />
    <nd ref='-182258082' />
    <nd ref='-182257645' />
    <nd ref='-182257644' />
    <tag k='type' v='straight' />
  </way>
  <way id='-38908615' action='modify'>
    <nd ref='-182257529' />
    <nd ref='-182257646' />
    <tag k='type' v='straight' />
  </way>
  <way id='-38908616' action='modify'>
    <nd ref='-182257646' />
    <nd ref='-182257647' />
  </way>
  <way id='-38908617' action='modify'>
    <nd ref='-182257654' />
    <nd ref='-182257652' />
    <tag k='type' v='straight' />
  </way>
  <way id='-38908618' action='modify'>
    <nd ref='-182257647' />
    <nd ref='-182257648' />
    <tag k='type' v='straight' />
  </way>
  <way id='-38908619' action='modify'>
    <nd ref='-182257648' />
    <nd ref='-182257649' />
  </way>
  <way id='-38908620' action='modify'>
    <nd ref='-182257649' />
    <nd ref='-182257650' />
    <tag k='type' v='straight' />
  </way>
  <way id='-38908621' action='modify'>
    <nd ref='-182257650' />
    <nd ref='-182257651' />
  </way>
  <way id='-38908622' action='modify'>
    <nd ref='-182257651' />
    <nd ref='-182257655' />
    <tag k='type' v='straight' />
  </way>
  <way id='-38908623' action='modify'>
    <nd ref='-182257655' />
    <nd ref='-182257654' />
  </way>
  <way id='-38908624' action='modify'>
    <nd ref='-182257653' />
    <nd ref='-182257656' />
  </way>
  <way id='-38908625' action='modify'>
    <nd ref='-182257661' />
    <nd ref='-182257663' />
    <nd ref='-182257662' />
  </way>
  <way id='-38908626' action='modify'>
    <nd ref='-182257656' />
    <nd ref='-182257657' />
    <tag k='type' v='straight' />
  </way>
  <way id='-38908627' action='modify'>
    <nd ref='-182257657' />
    <nd ref='-182257658' />
  </way>
  <way id='-38908628' action='modify'>
    <nd ref='-182257658' />
    <nd ref='-182257659' />
    <tag k='type' v='straight' />
  </way>
  <way id='-38908629' action='modify'>
    <nd ref='-182257659' />
    <nd ref='-182257660' />
  </way>
  <way id='-38908630' action='modify'>
    <nd ref='-182257660' />
    <nd ref='-182257661' />
    <tag k='type' v='straight' />
  </way>
  <way id='-38908631' action='modify'>
    <nd ref='-182257664' />
    <nd ref='-182257665' />
    <tag k='type' v='straight' />
  </way>
  <way id='-38908632' action='modify'>
    <nd ref='-182257662' />
    <nd ref='-182257664' />
    <tag k='type' v='straight' />
  </way>
  <way id='-38908633' action='modify'>
    <nd ref='-182257664' />
    <nd ref='-182257640' />
    <tag k='type' v='straight' />
  </way>
  <way id='-38908634' action='modify'>
    <nd ref='-182257665' />
    <nd ref='-182257666' />
  </way>
  <way id='-38908635' action='modify'>
    <nd ref='-182257666' />
    <nd ref='-182257667' />
    <tag k='type' v='straight' />
  </way>
  <way id='-38908636' action='modify'>
    <nd ref='-182257667' />
    <nd ref='-182257668' />
  </way>
  <way id='-38908637' action='modify'>
    <nd ref='-182257668' />
    <nd ref='-182257669' />
    <tag k='type' v='straight' />
  </way>
  <way id='-38908638' action='modify'>
    <nd ref='-182257669' />
    <nd ref='-182257670' />
  </way>
  <way id='-38908639' action='modify'>
    <nd ref='-182257670' />
    <nd ref='-182257671' />
    <tag k='type' v='straight' />
  </way>
  <way id='-38908640' action='modify'>
    <nd ref='-182257671' />
    <nd ref='-182257672' />
  </way>
  <way id='-38908641' action='modify'>
    <nd ref='-182257672' />
    <nd ref='-182257673' />
    <tag k='type' v='straight' />
  </way>
  <way id='-38908642' action='modify'>
    <nd ref='-182257675' />
    <nd ref='-182257674' />
    <tag k='type' v='straight' />
  </way>
  <way id='-38908643' action='modify'>
    <nd ref='-182257546' />
    <nd ref='-182257677' />
    <tag k='type' v='straight' />
  </way>
  <way id='-38908644' action='modify'>
    <nd ref='-182257677' />
    <nd ref='-182257676' />
  </way>
  <way id='-38908645' action='modify'>
    <nd ref='-182257676' />
    <nd ref='-182257678' />
    <tag k='type' v='straight' />
  </way>
  <way id='-38908646' action='modify'>
    <nd ref='-182257955' />
    <nd ref='-182257956' />
    <nd ref='-182257957' />
  </way>
  <way id='-38908647' action='modify'>
    <nd ref='-182257678' />
    <nd ref='-182257680' />
    <tag k='type' v='straight' />
  </way>
  <way id='-38908648' action='modify'>
    <nd ref='-182257680' />
    <nd ref='-182257681' />
  </way>
  <way id='-38908649' action='modify'>
    <nd ref='-182257681' />
    <nd ref='-182257682' />
    <tag k='type' v='straight' />
  </way>
  <way id='-38908650' action='modify'>
    <nd ref='-182257682' />
    <nd ref='-182257675' />
  </way>
  <way id='-38908651' action='modify'>
    <nd ref='-182257692' />
    <nd ref='-182257693' />
    <nd ref='-182257694' />
  </way>
  <way id='-38908652' action='modify'>
    <nd ref='-182257575' />
    <nd ref='-182257683' />
    <tag k='type' v='straight' />
  </way>
  <way id='-38908653' action='modify'>
    <nd ref='-182257683' />
    <nd ref='-182257684' />
  </way>
  <way id='-38908654' action='modify'>
    <nd ref='-182257684' />
    <nd ref='-182257685' />
    <tag k='type' v='straight' />
  </way>
  <way id='-38908655' action='modify'>
    <nd ref='-182257685' />
    <nd ref='-182257689' />
    <nd ref='-182257690' />
    <nd ref='-182257686' />
  </way>
  <way id='-38908656' action='modify'>
    <nd ref='-182257686' />
    <nd ref='-182257687' />
    <nd ref='-182257688' />
    <tag k='type' v='straight' />
  </way>
  <way id='-38908657' action='modify'>
    <nd ref='-182257688' />
    <nd ref='-182257691' />
  </way>
  <way id='-38908658' action='modify'>
    <nd ref='-182257691' />
    <nd ref='-182257692' />
    <tag k='type' v='straight' />
  </way>
  <way id='-38908659' action='modify'>
    <nd ref='-182257694' />
    <nd ref='-182257695' />
    <tag k='type' v='straight' />
  </way>
  <way id='-38908660' action='modify'>
    <nd ref='-182257695' />
    <nd ref='-182257653' />
  </way>
  <way id='-38908661' action='modify'>
    <nd ref='-182257652' />
    <nd ref='-182257653' />
    <tag k='type' v='straight' />
  </way>
  <way id='-38908662' action='modify'>
    <nd ref='-182257652' />
    <nd ref='-182257696' />
    <tag k='type' v='straight' />
  </way>
  <way id='-38908663' action='modify'>
    <nd ref='-182257696' />
    <nd ref='-182257697' />
  </way>
  <way id='-38908664' action='modify'>
    <nd ref='-182257697' />
    <nd ref='-182257698' />
    <tag k='type' v='straight' />
  </way>
  <way id='-38908665' action='modify'>
    <nd ref='-182257698' />
    <nd ref='-182257699' />
  </way>
  <way id='-38908666' action='modify'>
    <nd ref='-182257699' />
    <nd ref='-182257700' />
    <tag k='type' v='straight' />
  </way>
  <way id='-38908667' action='modify'>
    <nd ref='-182257700' />
    <nd ref='-182257701' />
  </way>
  <way id='-38908668' action='modify'>
    <nd ref='-182257701' />
    <nd ref='-182257547' />
    <tag k='type' v='straight' />
  </way>
  <way id='-38908669' action='modify'>
    <nd ref='-182257702' />
    <nd ref='-182257703' />
    <nd ref='-182257704' />
    <nd ref='-182257705' />
  </way>
  <way id='-38908670' action='modify'>
    <nd ref='-182257706' />
    <nd ref='-182257708' />
    <nd ref='-182257707' />
    <tag k='type' v='straight' />
  </way>
  <way id='-38908671' action='modify'>
    <nd ref='-182257705' />
    <nd ref='-182257708' />
    <tag k='type' v='straight' />
  </way>
  <way id='-38908672' action='modify'>
    <nd ref='-182257367' />
    <nd ref='-182257702' />
    <tag k='type' v='straight' />
  </way>
  <way id='-38908673' action='modify'>
    <nd ref='-182257711' />
    <nd ref='-182257712' />
    <nd ref='-182257713' />
    <tag k='type' v='straight' />
  </way>
  <way id='-38908674' action='modify'>
    <nd ref='-182257316' />
    <nd ref='-182258111' />
    <nd ref='-182257710' />
    <tag k='type' v='straight' />
  </way>
  <way id='-38908675' action='modify'>
    <nd ref='-182257710' />
    <nd ref='-182257711' />
  </way>
  <way id='-38908676' action='modify'>
    <nd ref='-182257713' />
    <nd ref='-182257714' />
    <nd ref='-182257715' />
  </way>
  <way id='-38908677' action='modify'>
    <nd ref='-182257715' />
    <nd ref='-182257716' />
    <tag k='type' v='straight' />
  </way>
  <way id='-38908678' action='modify'>
    <nd ref='-182257716' />
    <nd ref='-182257717' />
  </way>
  <way id='-38908679' action='modify'>
    <nd ref='-182257717' />
    <nd ref='-182257368' />
    <tag k='type' v='straight' />
  </way>
  <way id='-38908680' action='modify'>
    <nd ref='-182257723' />
    <nd ref='-182257724' />
    <nd ref='-182257725' />
    <nd ref='-182257726' />
    <nd ref='-182257727' />
  </way>
  <way id='-38908681' action='modify'>
    <nd ref='-182257719' />
    <nd ref='-182257718' />
    <tag k='type' v='straight' />
  </way>
  <way id='-38908682' action='modify'>
    <nd ref='-182257718' />
    <nd ref='-182257586' />
  </way>
  <way id='-38908683' action='modify'>
    <nd ref='-182257510' />
    <nd ref='-182257512' />
    <tag k='type' v='straight' />
  </way>
  <way id='-38908684' action='modify'>
    <nd ref='-182257512' />
    <nd ref='-182257513' />
  </way>
  <way id='-38908685' action='modify'>
    <nd ref='-182257707' />
    <nd ref='-182257510' />
  </way>
  <way id='-38908686' action='modify'>
    <nd ref='-182257719' />
    <nd ref='-182257721' />
    <tag k='type' v='straight' />
  </way>
  <way id='-38908687' action='modify'>
    <nd ref='-182257721' />
    <nd ref='-182257722' />
  </way>
  <way id='-38908688' action='modify'>
    <nd ref='-182257722' />
    <nd ref='-182258034' />
    <tag k='type' v='straight' />
  </way>
  <way id='-38908689' action='modify'>
    <nd ref='-182257727' />
    <nd ref='-182257728' />
    <tag k='type' v='straight' />
  </way>
  <way id='-38908690' action='modify'>
    <nd ref='-182257728' />
    <nd ref='-182257729' />
    <nd ref='-182257709' />
    <nd ref='-182257706' />
  </way>
  <way id='-38908691' action='modify'>
    <nd ref='-182257302' />
    <nd ref='-182257730' />
    <tag k='type' v='straight' />
  </way>
  <way id='-38908692' action='modify'>
    <nd ref='-182257730' />
    <nd ref='-182257731' />
  </way>
  <way id='-38908693' action='modify'>
    <nd ref='-182257731' />
    <nd ref='-182257732' />
    <tag k='type' v='straight' />
  </way>
  <way id='-38908694' action='modify'>
    <nd ref='-182257732' />
    <nd ref='-182257733' />
    <nd ref='-182257736' />
  </way>
  <way id='-38908695' action='modify'>
    <nd ref='-182257736' />
    <nd ref='-182257735' />
    <tag k='type' v='straight' />
  </way>
  <way id='-38908696' action='modify'>
    <nd ref='-182257735' />
    <nd ref='-182257734' />
  </way>
  <way id='-38908697' action='modify'>
    <nd ref='-182257734' />
    <nd ref='-182257336' />
    <tag k='type' v='straight' />
  </way>
  <way id='-38908698' action='modify'>
    <nd ref='-182257337' />
    <nd ref='-182257737' />
    <tag k='type' v='straight' />
  </way>
  <way id='-38908699' action='modify'>
    <nd ref='-182257737' />
    <nd ref='-182257738' />
  </way>
  <way id='-38908700' action='modify'>
    <nd ref='-182257738' />
    <nd ref='-182257739' />
    <tag k='type' v='straight' />
  </way>
  <way id='-38908701' action='modify'>
    <nd ref='-182257739' />
    <nd ref='-182257740' />
  </way>
  <way id='-38908702' action='modify'>
    <nd ref='-182257995' />
    <nd ref='-182257741' />
  </way>
  <way id='-38908703' action='modify'>
    <nd ref='-182257741' />
    <nd ref='-182258047' />
    <nd ref='-182257742' />
    <tag k='type' v='straight' />
  </way>
  <way id='-38908704' action='modify'>
    <nd ref='-182257742' />
    <nd ref='-182257743' />
  </way>
  <way id='-38908705' action='modify'>
    <nd ref='-182257743' />
    <nd ref='-182257744' />
    <tag k='type' v='straight' />
  </way>
  <way id='-38908706' action='modify'>
    <nd ref='-182257748' />
    <nd ref='-182257747' />
    <nd ref='-182257746' />
  </way>
  <way id='-38908707' action='modify'>
    <nd ref='-182257575' />
    <nd ref='-182257748' />
    <tag k='type' v='straight' />
  </way>
  <way id='-38908708' action='modify'>
    <nd ref='-182257752' />
    <nd ref='-182257753' />
    <nd ref='-182257487' />
  </way>
  <way id='-38908709' action='modify'>
    <nd ref='-182257746' />
    <nd ref='-182257745' />
    <tag k='type' v='straight' />
  </way>
  <way id='-38908710' action='modify'>
    <nd ref='-182257745' />
    <nd ref='-182257749' />
  </way>
  <way id='-38908711' action='modify'>
    <nd ref='-182257749' />
    <nd ref='-182257750' />
    <tag k='type' v='straight' />
  </way>
  <way id='-38908712' action='modify'>
    <nd ref='-182257750' />
    <nd ref='-182257751' />
  </way>
  <way id='-38908713' action='modify'>
    <nd ref='-182257751' />
    <nd ref='-182257752' />
    <tag k='type' v='straight' />
  </way>
  <way id='-38908714' action='modify'>
    <nd ref='-182257763' />
    <nd ref='-182257756' />
    <nd ref='-182257755' />
    <tag k='type' v='straight' />
  </way>
  <way id='-38908715' action='modify'>
    <nd ref='-182257755' />
    <nd ref='-182257757' />
    <tag k='type' v='straight' />
  </way>
  <way id='-38908716' action='modify'>
    <nd ref='-182257757' />
    <nd ref='-182257758' />
    <nd ref='-182257759' />
    <tag k='type' v='straight' />
  </way>
  <way id='-38908717' action='modify'>
    <nd ref='-182257757' />
    <nd ref='-182257760' />
    <tag k='type' v='straight' />
  </way>
  <way id='-38908718' action='modify'>
    <nd ref='-182257760' />
    <nd ref='-182257761' />
  </way>
  <way id='-38908719' action='modify'>
    <nd ref='-182257761' />
    <nd ref='-182258137' />
    <tag k='type' v='straight' />
  </way>
  <way id='-38908720' action='modify'>
    <nd ref='-182257754' />
    <nd ref='-182257755' />
    <tag k='type' v='straight' />
  </way>
  <way id='-38908721' action='modify'>
    <nd ref='-182257558' />
    <nd ref='-182257764' />
    <tag k='type' v='straight' />
  </way>
  <way id='-38908722' action='modify'>
    <nd ref='-182257764' />
    <nd ref='-182257765' />
  </way>
  <way id='-38908723' action='modify'>
    <nd ref='-182257511' />
    <nd ref='-182257770' />
    <nd ref='-182257769' />
    <nd ref='-182257768' />
    <nd ref='-182257767' />
    <nd ref='-182257766' />
    <tag k='type' v='straight' />
  </way>
  <way id='-38908724' action='modify'>
    <nd ref='-182257772' />
    <nd ref='-182257776' />
    <nd ref='-182257773' />
    <nd ref='-182257775' />
    <nd ref='-182257774' />
  </way>
  <way id='-38908725' action='modify'>
    <nd ref='-182257771' />
    <nd ref='-182257772' />
    <tag k='type' v='straight' />
  </way>
  <way id='-38908726' action='modify'>
    <nd ref='-182257774' />
    <nd ref='-182257513' />
    <tag k='type' v='straight' />
  </way>
  <way id='-38908727' action='modify'>
    <nd ref='-182257778' />
    <nd ref='-182257777' />
    <tag k='type' v='straight' />
  </way>
  <way id='-38908728' action='modify'>
    <nd ref='-182257782' />
    <nd ref='-182257396' />
    <tag k='type' v='straight' />
  </way>
  <way id='-38908729' action='modify'>
    <nd ref='-182257396' />
    <nd ref='-182257783' />
    <tag k='type' v='straight' />
  </way>
  <way id='-38908730' action='modify'>
    <nd ref='-182257783' />
    <nd ref='-182257784' />
  </way>
  <way id='-38908731' action='modify'>
    <nd ref='-182257784' />
    <nd ref='-182257785' />
    <tag k='type' v='straight' />
  </way>
  <way id='-38908732' action='modify'>
    <nd ref='-182257777' />
    <nd ref='-182257779' />
  </way>
  <way id='-38908733' action='modify'>
    <nd ref='-182257779' />
    <nd ref='-182257780' />
    <tag k='type' v='straight' />
  </way>
  <way id='-38908734' action='modify'>
    <nd ref='-182257780' />
    <nd ref='-182257786' />
    <nd ref='-182257781' />
  </way>
  <way id='-38908735' action='modify'>
    <nd ref='-182257781' />
    <nd ref='-182257782' />
    <tag k='type' v='straight' />
  </way>
  <way id='-38908736' action='modify'>
    <nd ref='-182257787' />
    <nd ref='-182257788' />
    <tag k='type' v='straight' />
  </way>
  <way id='-38908737' action='modify'>
    <nd ref='-182257788' />
    <nd ref='-182257789' />
  </way>
  <way id='-38908738' action='modify'>
    <nd ref='-182257789' />
    <nd ref='-182257790' />
    <tag k='type' v='straight' />
  </way>
  <way id='-38908739' action='modify'>
    <nd ref='-182257790' />
    <nd ref='-182257791' />
  </way>
  <way id='-38908740' action='modify'>
    <nd ref='-182257791' />
    <nd ref='-182257792' />
    <tag k='type' v='straight' />
  </way>
  <way id='-38908741' action='modify'>
    <nd ref='-182257792' />
    <nd ref='-182257793' />
  </way>
  <way id='-38908742' action='modify'>
    <nd ref='-182257793' />
    <nd ref='-182257794' />
    <tag k='type' v='straight' />
  </way>
  <way id='-38908743' action='modify'>
    <nd ref='-182257435' />
    <nd ref='-182257795' />
    <tag k='type' v='straight' />
  </way>
  <way id='-38908744' action='modify'>
    <nd ref='-182257795' />
    <nd ref='-182257796' />
  </way>
  <way id='-38908745' action='modify'>
    <nd ref='-182257796' />
    <nd ref='-182257797' />
    <tag k='type' v='straight' />
  </way>
  <way id='-38908746' action='modify'>
    <nd ref='-182257609' />
    <nd ref='-182257608' />
    <tag k='type' v='straight' />
  </way>
  <way id='-38908747' action='modify'>
    <nd ref='-182257798' />
    <nd ref='-182257799' />
  </way>
  <way id='-38908748' action='modify'>
    <nd ref='-182257799' />
    <nd ref='-182257800' />
    <tag k='type' v='straight' />
  </way>
  <way id='-38908749' action='modify'>
    <nd ref='-182257802' />
    <nd ref='-182257801' />
    <tag k='type' v='straight' />
  </way>
  <way id='-38908750' action='modify'>
    <nd ref='-182257801' />
    <nd ref='-182257803' />
  </way>
  <way id='-38908751' action='modify'>
    <nd ref='-182257803' />
    <nd ref='-182257804' />
    <tag k='type' v='straight' />
  </way>
  <way id='-38908752' action='modify'>
    <nd ref='-182257333' />
    <nd ref='-182257805' />
    <tag k='type' v='straight' />
  </way>
  <way id='-38908753' action='modify'>
    <nd ref='-182257805' />
    <nd ref='-182257806' />
  </way>
  <way id='-38908754' action='modify'>
    <nd ref='-182257806' />
    <nd ref='-182257807' />
    <tag k='type' v='straight' />
  </way>
  <way id='-38908755' action='modify'>
    <nd ref='-182257812' />
    <nd ref='-182257809' />
    <tag k='type' v='straight' />
  </way>
  <way id='-38908756' action='modify'>
    <nd ref='-182257808' />
    <nd ref='-182258103' />
    <nd ref='-182257814' />
    <nd ref='-182257815' />
  </way>
  <way id='-38908757' action='modify'>
    <nd ref='-182257809' />
    <nd ref='-182257810' />
  </way>
  <way id='-38908758' action='modify'>
    <nd ref='-182257810' />
    <nd ref='-182257811' />
    <tag k='type' v='straight' />
  </way>
  <way id='-38908759' action='modify'>
    <nd ref='-182257815' />
    <nd ref='-182257813' />
    <tag k='type' v='straight' />
  </way>
  <way id='-38908760' action='modify'>
    <nd ref='-182257812' />
    <nd ref='-182257808' />
    <tag k='type' v='straight' />
  </way>
  <way id='-38908761' action='modify'>
    <nd ref='-182257818' />
    <nd ref='-182257787' />
    <nd ref='-182257819' />
    <tag k='type' v='straight' />
  </way>
  <way id='-38908762' action='modify'>
    <nd ref='-182257817' />
    <nd ref='-182257816' />
    <tag k='type' v='straight' />
  </way>
  <way id='-38908763' action='modify'>
    <nd ref='-182257816' />
    <nd ref='-182257818' />
  </way>
  <way id='-38908764' action='modify'>
    <nd ref='-182257819' />
    <nd ref='-182257820' />
  </way>
  <way id='-38908765' action='modify'>
    <nd ref='-182257820' />
    <nd ref='-182257823' />
    <nd ref='-182257821' />
    <tag k='type' v='straight' />
  </way>
  <way id='-38908766' action='modify'>
    <nd ref='-182257821' />
    <nd ref='-182257822' />
  </way>
  <way id='-38908767' action='modify'>
    <nd ref='-182257822' />
    <nd ref='-182257824' />
    <nd ref='-182257389' />
    <tag k='type' v='straight' />
  </way>
  <way id='-38908768' action='modify'>
    <nd ref='-182257572' />
    <nd ref='-182257825' />
    <tag k='type' v='straight' />
  </way>
  <way id='-38908769' action='modify'>
    <nd ref='-182257834' />
    <nd ref='-182257835' />
    <nd ref='-182257836' />
    <nd ref='-182257837' />
  </way>
  <way id='-38908770' action='modify'>
    <nd ref='-182257832' />
    <nd ref='-182257375' />
    <tag k='type' v='straight' />
  </way>
  <way id='-38908771' action='modify'>
    <nd ref='-182257825' />
    <nd ref='-182257826' />
  </way>
  <way id='-38908772' action='modify'>
    <nd ref='-182257826' />
    <nd ref='-182257827' />
    <tag k='type' v='straight' />
  </way>
  <way id='-38908773' action='modify'>
    <nd ref='-182257827' />
    <nd ref='-182257828' />
  </way>
  <way id='-38908774' action='modify'>
    <nd ref='-182257828' />
    <nd ref='-182257829' />
    <tag k='type' v='straight' />
  </way>
  <way id='-38908775' action='modify'>
    <nd ref='-182257829' />
    <nd ref='-182257830' />
  </way>
  <way id='-38908776' action='modify'>
    <nd ref='-182257830' />
    <nd ref='-182257375' />
    <tag k='type' v='straight' />
  </way>
  <way id='-38908777' action='modify'>
    <nd ref='-182257832' />
    <nd ref='-182257831' />
    <tag k='type' v='straight' />
  </way>
  <way id='-38908778' action='modify'>
    <nd ref='-182257831' />
    <nd ref='-182257833' />
  </way>
  <way id='-38908779' action='modify'>
    <nd ref='-182257833' />
    <nd ref='-182257834' />
    <tag k='type' v='straight' />
  </way>
  <way id='-38908780' action='modify'>
    <nd ref='-182257837' />
    <nd ref='-182257838' />
    <tag k='type' v='straight' />
  </way>
  <way id='-38908781' action='modify'>
    <nd ref='-182257841' />
    <nd ref='-182257842' />
    <nd ref='-182257843' />
    <tag k='type' v='straight' />
  </way>
  <way id='-38908782' action='modify'>
    <nd ref='-182257839' />
    <nd ref='-182257840' />
    <tag k='type' v='straight' />
  </way>
  <way id='-38908783' action='modify'>
    <nd ref='-182257840' />
    <nd ref='-182257841' />
  </way>
  <way id='-38908784' action='modify'>
    <nd ref='-182257843' />
    <nd ref='-182257844' />
  </way>
  <way id='-38908785' action='modify'>
    <nd ref='-182257844' />
    <nd ref='-182257845' />
    <tag k='type' v='straight' />
  </way>
  <way id='-38908786' action='modify'>
    <nd ref='-182257845' />
    <nd ref='-182257846' />
  </way>
  <way id='-38908787' action='modify'>
    <nd ref='-182257846' />
    <nd ref='-182257848' />
    <nd ref='-182257847' />
    <tag k='type' v='straight' />
  </way>
  <way id='-38908788' action='modify'>
    <nd ref='-182257857' />
    <nd ref='-182257585' />
    <tag k='type' v='straight' />
  </way>
  <way id='-38908789' action='modify'>
    <nd ref='-182257585' />
    <nd ref='-182257581' />
  </way>
  <way id='-38908790' action='modify'>
    <nd ref='-182257585' />
    <nd ref='-182257858' />
    <tag k='type' v='straight' />
  </way>
  <way id='-38908791' action='modify'>
    <nd ref='-182257311' />
    <nd ref='-182257849' />
    <tag k='type' v='straight' />
  </way>
  <way id='-38908792' action='modify'>
    <nd ref='-182257849' />
    <nd ref='-182257850' />
  </way>
  <way id='-38908793' action='modify'>
    <nd ref='-182257850' />
    <nd ref='-182257863' />
    <nd ref='-182257851' />
    <tag k='type' v='straight' />
  </way>
  <way id='-38908794' action='modify'>
    <nd ref='-182257851' />
    <nd ref='-182257852' />
  </way>
  <way id='-38908795' action='modify'>
    <nd ref='-182257852' />
    <nd ref='-182257853' />
    <tag k='type' v='straight' />
  </way>
  <way id='-38908796' action='modify'>
    <nd ref='-182257853' />
    <nd ref='-182257854' />
  </way>
  <way id='-38908797' action='modify'>
    <nd ref='-182257854' />
    <nd ref='-182257855' />
    <tag k='type' v='straight' />
  </way>
  <way id='-38908798' action='modify'>
    <nd ref='-182257855' />
    <nd ref='-182257856' />
  </way>
  <way id='-38908799' action='modify'>
    <nd ref='-182257856' />
    <nd ref='-182257857' />
    <tag k='type' v='straight' />
  </way>
  <way id='-38908800' action='modify'>
    <nd ref='-182257858' />
    <nd ref='-182257859' />
  </way>
  <way id='-38908801' action='modify'>
    <nd ref='-182257859' />
    <nd ref='-182257860' />
    <tag k='type' v='straight' />
  </way>
  <way id='-38908802' action='modify'>
    <nd ref='-182257860' />
    <nd ref='-182257861' />
  </way>
  <way id='-38908803' action='modify'>
    <nd ref='-182257861' />
    <nd ref='-182257862' />
    <tag k='type' v='straight' />
  </way>
  <way id='-38908804' action='modify'>
    <nd ref='-182257868' />
    <nd ref='-182257871' />
    <nd ref='-182257869' />
  </way>
  <way id='-38908805' action='modify'>
    <nd ref='-182257320' />
    <nd ref='-182257864' />
    <tag k='type' v='straight' />
  </way>
  <way id='-38908806' action='modify'>
    <nd ref='-182257864' />
    <nd ref='-182257865' />
  </way>
  <way id='-38908807' action='modify'>
    <nd ref='-182257865' />
    <nd ref='-182257866' />
    <tag k='type' v='straight' />
  </way>
  <way id='-38908808' action='modify'>
    <nd ref='-182257866' />
    <nd ref='-182257867' />
  </way>
  <way id='-38908809' action='modify'>
    <nd ref='-182257867' />
    <nd ref='-182257868' />
    <tag k='type' v='straight' />
  </way>
  <way id='-38908810' action='modify'>
    <nd ref='-182257869' />
    <nd ref='-182257870' />
    <tag k='type' v='straight' />
  </way>
  <way id='-38908811' action='modify'>
    <nd ref='-182257875' />
    <nd ref='-182257874' />
    <tag k='type' v='straight' />
  </way>
  <way id='-38908812' action='modify'>
    <nd ref='-182257874' />
    <nd ref='-182257873' />
  </way>
  <way id='-38908813' action='modify'>
    <nd ref='-182257873' />
    <nd ref='-182257872' />
    <tag k='type' v='straight' />
  </way>
  <way id='-38908814' action='modify'>
    <nd ref='-182257872' />
    <nd ref='-182257876' />
  </way>
  <way id='-38908815' action='modify'>
    <nd ref='-182257876' />
    <nd ref='-182257877' />
    <tag k='type' v='straight' />
  </way>
  <way id='-38908816' action='modify'>
    <nd ref='-182257879' />
    <nd ref='-182257880' />
    <nd ref='-182257881' />
    <nd ref='-182257882' />
    <nd ref='-182257883' />
  </way>
  <way id='-38908817' action='modify'>
    <nd ref='-182257878' />
    <nd ref='-182257879' />
    <tag k='type' v='straight' />
  </way>
  <way id='-38908818' action='modify'>
    <nd ref='-182257883' />
    <nd ref='-182257884' />
    <tag k='type' v='straight' />
  </way>
  <way id='-38908819' action='modify'>
    <nd ref='-182257884' />
    <nd ref='-182257885' />
  </way>
  <way id='-38908820' action='modify'>
    <nd ref='-182257886' />
    <nd ref='-182257887' />
  </way>
  <way id='-38908821' action='modify'>
    <nd ref='-182257887' />
    <nd ref='-182257888' />
    <tag k='type' v='straight' />
  </way>
  <way id='-38908822' action='modify'>
    <nd ref='-182257885' />
    <nd ref='-182257886' />
    <tag k='type' v='straight' />
  </way>
  <way id='-38908823' action='modify'>
    <nd ref='-182257896' />
    <nd ref='-182257895' />
    <nd ref='-182257894' />
    <nd ref='-182257893' />
    <nd ref='-182257892' />
    <nd ref='-182257891' />
    <nd ref='-182257889' />
  </way>
  <way id='-38908824' action='modify'>
    <nd ref='-182257901' />
    <nd ref='-182257900' />
    <tag k='type' v='straight' />
  </way>
  <way id='-38908825' action='modify'>
    <nd ref='-182257900' />
    <nd ref='-182257899' />
    <nd ref='-182257898' />
    <nd ref='-182257897' />
  </way>
  <way id='-38908826' action='modify'>
    <nd ref='-182257897' />
    <nd ref='-182257896' />
    <tag k='type' v='straight' />
  </way>
  <way id='-38908827' action='modify'>
    <nd ref='-182257889' />
    <nd ref='-182257890' />
    <tag k='type' v='straight' />
  </way>
  <way id='-38908828' action='modify'>
    <nd ref='-182257903' />
    <nd ref='-182257862' />
    <nd ref='-182257904' />
    <tag k='type' v='straight' />
  </way>
  <way id='-38908829' action='modify'>
    <nd ref='-182257712' />
    <nd ref='-182257902' />
    <tag k='type' v='straight' />
  </way>
  <way id='-38908830' action='modify'>
    <nd ref='-182257902' />
    <nd ref='-182257903' />
  </way>
  <way id='-38908831' action='modify'>
    <nd ref='-182257904' />
    <nd ref='-182257905' />
  </way>
  <way id='-38908832' action='modify'>
    <nd ref='-182257905' />
    <nd ref='-182257906' />
    <tag k='type' v='straight' />
  </way>
  <way id='-38908833' action='modify'>
    <nd ref='-182257915' />
    <nd ref='-182257914' />
  </way>
  <way id='-38908834' action='modify'>
    <nd ref='-182257531' />
    <nd ref='-182257918' />
    <tag k='type' v='straight' />
  </way>
  <way id='-38908835' action='modify'>
    <nd ref='-182257918' />
    <nd ref='-182257917' />
    <nd ref='-182257919' />
    <nd ref='-182257916' />
  </way>
  <way id='-38908836' action='modify'>
    <nd ref='-182257916' />
    <nd ref='-182257915' />
    <tag k='type' v='straight' />
  </way>
  <way id='-38908837' action='modify'>
    <nd ref='-182257914' />
    <nd ref='-182257913' />
    <tag k='type' v='straight' />
  </way>
  <way id='-38908838' action='modify'>
    <nd ref='-182257913' />
    <nd ref='-182257912' />
  </way>
  <way id='-38908839' action='modify'>
    <nd ref='-182257912' />
    <nd ref='-182257911' />
    <tag k='type' v='straight' />
  </way>
  <way id='-38908840' action='modify'>
    <nd ref='-182257911' />
    <nd ref='-182257910' />
  </way>
  <way id='-38908841' action='modify'>
    <nd ref='-182257910' />
    <nd ref='-182257909' />
    <tag k='type' v='straight' />
  </way>
  <way id='-38908842' action='modify'>
    <nd ref='-182257909' />
    <nd ref='-182257908' />
  </way>
  <way id='-38908843' action='modify'>
    <nd ref='-182257908' />
    <nd ref='-182257907' />
    <tag k='type' v='straight' />
  </way>
  <way id='-38908844' action='modify'>
    <nd ref='-182257921' />
    <nd ref='-182257922' />
    <nd ref='-182257923' />
  </way>
  <way id='-38908845' action='modify'>
    <nd ref='-182257920' />
    <nd ref='-182257921' />
    <tag k='type' v='straight' />
  </way>
  <way id='-38908846' action='modify'>
    <nd ref='-182257923' />
    <nd ref='-182257924' />
    <tag k='type' v='straight' />
  </way>
  <way id='-38908847' action='modify'>
    <nd ref='-182257924' />
    <nd ref='-182257925' />
  </way>
  <way id='-38908848' action='modify'>
    <nd ref='-182258092' />
    <nd ref='-182258097' />
    <nd ref='-182258093' />
    <nd ref='-182258094' />
    <nd ref='-182258096' />
    <nd ref='-182258095' />
  </way>
  <way id='-38908849' action='modify'>
    <nd ref='-182257927' />
    <nd ref='-182257928' />
    <nd ref='-182257929' />
  </way>
  <way id='-38908850' action='modify'>
    <nd ref='-182257344' />
    <nd ref='-182257927' />
    <tag k='type' v='straight' />
  </way>
  <way id='-38908851' action='modify'>
    <nd ref='-182257929' />
    <nd ref='-182257930' />
    <tag k='type' v='straight' />
  </way>
  <way id='-38908852' action='modify'>
    <nd ref='-182257930' />
    <nd ref='-182257932' />
  </way>
  <way id='-38908853' action='modify'>
    <nd ref='-182257932' />
    <nd ref='-182257931' />
    <tag k='type' v='straight' />
  </way>
  <way id='-38908854' action='modify'>
    <nd ref='-182257937' />
    <nd ref='-182257940' />
    <nd ref='-182257938' />
  </way>
  <way id='-38908855' action='modify'>
    <nd ref='-182257636' />
    <nd ref='-182257933' />
    <tag k='type' v='straight' />
  </way>
  <way id='-38908856' action='modify'>
    <nd ref='-182257933' />
    <nd ref='-182257934' />
  </way>
  <way id='-38908857' action='modify'>
    <nd ref='-182257934' />
    <nd ref='-182257935' />
    <tag k='type' v='straight' />
  </way>
  <way id='-38908858' action='modify'>
    <nd ref='-182257935' />
    <nd ref='-182257936' />
  </way>
  <way id='-38908859' action='modify'>
    <nd ref='-182257936' />
    <nd ref='-182257937' />
    <tag k='type' v='straight' />
  </way>
  <way id='-38908860' action='modify'>
    <nd ref='-182257938' />
    <nd ref='-182257939' />
    <tag k='type' v='straight' />
  </way>
  <way id='-38908861' action='modify'>
    <nd ref='-182257941' />
    <nd ref='-182257942' />
    <tag k='type' v='straight' />
  </way>
  <way id='-38908862' action='modify'>
    <nd ref='-182257942' />
    <nd ref='-182257945' />
  </way>
  <way id='-38908863' action='modify'>
    <nd ref='-182257945' />
    <nd ref='-182257946' />
    <tag k='type' v='straight' />
  </way>
  <way id='-38908864' action='modify'>
    <nd ref='-182257946' />
    <nd ref='-182257943' />
  </way>
  <way id='-38908865' action='modify'>
    <nd ref='-182257943' />
    <nd ref='-182257944' />
    <tag k='type' v='straight' />
  </way>
  <way id='-38908866' action='modify'>
    <nd ref='-182257690' />
    <nd ref='-182257947' />
    <tag k='type' v='straight' />
  </way>
  <way id='-38908867' action='modify'>
    <nd ref='-182257630' />
    <nd ref='-182257954' />
    <tag k='type' v='straight' />
  </way>
  <way id='-38908868' action='modify'>
    <nd ref='-182257576' />
    <nd ref='-182257953' />
  </way>
  <way id='-38908869' action='modify'>
    <nd ref='-182257947' />
    <nd ref='-182257948' />
  </way>
  <way id='-38908870' action='modify'>
    <nd ref='-182257948' />
    <nd ref='-182257949' />
    <tag k='type' v='straight' />
  </way>
  <way id='-38908871' action='modify'>
    <nd ref='-182257949' />
    <nd ref='-182257950' />
  </way>
  <way id='-38908872' action='modify'>
    <nd ref='-182257950' />
    <nd ref='-182257951' />
    <tag k='type' v='straight' />
  </way>
  <way id='-38908873' action='modify'>
    <nd ref='-182257951' />
    <nd ref='-182257952' />
  </way>
  <way id='-38908874' action='modify'>
    <nd ref='-182257952' />
    <nd ref='-182257953' />
    <tag k='type' v='straight' />
  </way>
  <way id='-38908875' action='modify'>
    <nd ref='-182257678' />
    <nd ref='-182257679' />
    <tag k='type' v='straight' />
  </way>
  <way id='-38908876' action='modify'>
    <nd ref='-182257679' />
    <nd ref='-182257959' />
  </way>
  <way id='-38908877' action='modify'>
    <nd ref='-182257959' />
    <nd ref='-182257955' />
    <tag k='type' v='straight' />
  </way>
  <way id='-38908878' action='modify'>
    <nd ref='-182257957' />
    <nd ref='-182257958' />
    <tag k='type' v='straight' />
  </way>
  <way id='-38908879' action='modify'>
    <nd ref='-182257961' />
    <nd ref='-182257960' />
    <tag k='type' v='straight' />
  </way>
  <way id='-38908880' action='modify'>
    <nd ref='-182257960' />
    <nd ref='-182257962' />
  </way>
  <way id='-38908881' action='modify'>
    <nd ref='-182257962' />
    <nd ref='-182257963' />
    <tag k='type' v='straight' />
  </way>
  <way id='-38908882' action='modify'>
    <nd ref='-182257963' />
    <nd ref='-182257966' />
    <nd ref='-182257964' />
  </way>
  <way id='-38908883' action='modify'>
    <nd ref='-182257964' />
    <nd ref='-182257965' />
    <tag k='type' v='straight' />
  </way>
  <way id='-38908884' action='modify'>
    <nd ref='-182257967' />
    <nd ref='-182257968' />
    <tag k='type' v='straight' />
  </way>
  <way id='-38908885' action='modify'>
    <nd ref='-182257968' />
    <nd ref='-182257969' />
  </way>
  <way id='-38908886' action='modify'>
    <nd ref='-182257969' />
    <nd ref='-182257970' />
    <tag k='type' v='straight' />
  </way>
  <way id='-38908887' action='modify'>
    <nd ref='-182257970' />
    <nd ref='-182257971' />
  </way>
  <way id='-38908888' action='modify'>
    <nd ref='-182257971' />
    <nd ref='-182257972' />
    <tag k='type' v='straight' />
  </way>
  <way id='-38908889' action='modify'>
    <nd ref='-182257972' />
    <nd ref='-182257973' />
  </way>
  <way id='-38908890' action='modify'>
    <nd ref='-182257973' />
    <nd ref='-182257974' />
    <tag k='type' v='straight' />
  </way>
  <way id='-38908891' action='modify'>
    <nd ref='-182257974' />
    <nd ref='-182257975' />
  </way>
  <way id='-38908892' action='modify'>
    <nd ref='-182257975' />
    <nd ref='-182257976' />
    <tag k='type' v='straight' />
  </way>
  <way id='-38908893' action='modify'>
    <nd ref='-182257976' />
    <nd ref='-182257977' />
  </way>
  <way id='-38908894' action='modify'>
    <nd ref='-182257977' />
    <nd ref='-182257965' />
    <tag k='type' v='straight' />
  </way>
  <way id='-38908895' action='modify'>
    <nd ref='-182257751' />
    <nd ref='-182257978' />
    <tag k='type' v='straight' />
  </way>
  <way id='-38908896' action='modify'>
    <nd ref='-182257978' />
    <nd ref='-182257979' />
  </way>
  <way id='-38908897' action='modify'>
    <nd ref='-182257979' />
    <nd ref='-182257980' />
    <tag k='type' v='straight' />
  </way>
  <way id='-38908898' action='modify'>
    <nd ref='-182257980' />
    <nd ref='-182257981' />
  </way>
  <way id='-38908899' action='modify'>
    <nd ref='-182257981' />
    <nd ref='-182257982' />
    <tag k='type' v='straight' />
  </way>
  <way id='-38908900' action='modify'>
    <nd ref='-182257982' />
    <nd ref='-182257983' />
  </way>
  <way id='-38908901' action='modify'>
    <nd ref='-182257983' />
    <nd ref='-182257984' />
    <tag k='type' v='straight' />
  </way>
  <way id='-38908902' action='modify'>
    <nd ref='-182257984' />
    <nd ref='-182257985' />
  </way>
  <way id='-38908903' action='modify'>
    <nd ref='-182257985' />
    <nd ref='-182257842' />
    <tag k='type' v='straight' />
  </way>
  <way id='-38908904' action='modify'>
    <nd ref='-182257989' />
    <nd ref='-182257990' />
    <nd ref='-182258070' />
    <nd ref='-182257991' />
    <tag k='type' v='straight' />
  </way>
  <way id='-38908905' action='modify'>
    <nd ref='-182257861' />
    <nd ref='-182257986' />
    <tag k='type' v='straight' />
  </way>
  <way id='-38908906' action='modify'>
    <nd ref='-182257986' />
    <nd ref='-182257987' />
  </way>
  <way id='-38908907' action='modify'>
    <nd ref='-182257987' />
    <nd ref='-182257988' />
    <tag k='type' v='straight' />
  </way>
  <way id='-38908908' action='modify'>
    <nd ref='-182257988' />
    <nd ref='-182257989' />
  </way>
  <way id='-38908909' action='modify'>
    <nd ref='-182257991' />
    <nd ref='-182257993' />
    <nd ref='-182257992' />
  </way>
  <way id='-38908910' action='modify'>
    <nd ref='-182257992' />
    <nd ref='-182257967' />
    <tag k='type' v='straight' />
  </way>
  <way id='-38908911' action='modify'>
    <nd ref='-182257931' />
    <nd ref='-182257997' />
    <nd ref='-182257998' />
  </way>
  <way id='-38908912' action='modify'>
    <nd ref='-182257740' />
    <nd ref='-182257995' />
    <tag k='type' v='straight' />
  </way>
  <way id='-38908913' action='modify'>
    <nd ref='-182257995' />
    <nd ref='-182257994' />
    <tag k='type' v='straight' />
  </way>
  <way id='-38908914' action='modify'>
    <nd ref='-182257994' />
    <nd ref='-182257996' />
  </way>
  <way id='-38908915' action='modify'>
    <nd ref='-182257996' />
    <nd ref='-182257931' />
    <tag k='type' v='straight' />
  </way>
  <way id='-38908916' action='modify'>
    <nd ref='-182257998' />
    <nd ref='-182257999' />
    <tag k='type' v='straight' />
  </way>
  <way id='-38908917' action='modify'>
    <nd ref='-182257999' />
    <nd ref='-182257854' />
  </way>
  <way id='-38908918' action='modify'>
    <nd ref='-182258003' />
    <nd ref='-182258004' />
    <nd ref='-182258005' />
  </way>
  <way id='-38908919' action='modify'>
    <nd ref='-182258001' />
    <nd ref='-182258000' />
    <tag k='type' v='straight' />
  </way>
  <way id='-38908920' action='modify'>
    <nd ref='-182258000' />
    <nd ref='-182258002' />
  </way>
  <way id='-38908921' action='modify'>
    <nd ref='-182258002' />
    <nd ref='-182258003' />
    <tag k='type' v='straight' />
  </way>
  <way id='-38908922' action='modify'>
    <nd ref='-182258005' />
    <nd ref='-182258006' />
    <tag k='type' v='straight' />
  </way>
  <way id='-38908923' action='modify'>
    <nd ref='-182257692' />
    <nd ref='-182258007' />
    <tag k='type' v='straight' />
  </way>
  <way id='-38908924' action='modify'>
    <nd ref='-182258007' />
    <nd ref='-182258008' />
  </way>
  <way id='-38908925' action='modify'>
    <nd ref='-182258008' />
    <nd ref='-182258009' />
    <tag k='type' v='straight' />
  </way>
  <way id='-38908926' action='modify'>
    <nd ref='-182258009' />
    <nd ref='-182258010' />
  </way>
  <way id='-38908927' action='modify'>
    <nd ref='-182258010' />
    <nd ref='-182258011' />
    <tag k='type' v='straight' />
  </way>
  <way id='-38908928' action='modify'>
    <nd ref='-182258011' />
    <nd ref='-182258012' />
  </way>
  <way id='-38908929' action='modify'>
    <nd ref='-182258012' />
    <nd ref='-182257636' />
    <tag k='type' v='straight' />
  </way>
  <way id='-38908930' action='modify'>
    <nd ref='-182258015' />
    <nd ref='-182258016' />
    <nd ref='-182258017' />
  </way>
  <way id='-38908931' action='modify'>
    <nd ref='-182258017' />
    <nd ref='-182258018' />
    <nd ref='-182258013' />
    <nd ref='-182258014' />
    <tag k='type' v='straight' />
  </way>
  <way id='-38908932' action='modify'>
    <nd ref='-182257430' />
    <nd ref='-182258015' />
    <tag k='type' v='straight' />
  </way>
  <way id='-38908933' action='modify'>
    <nd ref='-182258019' />
    <nd ref='-182258021' />
    <nd ref='-182258022' />
  </way>
  <way id='-38908934' action='modify'>
    <nd ref='-182258020' />
    <nd ref='-182258019' />
    <tag k='type' v='straight' />
  </way>
  <way id='-38908935' action='modify'>
    <nd ref='-182258022' />
    <nd ref='-182258023' />
    <tag k='type' v='straight' />
  </way>
  <way id='-38908936' action='modify'>
    <nd ref='-182258023' />
    <nd ref='-182258024' />
  </way>
  <way id='-38908937' action='modify'>
    <nd ref='-182258024' />
    <nd ref='-182258025' />
    <tag k='type' v='straight' />
  </way>
  <way id='-38908938' action='modify'>
    <nd ref='-182257973' />
    <nd ref='-182258026' />
  </way>
  <way id='-38908939' action='modify'>
    <nd ref='-182258026' />
    <nd ref='-182258027' />
    <tag k='type' v='straight' />
  </way>
  <way id='-38908940' action='modify'>
    <nd ref='-182258027' />
    <nd ref='-182258028' />
  </way>
  <way id='-38908941' action='modify'>
    <nd ref='-182258028' />
    <nd ref='-182258029' />
    <tag k='type' v='straight' />
  </way>
  <way id='-38908942' action='modify'>
    <nd ref='-182258028' />
    <nd ref='-182258030' />
    <tag k='type' v='straight' />
  </way>
  <way id='-38908943' action='modify'>
    <nd ref='-182258036' />
    <nd ref='-182258037' />
    <nd ref='-182258038' />
  </way>
  <way id='-38908944' action='modify'>
    <nd ref='-182258034' />
    <nd ref='-182258035' />
    <tag k='type' v='straight' />
  </way>
  <way id='-38908945' action='modify'>
    <nd ref='-182258035' />
    <nd ref='-182257723' />
    <tag k='type' v='straight' />
  </way>
  <way id='-38908946' action='modify'>
    <nd ref='-182258030' />
    <nd ref='-182258031' />
  </way>
  <way id='-38908947' action='modify'>
    <nd ref='-182258031' />
    <nd ref='-182258032' />
    <tag k='type' v='straight' />
  </way>
  <way id='-38908948' action='modify'>
    <nd ref='-182258032' />
    <nd ref='-182258033' />
  </way>
  <way id='-38908949' action='modify'>
    <nd ref='-182258033' />
    <nd ref='-182258034' />
    <tag k='type' v='straight' />
  </way>
  <way id='-38908950' action='modify'>
    <nd ref='-182258035' />
    <nd ref='-182258036' />
    <tag k='type' v='straight' />
  </way>
  <way id='-38908951' action='modify'>
    <nd ref='-182258038' />
    <nd ref='-182258039' />
    <tag k='type' v='straight' />
  </way>
  <way id='-38908952' action='modify'>
    <nd ref='-182257335' />
    <nd ref='-182258042' />
    <tag k='type' v='straight' />
  </way>
  <way id='-38908953' action='modify'>
    <nd ref='-182258042' />
    <nd ref='-182258041' />
  </way>
  <way id='-38908954' action='modify'>
    <nd ref='-182258041' />
    <nd ref='-182258040' />
    <tag k='type' v='straight' />
  </way>
  <way id='-38908955' action='modify'>
    <nd ref='-182257733' />
    <nd ref='-182258043' />
    <tag k='type' v='straight' />
  </way>
  <way id='-38908956' action='modify'>
    <nd ref='-182258043' />
    <nd ref='-182258044' />
  </way>
  <way id='-38908957' action='modify'>
    <nd ref='-182258044' />
    <nd ref='-182258045' />
    <tag k='type' v='straight' />
  </way>
  <way id='-38908958' action='modify'>
    <nd ref='-182258045' />
    <nd ref='-182258046' />
  </way>
  <way id='-38908959' action='modify'>
    <nd ref='-182258046' />
    <nd ref='-182258047' />
    <tag k='type' v='straight' />
  </way>
  <way id='-38908960' action='modify'>
    <nd ref='-182257808' />
    <nd ref='-182258048' />
    <tag k='type' v='straight' />
  </way>
  <way id='-38908961' action='modify'>
    <nd ref='-182258048' />
    <nd ref='-182258049' />
  </way>
  <way id='-38908962' action='modify'>
    <nd ref='-182258049' />
    <nd ref='-182258050' />
    <tag k='type' v='straight' />
  </way>
  <way id='-38908963' action='modify'>
    <nd ref='-182258050' />
    <nd ref='-182258051' />
  </way>
  <way id='-38908964' action='modify'>
    <nd ref='-182258051' />
    <nd ref='-182258052' />
    <tag k='type' v='straight' />
  </way>
  <way id='-38908965' action='modify'>
    <nd ref='-182258053' />
    <nd ref='-182258055' />
    <nd ref='-182258056' />
  </way>
  <way id='-38908966' action='modify'>
    <nd ref='-182258054' />
    <nd ref='-182258053' />
    <tag k='type' v='straight' />
  </way>
  <way id='-38908967' action='modify'>
    <nd ref='-182258056' />
    <nd ref='-182257833' />
    <tag k='type' v='straight' />
  </way>
  <way id='-38908968' action='modify'>
    <nd ref='-182258058' />
    <nd ref='-182258057' />
    <tag k='type' v='straight' />
  </way>
  <way id='-38908969' action='modify'>
    <nd ref='-182258057' />
    <nd ref='-182258059' />
  </way>
  <way id='-38908970' action='modify'>
    <nd ref='-182258059' />
    <nd ref='-182258060' />
    <tag k='type' v='straight' />
  </way>
  <way id='-38908971' action='modify'>
    <nd ref='-182257807' />
    <nd ref='-182258063' />
    <tag k='type' v='straight' />
  </way>
  <way id='-38908972' action='modify'>
    <nd ref='-182258063' />
    <nd ref='-182258062' />
  </way>
  <way id='-38908973' action='modify'>
    <nd ref='-182258062' />
    <nd ref='-182258061' />
    <tag k='type' v='straight' />
  </way>
  <way id='-38908974' action='modify'>
    <nd ref='-182257352' />
    <nd ref='-182258064' />
    <tag k='type' v='straight' />
  </way>
  <way id='-38908975' action='modify'>
    <nd ref='-182258064' />
    <nd ref='-182258065' />
  </way>
  <way id='-38908976' action='modify'>
    <nd ref='-182258065' />
    <nd ref='-182258066' />
    <tag k='type' v='straight' />
  </way>
  <way id='-38908977' action='modify'>
    <nd ref='-182258068' />
    <nd ref='-182258067' />
    <tag k='type' v='straight' />
  </way>
  <way id='-38908978' action='modify'>
    <nd ref='-182258067' />
    <nd ref='-182258069' />
  </way>
  <way id='-38908979' action='modify'>
    <nd ref='-182258069' />
    <nd ref='-182258070' />
    <tag k='type' v='straight' />
  </way>
  <way id='-38908980' action='modify'>
    <nd ref='-182257552' />
    <nd ref='-182258071' />
    <tag k='type' v='straight' />
  </way>
  <way id='-38908981' action='modify'>
    <nd ref='-182258071' />
    <nd ref='-182258072' />
  </way>
  <way id='-38908982' action='modify'>
    <nd ref='-182258072' />
    <nd ref='-182258073' />
    <tag k='type' v='straight' />
  </way>
  <way id='-38908983' action='modify'>
    <nd ref='-182258073' />
    <nd ref='-182258074' />
  </way>
  <way id='-38908984' action='modify'>
    <nd ref='-182258074' />
    <nd ref='-182258075' />
    <tag k='type' v='straight' />
  </way>
  <way id='-38908985' action='modify'>
    <nd ref='-182258077' />
    <nd ref='-182258076' />
    <tag k='type' v='straight' />
  </way>
  <way id='-38908986' action='modify'>
    <nd ref='-182258076' />
    <nd ref='-182258078' />
  </way>
  <way id='-38908987' action='modify'>
    <nd ref='-182258078' />
    <nd ref='-182258079' />
    <tag k='type' v='straight' />
  </way>
  <way id='-38908988' action='modify'>
    <nd ref='-182258079' />
    <nd ref='-182258080' />
  </way>
  <way id='-38908989' action='modify'>
    <nd ref='-182258080' />
    <nd ref='-182258081' />
    <tag k='type' v='straight' />
  </way>
  <way id='-38908990' action='modify'>
    <nd ref='-182258082' />
    <nd ref='-182258083' />
    <tag k='type' v='straight' />
  </way>
  <way id='-38908991' action='modify'>
    <nd ref='-182258083' />
    <nd ref='-182258084' />
  </way>
  <way id='-38908992' action='modify'>
    <nd ref='-182258084' />
    <nd ref='-182258085' />
    <tag k='type' v='straight' />
  </way>
  <way id='-38908993' action='modify'>
    <nd ref='-182258085' />
    <nd ref='-182258086' />
  </way>
  <way id='-38908994' action='modify'>
    <nd ref='-182258086' />
    <nd ref='-182258087' />
    <tag k='type' v='straight' />
  </way>
  <way id='-38908995' action='modify'>
    <nd ref='-182257885' />
    <nd ref='-182258088' />
  </way>
  <way id='-38908996' action='modify'>
    <nd ref='-182258088' />
    <nd ref='-182258089' />
    <tag k='type' v='straight' />
  </way>
  <way id='-38908997' action='modify'>
    <nd ref='-182257965' />
    <nd ref='-182258090' />
    <tag k='type' v='straight' />
  </way>
  <way id='-38908998' action='modify'>
    <nd ref='-182258090' />
    <nd ref='-182258091' />
  </way>
  <way id='-38908999' action='modify'>
    <nd ref='-182258091' />
    <nd ref='-182257361' />
    <tag k='type' v='straight' />
  </way>
  <way id='-38909000' action='modify'>
    <nd ref='-182257925' />
    <nd ref='-182257926' />
    <nd ref='-182257687' />
    <tag k='type' v='straight' />
  </way>
  <way id='-38909001' action='modify'>
    <nd ref='-182257687' />
    <nd ref='-182258092' />
    <tag k='type' v='straight' />
  </way>
  <way id='-38909002' action='modify'>
    <nd ref='-182258100' />
    <nd ref='-182258099' />
    <nd ref='-182258098' />
    <tag k='type' v='straight' />
  </way>
  <way id='-38909003' action='modify'>
    <nd ref='-182257807' />
    <nd ref='-182258100' />
  </way>
  <way id='-38909004' action='modify'>
    <nd ref='-182258102' />
    <nd ref='-182258101' />
    <tag k='type' v='straight' />
  </way>
  <way id='-38909005' action='modify'>
    <nd ref='-182257763' />
    <nd ref='-182258102' />
  </way>
  <way id='-38909006' action='modify'>
    <nd ref='-182257765' />
    <nd ref='-182257763' />
    <tag k='type' v='straight' />
  </way>
  <way id='-38909007' action='modify'>
    <nd ref='-182258103' />
    <nd ref='-182258104' />
    <tag k='type' v='straight' />
  </way>
  <way id='-38909008' action='modify'>
    <nd ref='-182258104' />
    <nd ref='-182258105' />
    <nd ref='-182258106' />
    <nd ref='-182257878' />
  </way>
  <way id='-38909009' action='modify'>
    <nd ref='-182258107' />
    <nd ref='-182258108' />
    <tag k='type' v='straight' />
  </way>
  <way id='-38909010' action='modify'>
    <nd ref='-182258109' />
    <nd ref='-182258110' />
    <tag k='type' v='straight' />
  </way>
  <way id='-38909011' action='modify'>
    <nd ref='-182258108' />
    <nd ref='-182258109' />
  </way>
  <way id='-38909012' action='modify'>
    <nd ref='-182258111' />
    <nd ref='-182258112' />
    <tag k='type' v='straight' />
  </way>
  <way id='-38909013' action='modify'>
    <nd ref='-182258114' />
    <nd ref='-182257567' />
    <tag k='type' v='straight' />
  </way>
  <way id='-38909014' action='modify'>
    <nd ref='-182258113' />
    <nd ref='-182257458' />
    <tag k='type' v='straight' />
  </way>
  <way id='-38909015' action='modify'>
    <nd ref='-182258112' />
    <nd ref='-182258113' />
  </way>
  <way id='-38909016' action='modify'>
    <nd ref='-182257458' />
    <nd ref='-182258114' />
    <tag k='type' v='straight' />
  </way>
  <way id='-38909017' action='modify'>
    <nd ref='-182258115' />
    <nd ref='-182258116' />
    <tag k='type' v='straight' />
  </way>
  <way id='-38909018' action='modify'>
    <nd ref='-182258116' />
    <nd ref='-182258117' />
  </way>
  <way id='-38909019' action='modify'>
    <nd ref='-182258117' />
    <nd ref='-182258118' />
    <tag k='type' v='straight' />
  </way>
  <way id='-38909020' action='modify'>
    <nd ref='-182258119' />
    <nd ref='-182258120' />
    <tag k='type' v='straight' />
  </way>
  <way id='-38909021' action='modify'>
    <nd ref='-182258124' />
    <nd ref='-182258125' />
  </way>
  <way id='-38909022' action='modify'>
    <nd ref='-182258123' />
    <nd ref='-182257482' />
    <tag k='type' v='straight' />
  </way>
  <way id='-38909023' action='modify'>
    <nd ref='-182258124' />
    <nd ref='-182257484' />
    <tag k='type' v='straight' />
  </way>
  <way id='-38909024' action='modify'>
    <nd ref='-182258122' />
    <nd ref='-182258126' />
    <nd ref='-182258127' />
  </way>
  <way id='-38909025' action='modify'>
    <nd ref='-182258125' />
    <nd ref='-182258122' />
    <tag k='type' v='straight' />
  </way>
  <way id='-38909026' action='modify'>
    <nd ref='-182258127' />
    <nd ref='-182258129' />
    <nd ref='-182258128' />
    <tag k='type' v='straight' />
  </way>
  <way id='-38909027' action='modify'>
    <nd ref='-182258128' />
    <nd ref='-182258130' />
  </way>
  <way id='-38909028' action='modify'>
    <nd ref='-182258130' />
    <nd ref='-182258131' />
    <tag k='type' v='straight' />
  </way>
  <way id='-38909029' action='modify'>
    <nd ref='-182258120' />
    <nd ref='-182258121' />
  </way>
  <way id='-38909030' action='modify'>
    <nd ref='-182258121' />
    <nd ref='-182258190' />
    <nd ref='-182258123' />
    <tag k='type' v='straight' />
  </way>
  <way id='-38909031' action='modify'>
    <nd ref='-182258135' />
    <nd ref='-182258134' />
    <tag k='type' v='straight' />
  </way>
  <way id='-38909032' action='modify'>
    <nd ref='-182258134' />
    <nd ref='-182258132' />
  </way>
  <way id='-38909033' action='modify'>
    <nd ref='-182258132' />
    <nd ref='-182258133' />
    <tag k='type' v='straight' />
  </way>
  <way id='-38909034' action='modify'>
    <nd ref='-182257613' />
    <nd ref='-182258136' />
    <tag k='type' v='straight' />
  </way>
  <way id='-38909035' action='modify'>
    <nd ref='-182258137' />
    <nd ref='-182258138' />
    <tag k='type' v='straight' />
  </way>
  <way id='-38909036' action='modify'>
    <nd ref='-182258138' />
    <nd ref='-182258141' />
    <nd ref='-182258139' />
  </way>
  <way id='-38909037' action='modify'>
    <nd ref='-182258139' />
    <nd ref='-182258140' />
    <tag k='type' v='straight' />
  </way>
  <way id='-38909038' action='modify'>
    <nd ref='-182258137' />
    <nd ref='-182257762' />
    <tag k='type' v='straight' />
  </way>
  <way id='-38909039' action='modify'>
    <nd ref='-182258142' />
    <nd ref='-182258143' />
    <tag k='type' v='straight' />
  </way>
  <way id='-38909040' action='modify'>
    <nd ref='-182258149' />
    <nd ref='-182258148' />
    <tag k='type' v='straight' />
  </way>
  <way id='-38909041' action='modify'>
    <nd ref='-182258143' />
    <nd ref='-182258144' />
  </way>
  <way id='-38909042' action='modify'>
    <nd ref='-182258144' />
    <nd ref='-182258145' />
    <tag k='type' v='straight' />
  </way>
  <way id='-38909043' action='modify'>
    <nd ref='-182258145' />
    <nd ref='-182258146' />
  </way>
  <way id='-38909044' action='modify'>
    <nd ref='-182258146' />
    <nd ref='-182258147' />
    <tag k='type' v='straight' />
  </way>
  <way id='-38909045' action='modify'>
    <nd ref='-182258147' />
    <nd ref='-182258149' />
  </way>
  <way id='-38909046' action='modify'>
    <nd ref='-182258152' />
    <nd ref='-182258153' />
    <tag k='type' v='straight' />
  </way>
  <way id='-38909047' action='modify'>
    <nd ref='-182258150' />
    <nd ref='-182258170' />
    <tag k='type' v='straight' />
  </way>
  <way id='-38909048' action='modify'>
    <nd ref='-182258151' />
    <nd ref='-182258152' />
  </way>
  <way id='-38909049' action='modify'>
    <nd ref='-182258156' />
    <nd ref='-182258159' />
    <nd ref='-182258155' />
  </way>
  <way id='-38909050' action='modify'>
    <nd ref='-182258035' />
    <nd ref='-182258158' />
    <tag k='type' v='straight' />
  </way>
  <way id='-38909051' action='modify'>
    <nd ref='-182258158' />
    <nd ref='-182258157' />
  </way>
  <way id='-38909052' action='modify'>
    <nd ref='-182258157' />
    <nd ref='-182258156' />
    <tag k='type' v='straight' />
  </way>
  <way id='-38909053' action='modify'>
    <nd ref='-182258155' />
    <nd ref='-182258154' />
    <tag k='type' v='straight' />
  </way>
  <way id='-38909054' action='modify'>
    <nd ref='-182258163' />
    <nd ref='-182258164' />
    <nd ref='-182258165' />
    <nd ref='-182258166' />
    <nd ref='-182258167' />
  </way>
  <way id='-38909055' action='modify'>
    <nd ref='-182258160' />
    <nd ref='-182258161' />
    <tag k='type' v='straight' />
  </way>
  <way id='-38909056' action='modify'>
    <nd ref='-182258161' />
    <nd ref='-182258162' />
  </way>
  <way id='-38909057' action='modify'>
    <nd ref='-182258162' />
    <nd ref='-182258163' />
    <tag k='type' v='straight' />
  </way>
  <way id='-38909058' action='modify'>
    <nd ref='-182258167' />
    <nd ref='-182258168' />
    <tag k='type' v='straight' />
  </way>
  <way id='-38909059' action='modify'>
    <nd ref='-182258168' />
    <nd ref='-182258169' />
  </way>
  <way id='-38909060' action='modify'>
    <nd ref='-182258169' />
    <nd ref='-182258170' />
    <tag k='type' v='straight' />
  </way>
  <way id='-38909061' action='modify'>
    <nd ref='-182258170' />
    <nd ref='-182258171' />
  </way>
  <way id='-38909062' action='modify'>
    <nd ref='-182258171' />
    <nd ref='-182258172' />
    <tag k='type' v='straight' />
  </way>
  <way id='-38909063' action='modify'>
    <nd ref='-182258172' />
    <nd ref='-182258173' />
  </way>
  <way id='-38909064' action='modify'>
    <nd ref='-182258173' />
    <nd ref='-182258174' />
    <tag k='type' v='straight' />
  </way>
  <way id='-38909065' action='modify'>
    <nd ref='-182258174' />
    <nd ref='-182258175' />
  </way>
  <way id='-38909066' action='modify'>
    <nd ref='-182258175' />
    <nd ref='-182258176' />
    <tag k='type' v='straight' />
  </way>
  <way id='-38909067' action='modify'>
    <nd ref='-182258176' />
    <nd ref='-182258180' />
    <nd ref='-182258179' />
    <nd ref='-182258177' />
  </way>
  <way id='-38909068' action='modify'>
    <nd ref='-182258177' />
    <nd ref='-182258178' />
    <tag k='type' v='straight' />
  </way>
  <way id='-38909069' action='modify'>
    <nd ref='-182258150' />
    <nd ref='-182258151' />
    <tag k='type' v='straight' />
  </way>
  <way id='-38909070' action='modify'>
    <nd ref='-182258182' />
    <nd ref='-182258181' />
    <tag k='type' v='straight' />
  </way>
  <way id='-38909071' action='modify'>
    <nd ref='-182257572' />
    <nd ref='-182258186' />
    <tag k='type' v='straight' />
  </way>
  <way id='-38909072' action='modify'>
    <nd ref='-182258184' />
    <nd ref='-182258185' />
    <nd ref='-182258186' />
  </way>
  <way id='-38909073' action='modify'>
    <nd ref='-182258181' />
    <nd ref='-182258183' />
  </way>
  <way id='-38909074' action='modify'>
    <nd ref='-182258183' />
    <nd ref='-182258184' />
    <tag k='type' v='straight' />
  </way>
  <way id='-38909075' action='modify'>
    <nd ref='-182257704' />
    <nd ref='-182258188' />
    <tag k='type' v='straight' />
  </way>
  <way id='-38909076' action='modify'>
    <nd ref='-182258188' />
    <nd ref='-182258189' />
  </way>
  <way id='-38909077' action='modify'>
    <nd ref='-182258189' />
    <nd ref='-182258187' />
    <tag k='type' v='straight' />
  </way>
  <way id='-38909078' action='modify'>
    <nd ref='-182258190' />
    <nd ref='-182258191' />
    <tag k='type' v='straight' />
  </way>
  <way id='-38909079' action='modify'>
    <nd ref='-182258192' />
    <nd ref='-182257312' />
    <tag k='type' v='straight' />
  </way>
  <way id='-38909080' action='modify'>
    <nd ref='-182258192' />
    <nd ref='-182258193' />
  </way>
  <way id='-38909081' action='modify'>
    <nd ref='-182258193' />
    <nd ref='-182258194' />
    <tag k='type' v='straight' />
  </way>
  <way id='-38909082' action='modify'>
    <nd ref='-182258194' />
    <nd ref='-182258195' />
  </way>
  <way id='-38909083' action='modify'>
    <nd ref='-182258195' />
    <nd ref='-182258196' />
    <nd ref='-182258197' />
    <tag k='type' v='straight' />
  </way>
  <way id='-38909084' action='modify'>
    <nd ref='-182258197' />
    <nd ref='-182258198' />
  </way>
  <way id='-38909085' action='modify'>
    <nd ref='-182258198' />
    <nd ref='-182258199' />
    <tag k='type' v='straight' />
  </way>
  <way id='-38909086' action='modify'>
    <nd ref='-182258196' />
    <nd ref='-182258200' />
    <tag k='type' v='straight' />
  </way>
  <way id='-38909087' action='modify'>
    <nd ref='-182258205' />
    <nd ref='-182258204' />
  </way>
  <way id='-38909088' action='modify'>
    <nd ref='-182258205' />
    <nd ref='-182257344' />
    <tag k='type' v='straight' />
  </way>
  <way id='-38909089' action='modify'>
    <nd ref='-182258204' />
    <nd ref='-182258203' />
    <tag k='type' v='straight' />
  </way>
  <way id='-38909090' action='modify'>
    <nd ref='-182258203' />
    <nd ref='-182258202' />
  </way>
  <way id='-38909091' action='modify'>
    <nd ref='-182258202' />
    <nd ref='-182258201' />
    <tag k='type' v='straight' />
  </way>
  <way id='-38909092' action='modify'>
    <nd ref='-182257488' />
    <nd ref='-182258206' />
    <tag k='type' v='straight' />
  </way>
  <way id='-38909093' action='modify'>
    <nd ref='-182258206' />
    <nd ref='-182258207' />
  </way>
  <way id='-38909094' action='modify'>
    <nd ref='-182258207' />
    <nd ref='-182258208' />
    <tag k='type' v='straight' />
  </way>
  <way id='-38909095' action='modify'>
    <nd ref='-182257571' />
    <nd ref='-182258210' />
    <tag k='type' v='straight' />
  </way>
  <way id='-38909096' action='modify'>
    <nd ref='-182258210' />
    <nd ref='-182258211' />
  </way>
  <way id='-38909097' action='modify'>
    <nd ref='-182258211' />
    <nd ref='-182258209' />
    <tag k='type' v='straight' />
  </way>
  <way id='-38909098' action='modify'>
    <nd ref='-182257609' />
    <nd ref='-182258212' />
    <tag k='type' v='straight' />
  </way>
  <way id='-38909099' action='modify'>
    <nd ref='-182258212' />
    <nd ref='-182258213' />
  </way>
  <way id='-38909100' action='modify'>
    <nd ref='-182258213' />
    <nd ref='-182258214' />
    <tag k='type' v='straight' />
  </way>
  <relation id='-14492991' action='modify'>
    <member type='way' ref='-38908314' role='' />
    <tag k='key' v='d1.pl.d.61' />
    <tag k='name' v='D1 PL 61 (D)' />
    <tag k='type' v='path' />
  </relation>
  <relation id='-14492992' action='modify'>
    <member type='way' ref='-38908315' role='' />
    <member type='way' ref='-38908316' role='' />
    <member type='way' ref='-38908413' role='' />
    <member type='way' ref='-38908317' role='' />
    <member type='way' ref='-38908414' role='' />
    <member type='way' ref='-38908318' role='' />
    <member type='way' ref='-38908319' role='' />
    <member type='way' ref='-38908320' role='' />
    <member type='way' ref='-38908321' role='' />
    <member type='way' ref='-38908322' role='' />
    <member type='way' ref='-38908323' role='' />
    <member type='way' ref='-38908325' role='' />
    <member type='way' ref='-38908326' role='' />
    <member type='way' ref='-38908327' role='' />
    <member type='way' ref='-38908328' role='' />
    <member type='way' ref='-38908329' role='' />
    <member type='way' ref='-38908330' role='' />
    <member type='way' ref='-38908331' role='' />
    <member type='way' ref='-38908332' role='' />
    <member type='way' ref='-38908333' role='' />
    <member type='way' ref='-38909079' role='' />
    <member type='way' ref='-38908334' role='' />
    <member type='way' ref='-38908335' role='' />
    <member type='way' ref='-38908336' role='' />
    <member type='way' ref='-38908337' role='' />
    <member type='way' ref='-38908338' role='' />
    <member type='way' ref='-38908339' role='' />
    <tag k='key' v='d1.pl.d.132' />
    <tag k='name' v='D1 PL 132 (D)' />
    <tag k='type' v='path' />
  </relation>
  <relation id='-14492993' action='modify'>
    <member type='way' ref='-38908340' role='' />
    <member type='way' ref='-38908341' role='' />
    <member type='way' ref='-38908342' role='' />
    <member type='way' ref='-38908343' role='' />
    <member type='way' ref='-38908344' role='' />
    <tag k='key' v='d1.pl.d.136' />
    <tag k='name' v='D1 PL 136 (D)' />
    <tag k='type' v='path' />
  </relation>
  <relation id='-14492994' action='modify'>
    <member type='way' ref='-38908345' role='' />
    <member type='way' ref='-38908346' role='' />
    <member type='way' ref='-38908347' role='' />
    <member type='way' ref='-38908348' role='' />
    <member type='way' ref='-38908349' role='' />
    <member type='way' ref='-38908350' role='' />
    <member type='way' ref='-38908351' role='' />
    <member type='way' ref='-38908352' role='' />
    <member type='way' ref='-38908354' role='' />
    <member type='way' ref='-38908355' role='' />
    <member type='way' ref='-38908353' role='' />
    <member type='way' ref='-38908356' role='' />
    <member type='way' ref='-38908357' role='' />
    <member type='way' ref='-38908358' role='' />
    <member type='way' ref='-38908360' role='' />
    <member type='way' ref='-38908361' role='' />
    <member type='way' ref='-38908362' role='' />
    <member type='way' ref='-38908363' role='' />
    <member type='way' ref='-38908364' role='' />
    <member type='way' ref='-38909088' role='' />
    <member type='way' ref='-38908365' role='' />
    <member type='way' ref='-38908366' role='' />
    <member type='way' ref='-38908367' role='' />
    <member type='way' ref='-38908368' role='' />
    <member type='way' ref='-38908369' role='' />
    <member type='way' ref='-38908370' role='' />
    <member type='way' ref='-38908371' role='' />
    <member type='way' ref='-38908359' role='' />
    <member type='way' ref='-38908555' role='' />
    <member type='way' ref='-38908556' role='' />
    <member type='way' ref='-38908372' role='' />
    <member type='way' ref='-38908373' role='' />
    <member type='way' ref='-38908374' role='' />
    <member type='way' ref='-38908375' role='' />
    <member type='way' ref='-38908376' role='' />
    <member type='way' ref='-38908377' role='' />
    <member type='way' ref='-38908378' role='' />
    <member type='way' ref='-38908379' role='' />
    <member type='way' ref='-38908380' role='' />
    <member type='way' ref='-38908381' role='' />
    <member type='way' ref='-38908382' role='' />
    <member type='way' ref='-38908383' role='' />
    <member type='way' ref='-38908385' role='' />
    <member type='way' ref='-38908386' role='' />
    <member type='way' ref='-38908384' role='' />
    <member type='way' ref='-38908493' role='' />
    <member type='way' ref='-38908494' role='' />
    <member type='way' ref='-38908387' role='' />
    <member type='way' ref='-38908388' role='' />
    <member type='way' ref='-38908770' role='' />
    <member type='way' ref='-38908389' role='' />
    <member type='way' ref='-38908390' role='' />
    <member type='way' ref='-38908391' role='' />
    <member type='way' ref='-38908392' role='' />
    <member type='way' ref='-38908393' role='' />
    <member type='way' ref='-38908394' role='' />
    <tag k='key' v='d1.pl.d.137' />
    <tag k='name' v='D1 PL 137 (D)' />
    <tag k='type' v='path' />
  </relation>
  <relation id='-14492995' action='modify'>
    <member type='way' ref='-38908396' role='' />
    <member type='way' ref='-38908397' role='' />
    <member type='way' ref='-38908398' role='' />
    <member type='way' ref='-38908399' role='' />
    <member type='way' ref='-38908395' role='' />
    <member type='way' ref='-38908400' role='' />
    <member type='way' ref='-38908401' role='' />
    <member type='way' ref='-38908402' role='' />
    <member type='way' ref='-38908403' role='' />
    <member type='way' ref='-38908728' role='' />
    <member type='way' ref='-38908404' role='' />
    <member type='way' ref='-38908405' role='' />
    <tag k='key' v='d1.pl.d.143' />
    <tag k='name' v='D1 PL 143 (D)' />
    <tag k='type' v='path' />
  </relation>
  <relation id='-14492996' action='modify'>
    <member type='way' ref='-38908407' role='' />
    <member type='way' ref='-38908408' role='' />
    <member type='way' ref='-38908406' role='' />
    <member type='way' ref='-38908434' role='' />
    <member type='way' ref='-38908435' role='' />
    <member type='way' ref='-38908409' role='' />
    <member type='way' ref='-38908410' role='' />
    <member type='way' ref='-38908411' role='' />
    <member type='way' ref='-38908324' role='' />
    <tag k='key' v='d1.pl.d.144' />
    <tag k='name' v='D1 PL 144 (D)' />
    <tag k='type' v='path' />
  </relation>
  <relation id='-14492997' action='modify'>
    <member type='way' ref='-38908412' role='' />
    <member type='way' ref='-38908416' role='' />
    <member type='way' ref='-38908417' role='' />
    <member type='way' ref='-38908418' role='' />
    <member type='way' ref='-38908419' role='' />
    <member type='way' ref='-38908420' role='' />
    <member type='way' ref='-38908421' role='' />
    <member type='way' ref='-38908317' role='' />
    <member type='way' ref='-38908415' role='' />
    <member type='way' ref='-38908422' role='' />
    <member type='way' ref='-38908423' role='' />
    <member type='way' ref='-38908424' role='' />
    <member type='way' ref='-38908425' role='' />
    <member type='way' ref='-38908426' role='' />
    <member type='way' ref='-38908434' role='' />
    <member type='way' ref='-38908427' role='' />
    <member type='way' ref='-38908428' role='' />
    <member type='way' ref='-38908429' role='' />
    <member type='way' ref='-38908430' role='' />
    <member type='way' ref='-38908431' role='' />
    <member type='way' ref='-38908432' role='' />
    <member type='way' ref='-38908433' role='' />
    <tag k='key' v='d1.pl.d.175' />
    <tag k='name' v='D1 PL 175 (D)' />
    <tag k='type' v='path' />
  </relation>
  <relation id='-14492998' action='modify'>
    <member type='way' ref='-38908438' role='' />
    <member type='way' ref='-38908439' role='' />
    <member type='way' ref='-38908440' role='' />
    <member type='way' ref='-38908436' role='' />
    <member type='way' ref='-38908441' role='' />
    <member type='way' ref='-38908442' role='' />
    <member type='way' ref='-38908443' role='' />
    <member type='way' ref='-38908444' role='' />
    <tag k='key' v='d1.pl.d.177' />
    <tag k='name' v='D1 PL 177 (D)' />
    <tag k='type' v='path' />
  </relation>
  <relation id='-14492999' action='modify'>
    <member type='way' ref='-38908445' role='' />
    <member type='way' ref='-38908446' role='' />
    <member type='way' ref='-38908447' role='' />
    <tag k='key' v='d1.pl.d.181' />
    <tag k='name' v='D1 PL 181 (D)' />
    <tag k='type' v='path' />
  </relation>
  <relation id='-14493000' action='modify'>
    <member type='way' ref='-38908449' role='' />
    <member type='way' ref='-38908450' role='' />
    <member type='way' ref='-38908451' role='' />
    <member type='way' ref='-38908452' role='' />
    <member type='way' ref='-38908448' role='' />
    <member type='way' ref='-38908453' role='' />
    <member type='way' ref='-38908454' role='' />
    <member type='way' ref='-38908455' role='' />
    <member type='way' ref='-38908456' role='' />
    <member type='way' ref='-38908457' role='' />
    <member type='way' ref='-38908440' role='reverse' />
    <tag k='key' v='d1.pl.195' />
    <tag k='name' v='D1 PL 195' />
    <tag k='type' v='path' />
  </relation>
  <relation id='-14493001' action='modify'>
    <member type='way' ref='-38908339' role='' />
    <member type='way' ref='-38909016' role='' />
    <member type='way' ref='-38908459' role='' />
    <member type='way' ref='-38908460' role='' />
    <member type='way' ref='-38908461' role='' />
    <member type='way' ref='-38908462' role='' />
    <member type='way' ref='-38908463' role='' />
    <member type='way' ref='-38908464' role='' />
    <member type='way' ref='-38908465' role='' />
    <member type='way' ref='-38908466' role='' />
    <member type='way' ref='-38908467' role='' />
    <tag k='key' v='d1.pl.d.271' />
    <tag k='name' v='D1 PL 271 (D)' />
    <tag k='type' v='path' />
  </relation>
  <relation id='-14493002' action='modify'>
    <member type='way' ref='-38908469' role='' />
    <member type='way' ref='-38908468' role='' />
    <member type='way' ref='-38908470' role='' />
    <tag k='key' v='d1.pl.d.272' />
    <tag k='name' v='D1 PL 272 (D)' />
    <tag k='type' v='path' />
  </relation>
  <relation id='-14493003' action='modify'>
    <member type='way' ref='-38908471' role='' />
    <member type='way' ref='-38908472' role='' />
    <member type='way' ref='-38908473' role='' />
    <member type='way' ref='-38908489' role='' />
    <member type='way' ref='-38908490' role='' />
    <member type='way' ref='-38908491' role='' />
    <member type='way' ref='-38908492' role='' />
    <member type='way' ref='-38908482' role='' />
    <member type='way' ref='-38908483' role='' />
    <member type='way' ref='-38909022' role='' />
    <member type='way' ref='-38908484' role='' />
    <member type='way' ref='-38908485' role='' />
    <member type='way' ref='-38909023' role='' />
    <member type='way' ref='-38908486' role='' />
    <member type='way' ref='-38908487' role='' />
    <member type='way' ref='-38908488' role='' />
    <member type='way' ref='-38908476' role='' />
    <member type='way' ref='-38908477' role='' />
    <member type='way' ref='-38908478' role='' />
    <member type='way' ref='-38908479' role='' />
    <member type='way' ref='-38908480' role='' />
    <member type='way' ref='-38908481' role='' />
    <member type='way' ref='-38908475' role='' />
    <tag k='key' v='d1.pl.d.273' />
    <tag k='name' v='D1 PL 273 (D)' />
    <tag k='type' v='path' />
  </relation>
  <relation id='-14493004' action='modify'>
    <member type='way' ref='-38908458' role='' />
    <member type='way' ref='-38908495' role='' />
    <member type='way' ref='-38908496' role='' />
    <member type='way' ref='-38908497' role='' />
    <member type='way' ref='-38908498' role='' />
    <member type='way' ref='-38908499' role='' />
    <member type='way' ref='-38908493' role='' />
    <member type='way' ref='-38908501' role='' />
    <member type='way' ref='-38908500' role='' />
    <member type='way' ref='-38908503' role='' />
    <member type='way' ref='-38908502' role='' />
    <member type='way' ref='-38908683' role='' />
    <member type='way' ref='-38908684' role='' />
    <member type='way' ref='-38908505' role='' />
    <member type='way' ref='-38908506' role='' />
    <member type='way' ref='-38908507' role='' />
    <member type='way' ref='-38908508' role='' />
    <member type='way' ref='-38908509' role='' />
    <member type='way' ref='-38908510' role='' />
    <member type='way' ref='-38908511' role='' />
    <member type='way' ref='-38908504' role='' />
    <member type='way' ref='-38908513' role='' />
    <member type='way' ref='-38908515' role='' />
    <member type='way' ref='-38908516' role='' />
    <member type='way' ref='-38908512' role='' />
    <member type='way' ref='-38908517' role='' />
    <member type='way' ref='-38908514' role='' />
    <member type='way' ref='-38908519' role='' />
    <member type='way' ref='-38908520' role='' />
    <member type='way' ref='-38908521' role='' />
    <member type='way' ref='-38908522' role='' />
    <member type='way' ref='-38908523' role='' />
    <member type='way' ref='-38908524' role='' />
    <member type='way' ref='-38908525' role='' />
    <member type='way' ref='-38908518' role='' />
    <member type='way' ref='-38908527' role='' />
    <member type='way' ref='-38908526' role='' />
    <member type='way' ref='-38908528' role='' />
    <member type='way' ref='-38908529' role='' />
    <member type='way' ref='-38908530' role='' />
    <member type='way' ref='-38908531' role='' />
    <member type='way' ref='-38908532' role='' />
    <member type='way' ref='-38908533' role='' />
    <member type='way' ref='-38908534' role='' />
    <member type='way' ref='-38908535' role='' />
    <member type='way' ref='-38908536' role='' />
    <member type='way' ref='-38908537' role='' />
    <member type='way' ref='-38908538' role='' />
    <member type='way' ref='-38908539' role='' />
    <member type='way' ref='-38908540' role='' />
    <member type='way' ref='-38908541' role='' />
    <tag k='key' v='d1.pl.274' />
    <tag k='name' v='D1 PL 274' />
    <tag k='type' v='path' />
  </relation>
  <relation id='-14493005' action='modify'>
    <member type='way' ref='-38908544' role='' />
    <member type='way' ref='-38908545' role='' />
    <member type='way' ref='-38908546' role='' />
    <member type='way' ref='-38908547' role='' />
    <member type='way' ref='-38908548' role='' />
    <member type='way' ref='-38908549' role='' />
    <member type='way' ref='-38909071' role='' />
    <member type='way' ref='-38908542' role='' />
    <member type='way' ref='-38908707' role='' />
    <member type='way' ref='-38908550' role='' />
    <member type='way' ref='-38908551' role='' />
    <member type='way' ref='-38908552' role='' />
    <tag k='key' v='d1.pl.d.275' />
    <tag k='name' v='D1 PL 275 (D)' />
    <tag k='type' v='path' />
  </relation>
  <relation id='-14493006' action='modify'>
    <member type='way' ref='-38908554' role='' />
    <member type='way' ref='-38908558' role='' />
    <member type='way' ref='-38908559' role='' />
    <member type='way' ref='-38908560' role='' />
    <member type='way' ref='-38908788' role='' />
    <member type='way' ref='-38908789' role='' />
    <member type='way' ref='-38908561' role='' />
    <member type='way' ref='-38908562' role='' />
    <member type='way' ref='-38908563' role='' />
    <member type='way' ref='-38908555' role='' />
    <member type='way' ref='-38908567' role='' />
    <member type='way' ref='-38908568' role='' />
    <member type='way' ref='-38908681' role='' />
    <member type='way' ref='-38908682' role='' />
    <member type='way' ref='-38908569' role='' />
    <member type='way' ref='-38908557' role='' />
    <member type='way' ref='-38908564' role='' />
    <member type='way' ref='-38908565' role='' />
    <member type='way' ref='-38908566' role='' />
    <tag k='key' v='d1.pl.276' />
    <tag k='name' v='D1 PL 276' />
    <tag k='type' v='path' />
  </relation>
  <relation id='-14493007' action='modify'>
    <member type='way' ref='-38908570' role='' />
    <member type='way' ref='-38908571' role='' />
    <member type='way' ref='-38908573' role='' />
    <member type='way' ref='-38908572' role='' />
    <member type='way' ref='-38908574' role='' />
    <member type='way' ref='-38908575' role='' />
    <member type='way' ref='-38908576' role='' />
    <member type='way' ref='-38908577' role='' />
    <member type='way' ref='-38908578' role='' />
    <member type='way' ref='-38908579' role='' />
    <member type='way' ref='-38908580' role='' />
    <tag k='key' v='d1.pl.277' />
    <tag k='name' v='D1 PL 277' />
    <tag k='type' v='path' />
  </relation>
  <relation id='-14493008' action='modify'>
    <member type='way' ref='-38908746' role='' />
    <member type='way' ref='-38908582' role='' />
    <member type='way' ref='-38908583' role='' />
    <member type='way' ref='-38908584' role='' />
    <member type='way' ref='-38908585' role='' />
    <member type='way' ref='-38908586' role='' />
    <member type='way' ref='-38908587' role='' />
    <member type='way' ref='-38908588' role='' />
    <member type='way' ref='-38908539' role='' />
    <tag k='key' v='d1.pl.278' />
    <tag k='name' v='D1 PL 278' />
    <tag k='type' v='path' />
  </relation>
  <relation id='-14493009' action='modify'>
    <member type='way' ref='-38908589' role='' />
    <member type='way' ref='-38908590' role='' />
    <member type='way' ref='-38908591' role='' />
    <tag k='key' v='d1.pl.279' />
    <tag k='name' v='D1 PL 279' />
    <tag k='type' v='path' />
  </relation>
  <relation id='-14493010' action='modify'>
    <member type='way' ref='-38908592' role='' />
    <member type='way' ref='-38908593' role='' />
    <member type='way' ref='-38908594' role='' />
    <member type='way' ref='-38908595' role='' />
    <member type='way' ref='-38908596' role='' />
    <member type='way' ref='-38908597' role='' />
    <member type='way' ref='-38908598' role='' />
    <member type='way' ref='-38908599' role='' />
    <member type='way' ref='-38908600' role='' />
    <tag k='key' v='d1.pl.d.281' />
    <tag k='name' v='D1 PL 281 (D)' />
    <tag k='type' v='path' />
  </relation>
  <relation id='-14493011' action='modify'>
    <member type='way' ref='-38908601' role='' />
    <member type='way' ref='-38908868' role='' />
    <member type='way' ref='-38908602' role='' />
    <member type='way' ref='-38908553' role='' />
    <member type='way' ref='-38908611' role='' />
    <member type='way' ref='-38908612' role='' />
    <member type='way' ref='-38908607' role='' />
    <member type='way' ref='-38908608' role='' />
    <member type='way' ref='-38908609' role='' />
    <member type='way' ref='-38908610' role='' />
    <member type='way' ref='-38908603' role='' />
    <member type='way' ref='-38908604' role='' />
    <member type='way' ref='-38908632' role='' />
    <member type='way' ref='-38908633' role='' />
    <member type='way' ref='-38908605' role='' />
    <member type='way' ref='-38908606' role='' />
    <member type='way' ref='-38908613' role='' />
    <member type='way' ref='-38908614' role='' />
    <tag k='key' v='d1.pl.d.282' />
    <tag k='name' v='D1 PL 282 (D)' />
    <tag k='type' v='path' />
  </relation>
  <relation id='-14493012' action='modify'>
    <member type='way' ref='-38908615' role='' />
    <member type='way' ref='-38908616' role='' />
    <member type='way' ref='-38908618' role='' />
    <member type='way' ref='-38908619' role='' />
    <member type='way' ref='-38908620' role='' />
    <member type='way' ref='-38908621' role='' />
    <member type='way' ref='-38908622' role='' />
    <member type='way' ref='-38908623' role='' />
    <member type='way' ref='-38908617' role='' />
    <member type='way' ref='-38908661' role='' />
    <member type='way' ref='-38908624' role='' />
    <member type='way' ref='-38908626' role='' />
    <member type='way' ref='-38908627' role='' />
    <member type='way' ref='-38908628' role='' />
    <member type='way' ref='-38908629' role='' />
    <member type='way' ref='-38908630' role='' />
    <member type='way' ref='-38908625' role='' />
    <member type='way' ref='-38908632' role='' />
    <member type='way' ref='-38908631' role='' />
    <member type='way' ref='-38908634' role='' />
    <member type='way' ref='-38908635' role='' />
    <member type='way' ref='-38908636' role='' />
    <member type='way' ref='-38908637' role='' />
    <member type='way' ref='-38908638' role='' />
    <member type='way' ref='-38908639' role='' />
    <member type='way' ref='-38908640' role='' />
    <member type='way' ref='-38908641' role='' />
    <tag k='key' v='d1.pl.d.283' />
    <tag k='name' v='D1 PL 283 (D)' />
    <tag k='type' v='path' />
  </relation>
  <relation id='-14493013' action='modify'>
    <member type='way' ref='-38908647' role='' />
    <member type='way' ref='-38908648' role='' />
    <member type='way' ref='-38908649' role='' />
    <member type='way' ref='-38908650' role='' />
    <member type='way' ref='-38908642' role='' />
    <tag k='key' v='d1.pl.mgp' />
    <tag k='name' v='D1 PL MGP' />
    <tag k='type' v='path' />
  </relation>
  <relation id='-14493014' action='modify'>
    <member type='way' ref='-38908652' role='' />
    <member type='way' ref='-38908653' role='' />
    <member type='way' ref='-38908654' role='' />
    <member type='way' ref='-38908655' role='' />
    <member type='way' ref='-38908656' role='' />
    <member type='way' ref='-38908657' role='' />
    <member type='way' ref='-38908658' role='' />
    <member type='way' ref='-38908651' role='' />
    <member type='way' ref='-38908659' role='' />
    <member type='way' ref='-38908660' role='' />
    <member type='way' ref='-38908661' role='reverse' />
    <member type='way' ref='-38908662' role='' />
    <member type='way' ref='-38908663' role='' />
    <member type='way' ref='-38908664' role='' />
    <member type='way' ref='-38908665' role='' />
    <member type='way' ref='-38908666' role='' />
    <member type='way' ref='-38908667' role='' />
    <member type='way' ref='-38908668' role='' />
    <tag k='key' v='d1.pl.284' />
    <tag k='name' v='D1 PL 284' />
    <tag k='type' v='path' />
  </relation>
  <relation id='-14493015' action='modify'>
    <member type='way' ref='-38908672' role='' />
    <member type='way' ref='-38908669' role='' />
    <member type='way' ref='-38908671' role='' />
    <tag k='key' v='d1.pl.266' />
    <tag k='name' v='D1 PL 266' />
    <tag k='type' v='path' />
  </relation>
  <relation id='-14493016' action='modify'>
    <member type='way' ref='-38908674' role='' />
    <member type='way' ref='-38908675' role='' />
    <member type='way' ref='-38908673' role='' />
    <member type='way' ref='-38908676' role='' />
    <member type='way' ref='-38908677' role='' />
    <member type='way' ref='-38908678' role='' />
    <member type='way' ref='-38908679' role='' />
    <tag k='key' v='d1.pl.285' />
    <tag k='name' v='D1 PL 285' />
    <tag k='type' v='path' />
  </relation>
  <relation id='-14493017' action='modify'>
    <member type='way' ref='-38908686' role='' />
    <member type='way' ref='-38908687' role='' />
    <member type='way' ref='-38908688' role='' />
    <member type='way' ref='-38908944' role='' />
    <member type='way' ref='-38908945' role='' />
    <member type='way' ref='-38908680' role='' />
    <member type='way' ref='-38908689' role='' />
    <member type='way' ref='-38908690' role='' />
    <member type='way' ref='-38908670' role='' />
    <member type='way' ref='-38908685' role='' />
    <member type='way' ref='-38908683' role='' />
    <tag k='key' v='d1.pl.286' />
    <tag k='name' v='D1 PL 286' />
    <tag k='type' v='path' />
  </relation>
  <relation id='-14493018' action='modify'>
    <member type='way' ref='-38908691' role='' />
    <member type='way' ref='-38908692' role='' />
    <member type='way' ref='-38908693' role='' />
    <member type='way' ref='-38908694' role='' />
    <member type='way' ref='-38908695' role='' />
    <member type='way' ref='-38908696' role='' />
    <member type='way' ref='-38908697' role='' />
    <tag k='key' v='d1.pl.287' />
    <tag k='name' v='D1 PL 287' />
    <tag k='type' v='path' />
  </relation>
  <relation id='-14493019' action='modify'>
    <member type='way' ref='-38908698' role='' />
    <member type='way' ref='-38908699' role='' />
    <member type='way' ref='-38908700' role='' />
    <member type='way' ref='-38908701' role='' />
    <member type='way' ref='-38908912' role='' />
    <member type='way' ref='-38908702' role='' />
    <member type='way' ref='-38908703' role='' />
    <member type='way' ref='-38908704' role='' />
    <member type='way' ref='-38908705' role='' />
    <tag k='key' v='d1.pl.288' />
    <tag k='name' v='D1 PL 288' />
    <tag k='type' v='path' />
  </relation>
  <relation id='-14493020' action='modify'>
    <member type='way' ref='-38908707' role='' />
    <member type='way' ref='-38908706' role='' />
    <member type='way' ref='-38908709' role='' />
    <member type='way' ref='-38908710' role='' />
    <member type='way' ref='-38908711' role='' />
    <member type='way' ref='-38908712' role='' />
    <member type='way' ref='-38908713' role='' />
    <member type='way' ref='-38908708' role='' />
    <member type='way' ref='-38908474' role='' />
    <tag k='key' v='d1.pl.289' />
    <tag k='name' v='D1 PL 289' />
    <tag k='type' v='path' />
  </relation>
  <relation id='-14493021' action='modify'>
    <member type='way' ref='-38908721' role='' />
    <member type='way' ref='-38908722' role='' />
    <member type='way' ref='-38909006' role='' />
    <member type='way' ref='-38908714' role='' />
    <member type='way' ref='-38908715' role='' />
    <member type='way' ref='-38908717' role='' />
    <member type='way' ref='-38908718' role='' />
    <member type='way' ref='-38908719' role='' />
    <tag k='key' v='d1.pl.290' />
    <tag k='name' v='D1 PL 290' />
    <tag k='type' v='path' />
  </relation>
  <relation id='-14493022' action='modify'>
    <member type='way' ref='-38908725' role='' />
    <member type='way' ref='-38908724' role='' />
    <member type='way' ref='-38908726' role='' />
    <member type='way' ref='-38908505' role='' />
    <member type='way' ref='-38908723' role='' />
    <tag k='key' v='d1.pl.291' />
    <tag k='name' v='D1 PL 291' />
    <tag k='type' v='path' />
  </relation>
  <relation id='-14493023' action='modify'>
    <member type='way' ref='-38908727' role='' />
    <member type='way' ref='-38908732' role='' />
    <member type='way' ref='-38908733' role='' />
    <member type='way' ref='-38908734' role='' />
    <member type='way' ref='-38908735' role='' />
    <member type='way' ref='-38908728' role='' />
    <member type='way' ref='-38908729' role='' />
    <member type='way' ref='-38908730' role='' />
    <member type='way' ref='-38908731' role='' />
    <tag k='key' v='d1.pl.292' />
    <tag k='name' v='D1 PL 292' />
    <tag k='type' v='path' />
  </relation>
  <relation id='-14493024' action='modify'>
    <member type='way' ref='-38908736' role='' />
    <member type='way' ref='-38908737' role='' />
    <member type='way' ref='-38908738' role='' />
    <member type='way' ref='-38908739' role='' />
    <member type='way' ref='-38908740' role='' />
    <member type='way' ref='-38908741' role='' />
    <member type='way' ref='-38908742' role='' />
    <tag k='key' v='d1.pl.293' />
    <tag k='name' v='D1 PL 293' />
    <tag k='type' v='path' />
  </relation>
  <relation id='-14493025' action='modify'>
    <member type='way' ref='-38908743' role='' />
    <member type='way' ref='-38908744' role='' />
    <member type='way' ref='-38908745' role='' />
    <tag k='key' v='d1.pl.294' />
    <tag k='name' v='D1 PL 294' />
    <tag k='type' v='path' />
  </relation>
  <relation id='-14493026' action='modify'>
    <member type='way' ref='-38908581' role='' />
    <member type='way' ref='-38908747' role='' />
    <member type='way' ref='-38908748' role='' />
    <tag k='key' v='d1.pl.295' />
    <tag k='name' v='D1 PL 295' />
    <tag k='type' v='path' />
  </relation>
  <relation id='-14493027' action='modify'>
    <member type='way' ref='-38908749' role='' />
    <member type='way' ref='-38908750' role='' />
    <member type='way' ref='-38908751' role='' />
    <tag k='key' v='d1.pl.296' />
    <tag k='name' v='D1 PL 296' />
    <tag k='type' v='path' />
  </relation>
  <relation id='-14493028' action='modify'>
    <member type='way' ref='-38908752' role='' />
    <member type='way' ref='-38908753' role='' />
    <member type='way' ref='-38908754' role='' />
    <tag k='key' v='d1.pl.297' />
    <tag k='name' v='D1 PL 297' />
    <tag k='type' v='path' />
  </relation>
  <relation id='-14493029' action='modify'>
    <member type='way' ref='-38908755' role='' />
    <member type='way' ref='-38908757' role='' />
    <member type='way' ref='-38908758' role='' />
    <tag k='key' v='d1.pl.298' />
    <tag k='name' v='D1 PL 298' />
    <tag k='type' v='path' />
  </relation>
  <relation id='-14493030' action='modify'>
    <member type='way' ref='-38908760' role='' />
    <member type='way' ref='-38908756' role='' />
    <member type='way' ref='-38908759' role='' />
    <tag k='key' v='d1.pl.299' />
    <tag k='name' v='D1 PL 299' />
    <tag k='type' v='path' />
  </relation>
  <relation id='-14493031' action='modify'>
    <member type='way' ref='-38908762' role='' />
    <member type='way' ref='-38908763' role='' />
    <member type='way' ref='-38908761' role='' />
    <member type='way' ref='-38908764' role='' />
    <member type='way' ref='-38908765' role='' />
    <member type='way' ref='-38908766' role='' />
    <member type='way' ref='-38908767' role='' />
    <tag k='key' v='d1.pl.301' />
    <tag k='name' v='D1 PL 301' />
    <tag k='type' v='path' />
  </relation>
  <relation id='-14493032' action='modify'>
    <member type='way' ref='-38908768' role='' />
    <member type='way' ref='-38908771' role='' />
    <member type='way' ref='-38908772' role='' />
    <member type='way' ref='-38908773' role='' />
    <member type='way' ref='-38908774' role='' />
    <member type='way' ref='-38908775' role='' />
    <member type='way' ref='-38908776' role='' />
    <member type='way' ref='-38908770' role='reverse' />
    <member type='way' ref='-38908777' role='' />
    <member type='way' ref='-38908778' role='' />
    <member type='way' ref='-38908779' role='' />
    <member type='way' ref='-38908769' role='' />
    <member type='way' ref='-38908780' role='' />
    <tag k='key' v='d1.pl.302' />
    <tag k='name' v='D1 PL 302' />
    <tag k='type' v='path' />
  </relation>
  <relation id='-14493033' action='modify'>
    <member type='way' ref='-38908782' role='' />
    <member type='way' ref='-38908783' role='' />
    <member type='way' ref='-38908781' role='' />
    <member type='way' ref='-38908784' role='' />
    <member type='way' ref='-38908785' role='' />
    <member type='way' ref='-38908786' role='' />
    <member type='way' ref='-38908787' role='' />
    <tag k='key' v='d1.pl.d.303' />
    <tag k='name' v='D1 PL 303 (D)' />
    <tag k='type' v='path' />
  </relation>
  <relation id='-14493034' action='modify'>
    <member type='way' ref='-38908791' role='' />
    <member type='way' ref='-38908792' role='' />
    <member type='way' ref='-38908793' role='' />
    <member type='way' ref='-38908794' role='' />
    <member type='way' ref='-38908795' role='' />
    <member type='way' ref='-38908796' role='' />
    <member type='way' ref='-38908797' role='' />
    <member type='way' ref='-38908798' role='' />
    <member type='way' ref='-38908799' role='' />
    <member type='way' ref='-38908788' role='' />
    <member type='way' ref='-38908790' role='' />
    <member type='way' ref='-38908800' role='' />
    <member type='way' ref='-38908801' role='' />
    <member type='way' ref='-38908802' role='' />
    <member type='way' ref='-38908803' role='' />
    <tag k='key' v='d1.pl.304' />
    <tag k='name' v='D1 PL 304' />
    <tag k='type' v='path' />
  </relation>
  <relation id='-14493035' action='modify'>
    <member type='way' ref='-38908805' role='' />
    <member type='way' ref='-38908806' role='' />
    <member type='way' ref='-38908807' role='' />
    <member type='way' ref='-38908808' role='' />
    <member type='way' ref='-38908809' role='' />
    <member type='way' ref='-38908804' role='' />
    <member type='way' ref='-38908810' role='' />
    <tag k='key' v='d1.pl.306' />
    <tag k='name' v='D1 PL 306' />
    <tag k='type' v='path' />
  </relation>
  <relation id='-14493036' action='modify'>
    <member type='way' ref='-38908811' role='' />
    <member type='way' ref='-38908812' role='' />
    <member type='way' ref='-38908813' role='' />
    <member type='way' ref='-38908814' role='' />
    <member type='way' ref='-38908815' role='' />
    <tag k='key' v='d1.pl.d.307' />
    <tag k='name' v='D1 PL 307 (D)' />
    <tag k='type' v='path' />
  </relation>
  <relation id='-14493037' action='modify'>
    <member type='way' ref='-38908817' role='' />
    <member type='way' ref='-38908816' role='' />
    <member type='way' ref='-38908818' role='' />
    <member type='way' ref='-38908819' role='' />
    <member type='way' ref='-38908822' role='' />
    <member type='way' ref='-38908820' role='' />
    <member type='way' ref='-38908821' role='' />
    <tag k='key' v='d1.pl.308' />
    <tag k='name' v='D1 PL 308' />
    <tag k='type' v='path' />
  </relation>
  <relation id='-14493038' action='modify'>
    <member type='way' ref='-38908824' role='' />
    <member type='way' ref='-38908825' role='' />
    <member type='way' ref='-38908826' role='' />
    <member type='way' ref='-38908823' role='' />
    <member type='way' ref='-38908827' role='' />
    <tag k='key' v='d1.pl.309' />
    <tag k='name' v='D1 PL 309' />
    <tag k='type' v='path' />
  </relation>
  <relation id='-14493039' action='modify'>
    <member type='way' ref='-38908829' role='' />
    <member type='way' ref='-38908830' role='' />
    <member type='way' ref='-38908828' role='' />
    <member type='way' ref='-38908831' role='' />
    <member type='way' ref='-38908832' role='' />
    <tag k='key' v='d1.pl.310' />
    <tag k='name' v='D1 PL 310' />
    <tag k='type' v='path' />
  </relation>
  <relation id='-14493040' action='modify'>
    <member type='way' ref='-38908834' role='' />
    <member type='way' ref='-38908835' role='' />
    <member type='way' ref='-38908836' role='' />
    <member type='way' ref='-38908833' role='' />
    <member type='way' ref='-38908837' role='' />
    <member type='way' ref='-38908838' role='' />
    <member type='way' ref='-38908839' role='' />
    <member type='way' ref='-38908840' role='' />
    <member type='way' ref='-38908841' role='' />
    <member type='way' ref='-38908842' role='' />
    <member type='way' ref='-38908843' role='' />
    <tag k='key' v='d1.pl.311' />
    <tag k='name' v='D1 PL 311' />
    <tag k='type' v='path' />
  </relation>
  <relation id='-14493041' action='modify'>
    <member type='way' ref='-38908845' role='' />
    <member type='way' ref='-38908844' role='' />
    <member type='way' ref='-38908846' role='' />
    <member type='way' ref='-38908847' role='' />
    <member type='way' ref='-38909000' role='' />
    <tag k='key' v='d1.pl.312' />
    <tag k='name' v='D1 PL 312' />
    <tag k='type' v='path' />
  </relation>
  <relation id='-14493042' action='modify'>
    <member type='way' ref='-38908850' role='' />
    <member type='way' ref='-38908849' role='' />
    <member type='way' ref='-38908851' role='' />
    <member type='way' ref='-38908852' role='' />
    <member type='way' ref='-38908853' role='' />
    <tag k='key' v='d1.pl.313' />
    <tag k='name' v='D1 PL 313' />
    <tag k='type' v='path' />
  </relation>
  <relation id='-14493043' action='modify'>
    <member type='way' ref='-38908855' role='' />
    <member type='way' ref='-38908856' role='' />
    <member type='way' ref='-38908857' role='' />
    <member type='way' ref='-38908858' role='' />
    <member type='way' ref='-38908859' role='' />
    <member type='way' ref='-38908854' role='' />
    <member type='way' ref='-38908860' role='' />
    <tag k='key' v='d1.pl.314' />
    <tag k='name' v='D1 PL 314' />
    <tag k='type' v='path' />
  </relation>
  <relation id='-14493044' action='modify'>
    <member type='way' ref='-38908861' role='' />
    <member type='way' ref='-38908862' role='' />
    <member type='way' ref='-38908863' role='' />
    <member type='way' ref='-38908864' role='' />
    <member type='way' ref='-38908865' role='' />
    <tag k='key' v='d1.pl.315' />
    <tag k='name' v='D1 PL 315' />
    <tag k='type' v='path' />
  </relation>
  <relation id='-14493045' action='modify'>
    <member type='way' ref='-38908866' role='' />
    <member type='way' ref='-38908869' role='' />
    <member type='way' ref='-38908870' role='' />
    <member type='way' ref='-38908871' role='' />
    <member type='way' ref='-38908872' role='' />
    <member type='way' ref='-38908873' role='' />
    <member type='way' ref='-38908874' role='' />
    <tag k='key' v='d1.pl.316.1' />
    <tag k='name' v='D1 PL 316 (1)' />
    <tag k='type' v='path' />
  </relation>
  <relation id='-14493046' action='modify'>
    <member type='way' ref='-38908867' role='' />
    <tag k='key' v='d1.pl.316.2' />
    <tag k='name' v='D1 PL 316 (2)' />
    <tag k='type' v='path' />
  </relation>
  <relation id='-14493047' action='modify'>
    <member type='way' ref='-38908643' role='' />
    <member type='way' ref='-38908644' role='' />
    <member type='way' ref='-38908645' role='' />
    <member type='way' ref='-38908875' role='' />
    <member type='way' ref='-38908876' role='' />
    <member type='way' ref='-38908877' role='' />
    <member type='way' ref='-38908646' role='' />
    <member type='way' ref='-38908878' role='' />
    <tag k='key' v='d1.pl.317' />
    <tag k='name' v='D1 PL 317' />
    <tag k='type' v='path' />
  </relation>
  <relation id='-14493048' action='modify'>
    <member type='way' ref='-38908879' role='' />
    <member type='way' ref='-38908880' role='' />
    <member type='way' ref='-38908881' role='' />
    <member type='way' ref='-38908882' role='' />
    <member type='way' ref='-38908883' role='' />
    <tag k='key' v='d1.pl.dzb' />
    <tag k='name' v='D1 PL DZB' />
    <tag k='type' v='path' />
  </relation>
  <relation id='-14493049' action='modify'>
    <member type='way' ref='-38908884' role='' />
    <member type='way' ref='-38908885' role='' />
    <member type='way' ref='-38908886' role='' />
    <member type='way' ref='-38908887' role='' />
    <member type='way' ref='-38908888' role='' />
    <member type='way' ref='-38908889' role='' />
    <member type='way' ref='-38908890' role='' />
    <member type='way' ref='-38908891' role='' />
    <member type='way' ref='-38908892' role='' />
    <member type='way' ref='-38908893' role='' />
    <member type='way' ref='-38908894' role='' />
    <tag k='key' v='d1.pl.318' />
    <tag k='name' v='D1 PL 318' />
    <tag k='type' v='path' />
  </relation>
  <relation id='-14493050' action='modify'>
    <member type='way' ref='-38908895' role='' />
    <member type='way' ref='-38908896' role='' />
    <member type='way' ref='-38908897' role='' />
    <member type='way' ref='-38908898' role='' />
    <member type='way' ref='-38908899' role='' />
    <member type='way' ref='-38908900' role='' />
    <member type='way' ref='-38908901' role='' />
    <member type='way' ref='-38908902' role='' />
    <member type='way' ref='-38908903' role='' />
    <tag k='key' v='d1.pl.319' />
    <tag k='name' v='D1 PL 319' />
    <tag k='type' v='path' />
  </relation>
  <relation id='-14493051' action='modify'>
    <member type='way' ref='-38908905' role='' />
    <member type='way' ref='-38908906' role='' />
    <member type='way' ref='-38908907' role='' />
    <member type='way' ref='-38908908' role='' />
    <member type='way' ref='-38908904' role='' />
    <member type='way' ref='-38908909' role='' />
    <member type='way' ref='-38908910' role='' />
    <tag k='key' v='d1.pl.320' />
    <tag k='name' v='D1 PL 320' />
    <tag k='type' v='path' />
  </relation>
  <relation id='-14493052' action='modify'>
    <member type='way' ref='-38908913' role='' />
    <member type='way' ref='-38908914' role='' />
    <member type='way' ref='-38908915' role='' />
    <member type='way' ref='-38908911' role='' />
    <member type='way' ref='-38908916' role='' />
    <member type='way' ref='-38908917' role='' />
    <member type='way' ref='-38908797' role='' />
    <tag k='key' v='d1.pl.321' />
    <tag k='name' v='D1 PL 321' />
    <tag k='type' v='path' />
  </relation>
  <relation id='-14493053' action='modify'>
    <member type='way' ref='-38908919' role='' />
    <member type='way' ref='-38908920' role='' />
    <member type='way' ref='-38908921' role='' />
    <member type='way' ref='-38908918' role='' />
    <member type='way' ref='-38908922' role='' />
    <tag k='key' v='d1.pl.322' />
    <tag k='name' v='D1 PL 322' />
    <tag k='type' v='path' />
  </relation>
  <relation id='-14493054' action='modify'>
    <member type='way' ref='-38908923' role='' />
    <member type='way' ref='-38908924' role='' />
    <member type='way' ref='-38908925' role='' />
    <member type='way' ref='-38908926' role='' />
    <member type='way' ref='-38908927' role='' />
    <member type='way' ref='-38908928' role='' />
    <member type='way' ref='-38908929' role='' />
    <tag k='key' v='d1.pl.323' />
    <tag k='name' v='D1 PL 323' />
    <tag k='type' v='path' />
  </relation>
  <relation id='-14493055' action='modify'>
    <member type='way' ref='-38908932' role='' />
    <member type='way' ref='-38908930' role='' />
    <member type='way' ref='-38908931' role='' />
    <tag k='key' v='d1.pl.325' />
    <tag k='name' v='D1 PL 325' />
    <tag k='type' v='path' />
  </relation>
  <relation id='-14493056' action='modify'>
    <member type='way' ref='-38908934' role='' />
    <member type='way' ref='-38908933' role='' />
    <member type='way' ref='-38908935' role='' />
    <member type='way' ref='-38908936' role='' />
    <member type='way' ref='-38908937' role='' />
    <tag k='key' v='d1.pl.326' />
    <tag k='name' v='D1 PL 326' />
    <tag k='type' v='path' />
  </relation>
  <relation id='-14493057' action='modify'>
    <member type='way' ref='-38908890' role='reverse' />
    <member type='way' ref='-38908938' role='' />
    <member type='way' ref='-38908939' role='' />
    <member type='way' ref='-38908940' role='' />
    <member type='way' ref='-38908941' role='' />
    <tag k='key' v='d1.pl.327.1' />
    <tag k='name' v='D1 PL 327 (1)' />
    <tag k='type' v='path' />
  </relation>
  <relation id='-14493058' action='modify'>
    <member type='way' ref='-38908941' role='reverse' />
    <member type='way' ref='-38908942' role='' />
    <member type='way' ref='-38908946' role='' />
    <member type='way' ref='-38908947' role='' />
    <member type='way' ref='-38908948' role='' />
    <member type='way' ref='-38908949' role='' />
    <member type='way' ref='-38908944' role='' />
    <member type='way' ref='-38908950' role='' />
    <member type='way' ref='-38908943' role='' />
    <member type='way' ref='-38908951' role='' />
    <tag k='key' v='d1.pl.327.2' />
    <tag k='name' v='D1 PL 327 (2)' />
    <tag k='type' v='path' />
  </relation>
  <relation id='-14493059' action='modify'>
    <member type='way' ref='-38908952' role='' />
    <member type='way' ref='-38908953' role='' />
    <member type='way' ref='-38908954' role='' />
    <tag k='key' v='d1.pl.328' />
    <tag k='name' v='D1 PL 328' />
    <tag k='type' v='path' />
  </relation>
  <relation id='-14493060' action='modify'>
    <member type='way' ref='-38908955' role='' />
    <member type='way' ref='-38908956' role='' />
    <member type='way' ref='-38908957' role='' />
    <member type='way' ref='-38908958' role='' />
    <member type='way' ref='-38908959' role='' />
    <tag k='key' v='d1.pl.329' />
    <tag k='name' v='D1 PL 329' />
    <tag k='type' v='path' />
  </relation>
  <relation id='-14493061' action='modify'>
    <member type='way' ref='-38908960' role='' />
    <member type='way' ref='-38908961' role='' />
    <member type='way' ref='-38908962' role='' />
    <member type='way' ref='-38908963' role='' />
    <member type='way' ref='-38908964' role='' />
    <tag k='key' v='d1.pl.330' />
    <tag k='name' v='D1 PL 330' />
    <tag k='type' v='path' />
  </relation>
  <relation id='-14493062' action='modify'>
    <member type='way' ref='-38908966' role='' />
    <member type='way' ref='-38908965' role='' />
    <member type='way' ref='-38908967' role='' />
    <tag k='key' v='d1.pl.331' />
    <tag k='name' v='D1 PL 331' />
    <tag k='type' v='path' />
  </relation>
  <relation id='-14493063' action='modify'>
    <member type='way' ref='-38908968' role='' />
    <member type='way' ref='-38908969' role='' />
    <member type='way' ref='-38908970' role='' />
    <tag k='key' v='d1.pl.332' />
    <tag k='name' v='D1 PL 332' />
    <tag k='type' v='path' />
  </relation>
  <relation id='-14493064' action='modify'>
    <member type='way' ref='-38908971' role='' />
    <member type='way' ref='-38908972' role='' />
    <member type='way' ref='-38908973' role='' />
    <tag k='key' v='d1.pl.333' />
    <tag k='name' v='D1 PL 333' />
    <tag k='type' v='path' />
  </relation>
  <relation id='-14493065' action='modify'>
    <member type='way' ref='-38908974' role='' />
    <member type='way' ref='-38908975' role='' />
    <member type='way' ref='-38908976' role='' />
    <tag k='key' v='d1.pl.334' />
    <tag k='name' v='D1 PL 334' />
    <tag k='type' v='path' />
  </relation>
  <relation id='-14493066' action='modify'>
    <member type='way' ref='-38908977' role='' />
    <member type='way' ref='-38908978' role='' />
    <member type='way' ref='-38908979' role='' />
    <tag k='key' v='d1.pl.335' />
    <tag k='name' v='D1 PL 335' />
    <tag k='type' v='path' />
  </relation>
  <relation id='-14493067' action='modify'>
    <member type='way' ref='-38908980' role='' />
    <member type='way' ref='-38908981' role='' />
    <member type='way' ref='-38908982' role='' />
    <member type='way' ref='-38908983' role='' />
    <member type='way' ref='-38908984' role='' />
    <tag k='key' v='d1.pl.337' />
    <tag k='name' v='D1 PL 337' />
    <tag k='type' v='path' />
  </relation>
  <relation id='-14493068' action='modify'>
    <member type='way' ref='-38908985' role='' />
    <member type='way' ref='-38908986' role='' />
    <member type='way' ref='-38908987' role='' />
    <member type='way' ref='-38908988' role='' />
    <member type='way' ref='-38908989' role='' />
    <tag k='key' v='d1.pl.338' />
    <tag k='name' v='D1 PL 338' />
    <tag k='type' v='path' />
  </relation>
  <relation id='-14493069' action='modify'>
    <member type='way' ref='-38908990' role='' />
    <member type='way' ref='-38908991' role='' />
    <member type='way' ref='-38908992' role='' />
    <member type='way' ref='-38908993' role='' />
    <member type='way' ref='-38908994' role='' />
    <tag k='key' v='d1.pl.339' />
    <tag k='name' v='D1 PL 339' />
    <tag k='type' v='path' />
  </relation>
  <relation id='-14493070' action='modify'>
    <member type='way' ref='-38908822' role='reverse' />
    <member type='way' ref='-38908995' role='' />
    <member type='way' ref='-38908996' role='' />
    <tag k='key' v='d1.pl.340' />
    <tag k='name' v='D1 PL 340' />
    <tag k='type' v='path' />
  </relation>
  <relation id='-14493071' action='modify'>
    <member type='way' ref='-38908997' role='' />
    <member type='way' ref='-38908998' role='' />
    <member type='way' ref='-38908999' role='' />
    <tag k='key' v='d1.pl.341' />
    <tag k='name' v='D1 PL 341' />
    <tag k='type' v='path' />
  </relation>
  <relation id='-14493072' action='modify'>
    <member type='way' ref='-38909001' role='' />
    <member type='way' ref='-38908848' role='' />
    <tag k='key' v='d1.pl.342' />
    <tag k='name' v='D1 PL 342' />
    <tag k='type' v='path' />
  </relation>
  <relation id='-14493073' action='modify'>
    <member type='way' ref='-38908754' role='' />
    <member type='way' ref='-38909003' role='' />
    <member type='way' ref='-38909002' role='' />
    <tag k='key' v='d1.pl.343' />
    <tag k='name' v='D1 PL 343' />
    <tag k='type' v='path' />
  </relation>
  <relation id='-14493074' action='modify'>
    <member type='way' ref='-38909006' role='' />
    <member type='way' ref='-38909005' role='' />
    <member type='way' ref='-38909004' role='' />
    <tag k='key' v='d1.pl.344' />
    <tag k='name' v='D1 PL 344' />
    <tag k='type' v='path' />
  </relation>
  <relation id='-14493075' action='modify'>
    <member type='way' ref='-38909007' role='' />
    <member type='way' ref='-38909008' role='' />
    <member type='way' ref='-38908817' role='' />
    <tag k='key' v='d1.pl.345' />
    <tag k='name' v='D1 PL 345' />
    <tag k='type' v='path' />
  </relation>
  <relation id='-14493076' action='modify'>
    <member type='way' ref='-38909009' role='' />
    <member type='way' ref='-38909011' role='' />
    <member type='way' ref='-38909010' role='' />
    <tag k='key' v='d1.pl.346' />
    <tag k='name' v='D1 PL 346' />
    <tag k='type' v='path' />
  </relation>
  <relation id='-14493077' action='modify'>
    <member type='way' ref='-38909012' role='' />
    <member type='way' ref='-38909015' role='' />
    <member type='way' ref='-38909014' role='' />
    <member type='way' ref='-38909016' role='' />
    <member type='way' ref='-38909013' role='' />
    <tag k='key' v='d1.pl.349' />
    <tag k='name' v='D1 PL 349' />
    <tag k='type' v='path' />
  </relation>
  <relation id='-14493078' action='modify'>
    <member type='way' ref='-38909017' role='' />
    <member type='way' ref='-38909018' role='' />
    <member type='way' ref='-38909019' role='' />
    <tag k='key' v='d1.pl.d.355' />
    <tag k='name' v='D1 PL 355 (D)' />
    <tag k='type' v='path' />
  </relation>
  <relation id='-14493079' action='modify'>
    <member type='way' ref='-38909020' role='' />
    <member type='way' ref='-38909029' role='' />
    <member type='way' ref='-38909030' role='' />
    <member type='way' ref='-38909022' role='' />
    <member type='way' ref='-38908484' role='' />
    <member type='way' ref='-38908485' role='' />
    <member type='way' ref='-38909021' role='' />
    <member type='way' ref='-38909025' role='' />
    <member type='way' ref='-38909024' role='' />
    <member type='way' ref='-38909026' role='' />
    <member type='way' ref='-38909027' role='' />
    <member type='way' ref='-38909028' role='' />
    <tag k='key' v='d1.pl.d.362' />
    <tag k='name' v='D1 PL 362 (D)' />
    <tag k='type' v='path' />
  </relation>
  <relation id='-14493080' action='modify'>
    <member type='way' ref='-38909031' role='' />
    <member type='way' ref='-38909032' role='' />
    <member type='way' ref='-38909033' role='' />
    <tag k='key' v='d1.pl.751' />
    <tag k='name' v='D1 PL 751' />
    <tag k='type' v='path' />
  </relation>
  <relation id='-14493081' action='modify'>
    <member type='way' ref='-38909034' role='' />
    <tag k='key' v='d1.pl.781' />
    <tag k='name' v='D1 PL 781' />
    <tag k='type' v='path' />
  </relation>
  <relation id='-14493082' action='modify'>
    <member type='way' ref='-38908719' role='' />
    <member type='way' ref='-38909035' role='' />
    <member type='way' ref='-38909036' role='' />
    <member type='way' ref='-38909037' role='' />
    <tag k='key' v='d1.pl.786' />
    <tag k='name' v='D1 PL 786' />
    <tag k='type' v='path' />
  </relation>
  <relation id='-14493083' action='modify'>
    <member type='way' ref='-38909039' role='' />
    <member type='way' ref='-38909041' role='' />
    <member type='way' ref='-38909042' role='' />
    <member type='way' ref='-38909043' role='' />
    <member type='way' ref='-38909044' role='' />
    <member type='way' ref='-38909045' role='' />
    <member type='way' ref='-38909040' role='' />
    <tag k='key' v='d1.pl.zbh' />
    <tag k='name' v='D1 PL ZBH' />
    <tag k='type' v='path' />
  </relation>
  <relation id='-14493084' action='modify'>
    <member type='way' ref='-38909069' role='' />
    <member type='way' ref='-38909048' role='' />
    <member type='way' ref='-38909046' role='' />
    <tag k='key' v='d1.pl.d.zgw' />
    <tag k='name' v='D1 PL ZGW (D)' />
    <tag k='type' v='path' />
  </relation>
  <relation id='-14493085' action='modify'>
    <member type='way' ref='-38909050' role='' />
    <member type='way' ref='-38909051' role='' />
    <member type='way' ref='-38909052' role='' />
    <member type='way' ref='-38909049' role='' />
    <member type='way' ref='-38909053' role='' />
    <tag k='key' v='d1.pl.sso' />
    <tag k='name' v='D1 PL SSO' />
    <tag k='type' v='path' />
  </relation>
  <relation id='-14493086' action='modify'>
    <member type='way' ref='-38908720' role='' />
    <tag k='key' v='d1.pl.hrm' />
    <tag k='name' v='D1 PL HRM' />
    <tag k='type' v='path' />
  </relation>
  <relation id='-14493087' action='modify'>
    <member type='way' ref='-38909055' role='' />
    <member type='way' ref='-38909056' role='' />
    <member type='way' ref='-38909057' role='' />
    <member type='way' ref='-38909054' role='' />
    <member type='way' ref='-38909058' role='' />
    <member type='way' ref='-38909059' role='' />
    <member type='way' ref='-38909060' role='' />
    <member type='way' ref='-38909061' role='' />
    <member type='way' ref='-38909062' role='' />
    <member type='way' ref='-38909063' role='' />
    <member type='way' ref='-38909064' role='' />
    <member type='way' ref='-38909065' role='' />
    <member type='way' ref='-38909066' role='' />
    <member type='way' ref='-38909067' role='' />
    <member type='way' ref='-38909068' role='' />
    <tag k='key' v='d1.pl.wsm' />
    <tag k='name' v='D1 PL WSM' />
    <tag k='type' v='path' />
  </relation>
  <relation id='-14493088' action='modify'>
    <member type='way' ref='-38909047' role='' />
    <tag k='key' v='d1.pl.zpk' />
    <tag k='name' v='D1 PL ZPK' />
    <tag k='type' v='path' />
  </relation>
  <relation id='-14493089' action='modify'>
    <member type='way' ref='-38909070' role='' />
    <member type='way' ref='-38909073' role='' />
    <member type='way' ref='-38909074' role='' />
    <member type='way' ref='-38909072' role='' />
    <member type='way' ref='-38909071' role='reverse' />
    <tag k='key' v='d1.pl.wmc' />
    <tag k='name' v='D1 PL WMC' />
    <tag k='type' v='path' />
  </relation>
  <relation id='-14493090' action='modify'>
    <member type='way' ref='-38909075' role='' />
    <member type='way' ref='-38909076' role='' />
    <member type='way' ref='-38909077' role='' />
    <tag k='key' v='d1.pl.jww' />
    <tag k='name' v='D1 PL JWW' />
    <tag k='type' v='path' />
  </relation>
  <relation id='-14493091' action='modify'>
    <member type='way' ref='-38909078' role='' />
    <tag k='key' v='d1.pl.d.krl' />
    <tag k='name' v='D1 PL KRL (D)' />
    <tag k='type' v='path' />
  </relation>
  <relation id='-14493092' action='modify'>
    <member type='way' ref='-38909079' role='reverse' />
    <member type='way' ref='-38909080' role='' />
    <member type='way' ref='-38909081' role='' />
    <member type='way' ref='-38909082' role='' />
    <member type='way' ref='-38909083' role='' />
    <member type='way' ref='-38909084' role='' />
    <member type='way' ref='-38909085' role='' />
    <tag k='key' v='d1.pl.obc' />
    <tag k='name' v='D1 PL OBC' />
    <tag k='type' v='path' />
  </relation>
  <relation id='-14493093' action='modify'>
    <member type='way' ref='-38909086' role='' />
    <tag k='key' v='d1.pl.dwj' />
    <tag k='name' v='D1 PL DWJ' />
    <tag k='type' v='path' />
  </relation>
  <relation id='-14493094' action='modify'>
    <member type='way' ref='-38909088' role='reverse' />
    <member type='way' ref='-38909087' role='' />
    <member type='way' ref='-38909089' role='' />
    <member type='way' ref='-38909090' role='' />
    <member type='way' ref='-38909091' role='' />
    <tag k='key' v='d1.pl.omd' />
    <tag k='name' v='D1 PL OMD' />
    <tag k='type' v='path' />
  </relation>
  <relation id='-14493095' action='modify'>
    <member type='way' ref='-38909092' role='' />
    <member type='way' ref='-38909093' role='' />
    <member type='way' ref='-38909094' role='' />
    <tag k='key' v='d1.pl.rgp' />
    <tag k='name' v='D1 PL RGP' />
    <tag k='type' v='path' />
  </relation>
  <relation id='-14493096' action='modify'>
    <member type='way' ref='-38909095' role='' />
    <member type='way' ref='-38909096' role='' />
    <member type='way' ref='-38909097' role='' />
    <tag k='key' v='d1.pl.ssr' />
    <tag k='name' v='D1 PL SSR' />
    <tag k='type' v='path' />
  </relation>
  <relation id='-14493097' action='modify'>
    <member type='way' ref='-38909098' role='' />
    <member type='way' ref='-38909099' role='' />
    <member type='way' ref='-38909100' role='' />
    <tag k='key' v='d1.pl.wcw' />
    <tag k='name' v='D1 PL WCW' />
    <tag k='type' v='path' />
  </relation>
</osm>
