<?xml version='1.0' encoding='UTF-8'?>
<osm version='0.6' upload='false' generator='JOSM'>
  <node id='-181814928' action='modify' lat='55.03832738868' lon='9.32065482616' />
  <node id='-181814929' action='modify' lat='54.92802966093' lon='9.27194586754' />
  <node id='-181814930' action='modify' lat='54.9313435117' lon='9.25627060706'>
    <tag k='name' v='tin.ys' />
  </node>
  <node id='-181814931' action='modify' lat='54.99724286917' lon='9.28654949729' />
  <node id='-181814932' action='modify' lat='54.98350885615' lon='9.27818862681' />
  <node id='-181814933' action='modify' lat='55.24997794908' lon='9.30440428483'>
    <tag k='name' v='voj.yh' />
  </node>
  <node id='-181814934' action='modify' lat='55.28805414517' lon='9.29682443471' />
  <node id='-181814935' action='modify' lat='55.3484468827' lon='9.27484904757' />
  <node id='-181814936' action='modify' lat='55.38600738385' lon='9.2702346233' />
  <node id='-181814937' action='modify' lat='55.46948924133' lon='9.23994236353' />
  <node id='-181814938' action='modify' lat='55.46789443441' lon='9.30225194715'>
    <tag k='name' v='lun.ye' />
  </node>
  <node id='-181814939' action='modify' lat='55.4471318362' lon='9.30081315622' />
  <node id='-181814940' action='modify' lat='54.90938584115' lon='9.26842792176' />
  <node id='-181814941' action='modify' lat='55.64663725832' lon='12.25184190648' />
  <node id='-181814942' action='modify' lat='55.65524350542' lon='12.53909106731'>
    <tag k='name' v='kob.yg' />
  </node>
  <node id='-181814943' action='modify' lat='55.66333116096' lon='12.54257079579'>
    <tag k='name' v='kob.yk' />
  </node>
  <node id='-181814944' action='modify' lat='55.67224749203' lon='12.56885031194'>
    <tag k='name' v='kob' />
  </node>
  <node id='-181814945' action='modify' lat='55.68873263279' lon='12.58487738519' />
  <node id='-181814946' action='modify' lat='55.6608122809' lon='12.38334365547' />
  <node id='-181814947' action='modify' lat='55.64847634536' lon='12.13866135068' />
  <node id='-181814948' action='modify' lat='55.43644532964' lon='11.75317691895' />
  <node id='-181814949' action='modify' lat='55.44922148453' lon='11.88772995833' />
  <node id='-181814950' action='modify' lat='55.58474875559' lon='12.03826869965' />
  <node id='-181814951' action='modify' lat='55.4420636993' lon='11.83673841477'>
    <tag k='name' v='rin.yf' />
  </node>
  <node id='-181814952' action='modify' lat='55.43917531199' lon='11.81070540243' />
  <node id='-181814953' action='modify' lat='55.43773095156' lon='11.64876653212' />
  <node id='-181814954' action='modify' lat='55.420679144' lon='11.57761937086'>
    <tag k='name' v='sor.yv' />
  </node>
  <node id='-181814955' action='modify' lat='55.32006187542' lon='10.792178936'>
    <tag k='name' v='nyb.yr' />
  </node>
  <node id='-181814956' action='modify' lat='55.53373115593' lon='9.70616323472'>
    <tag k='name' v='sno' />
  </node>
  <node id='-181814957' action='modify' lat='55.56533971957' lon='9.73792058945' />
  <node id='-181814958' action='modify' lat='55.57126046275' lon='9.74092466354' />
  <node id='-181814959' action='modify' lat='55.56811908169' lon='9.73933072929'>
    <tag k='name' v='fre' />
  </node>
  <node id='-181814960' action='modify' lat='56.0163218137' lon='12.5973529793' />
  <node id='-181814961' action='modify' lat='56.03345720548' lon='12.61205972353'>
    <tag k='name' v='hor' />
  </node>
  <node id='-181814962' action='modify' lat='55.96995612273' lon='12.53951957702' />
  <node id='-181814963' action='modify' lat='55.94035634529' lon='12.51308372498' />
  <node id='-181814964' action='modify' lat='55.89514422209' lon='12.50965049744' />
  <node id='-181814965' action='modify' lat='55.86606519511' lon='12.54707267761' />
  <node id='-181814966' action='modify' lat='55.83542200883' lon='12.5687020111' />
  <node id='-181814967' action='modify' lat='55.79066657909' lon='12.58792808533' />
  <node id='-181814968' action='modify' lat='55.74431368189' lon='12.56389549256'>
    <tag k='name' v='hel.yh' />
  </node>
  <node id='-181814969' action='modify' lat='55.7199563439' lon='12.56973197937'>
    <tag k='name' v='hel.yv' />
  </node>
  <node id='-181814970' action='modify' lat='55.71318771933' lon='12.58466651916' />
  <node id='-181814971' action='modify' lat='55.76006034018' lon='12.58140529632' />
  <node id='-181814972' action='modify' lat='55.63177550687' lon='12.65298826217' />
  <node id='-181814973' action='modify' lat='55.62897683052' lon='12.58983460378' />
  <node id='-181814974' action='modify' lat='55.54611551601' lon='9.62968791962' />
  <node id='-181814975' action='modify' lat='55.46781042616' lon='8.45878592491'>
    <tag k='name' v='esb' />
  </node>
  <node id='-181814976' action='modify' lat='55.47587102763' lon='8.46359254557'>
    <tag k='name' v='esb.ys' />
  </node>
  <node id='-181814977' action='modify' lat='55.46696756993' lon='8.57998307869' />
  <node id='-181814978' action='modify' lat='55.54963645023' lon='9.65349657479'>
    <tag k='name' v='tau.ys' />
  </node>
  <node id='-181814979' action='modify' lat='55.65725308932' lon='12.50553113937'>
    <tag k='name' v='vig.yr' />
  </node>
  <node id='-181814980' action='modify' lat='55.64843952717' lon='12.45334608078' />
  <node id='-181814981' action='modify' lat='55.63933332476' lon='12.41781217575' />
  <node id='-181814982' action='modify' lat='55.6415131936' lon='12.3615930748' />
  <node id='-181814983' action='modify' lat='55.56359244448' lon='12.23104459763' />
  <node id='-181814984' action='modify' lat='55.61646161275' lon='12.30846387863' />
  <node id='-181814985' action='modify' lat='55.53368258251' lon='12.19516736984' />
  <node id='-181814986' action='modify' lat='55.47797801034' lon='12.09560377121' />
  <node id='-181814987' action='modify' lat='55.45875964898' lon='11.99518186569' />
  <node id='-181814988' action='modify' lat='55.45837027088' lon='11.95149413109' />
  <node id='-181814989' action='modify' lat='55.45947928261' lon='11.92151854536'>
    <tag k='name' v='kva.yk' />
  </node>
  <node id='-181814990' action='modify' lat='55.40046348826' lon='11.74283964157' />
  <node id='-181814991' action='modify' lat='55.43708852879' lon='11.76673059392'>
    <tag k='name' v='rin.yr' />
  </node>
  <node id='-181814992' action='modify' lat='54.66132250191' lon='11.3705059433' />
  <node id='-181814993' action='modify' lat='54.65357711351' lon='11.3533398056'>
    <tag k='name' v='rof' />
  </node>
  <node id='-181814994' action='modify' lat='54.76227502053' lon='11.87244277954'>
    <tag k='name' v='nyk.yg' />
  </node>
  <node id='-181814995' action='modify' lat='54.74731629207' lon='11.78850105286' />
  <node id='-181814996' action='modify' lat='54.68693154454' lon='11.46217277527' />
  <node id='-181814997' action='modify' lat='54.70161460043' lon='11.57375267029' />
  <node id='-181814998' action='modify' lat='54.78781978262' lon='11.88686302185' />
  <node id='-181814999' action='modify' lat='54.90188258219' lon='11.88480308533' />
  <node id='-181815000' action='modify' lat='54.94094944001' lon='11.86832359314'>
    <tag k='name' v='ore' />
  </node>
  <node id='-181815001' action='modify' lat='55.01778841806' lon='11.90231254578'>
    <tag k='name' v='vor' />
  </node>
  <node id='-181815002' action='modify' lat='55.56185778482' lon='9.73615413247'>
    <tag k='name' v='fre.yt' />
  </node>
  <node id='-181815003' action='modify' lat='55.49298137614' lon='9.4860931778'>
    <tag k='name' v='kol' />
  </node>
  <node id='-181815004' action='modify' lat='55.52863071689' lon='9.54368556976' />
  <node id='-181815005' action='modify' lat='55.49130382271' lon='9.4503017807' />
  <node id='-181815006' action='modify' lat='55.50122223139' lon='9.38438381195' />
  <node id='-181815007' action='modify' lat='55.42794207725' lon='9.28636533737'>
    <tag k='name' v='vam' />
  </node>
  <node id='-181815008' action='modify' lat='55.1957608206' lon='9.30295918508'>
    <tag k='name' v='oje' />
  </node>
  <node id='-181815009' action='modify' lat='55.13188781826' lon='9.33597547531'>
    <tag k='name' v='hov' />
  </node>
  <node id='-181815010' action='modify' lat='55.06686826368' lon='9.33219892502'>
    <tag k='name' v='rod.ya' />
  </node>
  <node id='-181815011' action='modify' lat='54.93896570026' lon='9.25947140482'>
    <tag k='name' v='tin.yt' />
  </node>
  <node id='-181815012' action='modify' lat='54.81521933138' lon='9.36298919027'>
    <tag k='name' v='pag' />
  </node>
  <node id='-181815013' action='modify' lat='54.82630213109' lon='9.35673299792'>
    <tag k='name' v='pad.yt' />
  </node>
  <node id='-181815014' action='modify' lat='54.82338033396' lon='9.35838250638'>
    <tag k='name' v='pad' />
  </node>
  <node id='-181815015' action='modify' lat='54.84353542394' lon='9.34274546986' />
  <node id='-181815016' action='modify' lat='55.4640063584' lon='8.69756721141' />
  <node id='-181815017' action='modify' lat='55.46949262964' lon='8.79831432769' />
  <node id='-181815018' action='modify' lat='55.48507923206' lon='8.92484630585' />
  <node id='-181815019' action='modify' lat='55.48332937559' lon='8.97732325563' />
  <node id='-181815020' action='modify' lat='55.4699025744' lon='9.15899259567' />
  <node id='-181815021' action='modify' lat='55.48060460275' lon='9.1193388176' />
  <node id='-181815022' action='modify' lat='55.47363090032' lon='9.14517940765'>
    <tag k='name' v='vej.yg' />
  </node>
  <node id='-181815023' action='modify' lat='55.5253755976' lon='12.12830534935' />
  <node id='-181815024' action='modify' lat='55.62732253576' lon='12.06679998957'>
    <tag k='name' v='ros.yn' />
  </node>
  <node id='-181815025' action='modify' lat='55.6054570675' lon='11.99792853355' />
  <node id='-181815026' action='modify' lat='55.60140215467' lon='12.04420170576'>
    <tag k='name' v='ros.yk' />
  </node>
  <node id='-181815027' action='modify' lat='55.66453963694' lon='12.46371671085' />
  <node id='-181815028' action='modify' lat='55.52144026646' lon='11.98162044525' />
  <node id='-181815029' action='modify' lat='55.48721904603' lon='11.96823085785' />
  <node id='-181815030' action='modify' lat='55.5567968441' lon='12.03071559906' />
  <node id='-181815031' action='modify' lat='55.40612450991' lon='11.32677664647'>
    <tag k='name' v='sla.yv' />
  </node>
  <node id='-181815032' action='modify' lat='55.40699391782' lon='11.48345912933' />
  <node id='-181815033' action='modify' lat='55.36086535606' lon='11.15387107975' />
  <node id='-181815034' action='modify' lat='55.35219076963' lon='11.11029087032' />
  <node id='-181815035' action='modify' lat='55.36516153282' lon='11.23334867477' />
  <node id='-181815036' action='modify' lat='55.3397860382' lon='10.98457681563' />
  <node id='-181815037' action='modify' lat='55.32739996549' lon='10.95068333651' />
  <node id='-181815038' action='modify' lat='55.35169558469' lon='11.03198987961' />
  <node id='-181815039' action='modify' lat='55.30902318997' lon='10.81106168747' />
  <node id='-181815040' action='modify' lat='55.38936141945' lon='10.35310978397'>
    <tag k='name' v='ode.ys' />
  </node>
  <node id='-181815041' action='modify' lat='55.35018420016' lon='10.23956782449' />
  <node id='-181815042' action='modify' lat='55.40099969843' lon='10.41435207366'>
    <tag k='name' v='ode.ym' />
  </node>
  <node id='-181815043' action='modify' lat='55.3657842964' lon='10.57245312935' />
  <node id='-181815044' action='modify' lat='55.34984131619' lon='10.68798030853' />
  <node id='-181815045' action='modify' lat='55.33500326094' lon='10.74909175873' />
  <node id='-181815046' action='modify' lat='55.34684370281' lon='10.18789627081'>
    <tag k='name' v='tom.ya' />
  </node>
  <node id='-181815047' action='modify' lat='55.35158643164' lon='10.17972846017' />
  <node id='-181815048' action='modify' lat='55.47485364936' lon='9.81340433309' />
  <node id='-181815049' action='modify' lat='55.45762887182' lon='9.87957058054' />
  <node id='-181815050' action='modify' lat='55.42576440459' lon='9.93355531532' />
  <node id='-181815051' action='modify' lat='55.40330400878' lon='9.96067435099' />
  <node id='-181815052' action='modify' lat='55.38574201489' lon='9.9999615097' />
  <node id='-181815053' action='modify' lat='55.37891558589' lon='10.08613552094' />
  <node id='-181815054' action='modify' lat='55.36369816226' lon='10.14827693939' />
  <node id='-181815055' action='modify' lat='55.51272852226' lon='9.70826964724' />
  <node id='-181815056' action='modify' lat='55.48313384578' lon='9.76306880951' />
  <node id='-181815057' action='modify' lat='55.50024994882' lon='9.74418605804'>
    <tag k='name' v='mid.yb' />
  </node>
  <node id='-181815058' action='modify' lat='56.00759555382' lon='12.57179243088'>
    <tag k='name' v='sne.yh' />
  </node>
  <node id='-181815059' action='modify' lat='56.00961093334' lon='12.58535367966' />
  <node id='-181815060' action='modify' lat='55.59503150701' lon='12.76182157516' />
  <node id='-181815061' action='modify' lat='55.57921808837' lon='12.80902845383'>
    <tag k='name' v='peg' />
  </node>
  <node id='-181815062' action='modify' lat='55.56456316246' lon='12.89056760788' />
  <node id='-181815063' action='modify' lat='55.55718510425' lon='12.95253736496' />
  <node id='-181815064' action='modify' lat='55.62555778482' lon='12.68966105318' />
  <node id='-181815065' action='modify' lat='55.63691105754' lon='12.49866477013' />
  <node id='-181815066' action='modify' lat='55.65243250021' lon='12.51665121835'>
    <tag k='name' v='vig.yk' />
  </node>
  <node id='-181815067' action='modify' lat='55.64383820489' lon='12.54509917259'>
    <tag k='name' v='kal.yv' />
  </node>
  <node id='-181815068' action='modify' lat='55.64306320032' lon='12.53754607201' />
  <node id='-181815069' action='modify' lat='55.64693806985' lon='12.52149573326' />
  <node id='-181815070' action='modify' lat='55.63637814931' lon='12.55428305626' />
  <node id='-181815071' action='modify' lat='55.24667445176' lon='11.75935968585'>
    <tag k='name' v='nas.yr' />
  </node>
  <node id='-181815072' action='modify' lat='55.22398423312' lon='11.77845772933'>
    <tag k='name' v='nas.yp' />
  </node>
  <node id='-181815073' action='modify' lat='55.35842922891' lon='11.69391597748' />
  <node id='-181815074' action='modify' lat='55.31859683776' lon='11.74472774506' />
  <node id='-181815075' action='modify' lat='55.1776917805' lon='11.84463432312' />
  <node id='-181815076' action='modify' lat='55.05320297869' lon='11.87210014343' />
  <node id='-181815077' action='modify' lat='55.12825687939' lon='11.85493400574' />
  <node id='-181815078' action='modify' lat='55.10076656843' lon='11.87690666199' />
  <node id='-181815079' action='modify' lat='54.89931451028' lon='8.87269193612'>
    <tag k='name' v='tog' />
  </node>
  <node id='-181815080' action='modify' lat='55.41147680466' lon='8.73687709808' />
  <node id='-181815081' action='modify' lat='55.46565181371' lon='8.72778205066'>
    <tag k='name' v='bra.yt' />
  </node>
  <node id='-181815082' action='modify' lat='55.34099257423' lon='8.77386884676' />
  <node id='-181815083' action='modify' lat='55.25522097605' lon='8.72578555019' />
  <node id='-181815084' action='modify' lat='55.19548106067' lon='8.74039845463' />
  <node id='-181815085' action='modify' lat='55.13564670745' lon='8.80058439953' />
  <node id='-181815086' action='modify' lat='55.07670149755' lon='8.82376100961' />
  <node id='-181815087' action='modify' lat='55.16063169709' lon='8.76914943695'>
    <tag k='name' v='ska.yu' />
  </node>
  <node id='-181815088' action='modify' lat='55.1681819899' lon='8.75987989426' />
  <node id='-181815089' action='modify' lat='54.93472942571' lon='8.86115727408'>
    <tag k='name' v='ton.yt' />
  </node>
  <node id='-181815090' action='modify' lat='54.94990083904' lon='8.8566337195'>
    <tag k='name' v='ton.yh' />
  </node>
  <node id='-181815091' action='modify' lat='54.99613047857' lon='8.81000501633' />
  <node id='-181815092' action='modify' lat='55.05419066854' lon='8.821937557'>
    <tag k='name' v='bre.yr' />
  </node>
  <node id='-181815093' action='modify' lat='55.02418473436' lon='8.80674345016' />
  <node id='-181815094' action='modify' lat='54.91851824532' lon='8.86366765014' />
  <node id='-181815095' action='modify' lat='55.68581084033' lon='12.49952307701'>
    <tag k='name' v='van.yf' />
  </node>
  <node id='-181815096' action='modify' lat='55.663837027' lon='12.50956290286'>
    <tag k='name' v='val.yf' />
  </node>
  <node id='-181815097' action='modify' lat='55.68856871011' lon='12.48373023033' />
  <node id='-181815098' action='modify' lat='55.72169646442' lon='12.42553676605' />
  <node id='-181815099' action='modify' lat='55.72498351241' lon='12.38365139008' />
  <node id='-181815100' action='modify' lat='55.73290996046' lon='12.34966243744' />
  <node id='-181815101' action='modify' lat='55.74585947322' lon='12.32116664886' />
  <node id='-181815102' action='modify' lat='55.75146315388' lon='12.28855098724' />
  <node id='-181815103' action='modify' lat='55.75107671899' lon='12.22846950531' />
  <node id='-181815104' action='modify' lat='55.79105242869' lon='12.1704479599' />
  <node id='-181815105' action='modify' lat='55.80542979089' lon='12.13714565277' />
  <node id='-181815106' action='modify' lat='55.81170013168' lon='12.10006679535' />
  <node id='-181815107' action='modify' lat='55.82693757544' lon='12.07311613083' />
  <node id='-181815108' action='modify' lat='55.83243319816' lon='12.06796628952'>
    <tag k='name' v='fre' />
  </node>
  <node id='-181815109' action='modify' lat='55.71183366025' lon='12.46124233246' />
  <node id='-181815110' action='modify' lat='55.75938422565' lon='12.19551052094' />
  <node id='-181815111' action='modify' lat='55.44965816582' lon='12.18418087006'>
    <tag k='name' v='kog.yf' />
  </node>
  <node id='-181815112' action='modify' lat='55.38856976175' lon='12.10435832977' />
  <node id='-181815113' action='modify' lat='55.36584456366' lon='12.0609280014' />
  <node id='-181815114' action='modify' lat='55.32279674753' lon='11.94213832855' />
  <node id='-181815115' action='modify' lat='55.24869579904' lon='11.80395109177' />
  <node id='-181815116' action='modify' lat='55.27080366679' lon='11.87913877487' />
  <node id='-181815117' action='modify' lat='55.2566208297' lon='11.83931333542' />
  <node id='-181815118' action='modify' lat='55.28874496456' lon='11.90452114595' />
  <node id='-181815119' action='modify' lat='55.29710186697' lon='11.9102094841' />
  <node id='-181815120' action='modify' lat='55.47792936809' lon='12.17920286178' />
  <node id='-181815121' action='modify' lat='55.49332939281' lon='12.16567228417'>
    <tag k='name' v='kox' />
  </node>
  <node id='-181815122' action='modify' lat='55.51259600815' lon='12.19928732872' />
  <node id='-181815123' action='modify' lat='55.62512456433' lon='12.46191721301' />
  <node id='-181815124' action='modify' lat='55.62195141667' lon='12.40622908334' />
  <node id='-181815125' action='modify' lat='55.5611655446' lon='12.25490552902' />
  <node id='-181815126' action='modify' lat='55.61209896587' lon='12.36099225998' />
  <node id='-181815127' action='modify' lat='55.70882173361' lon='12.54696971272'>
    <tag k='name' v='ryp.yf' />
  </node>
  <node id='-181815128' action='modify' lat='55.69529322622' lon='12.52819052696' />
  <node id='-181815129' action='modify' lat='55.67555179296' lon='12.49265662193' />
  <node id='-181815130' action='modify' lat='55.66407993735' lon='12.49371278637'>
    <tag k='name' v='hvf.yv' />
  </node>
  <node id='-181815131' action='modify' lat='55.72795594985' lon='12.53849025249' />
  <node id='-181815132' action='modify' lat='55.76406834786' lon='12.41043082237' />
  <node id='-181815133' action='modify' lat='55.78439251241' lon='12.36888876915' />
  <node id='-181815134' action='modify' lat='55.73856367601' lon='12.52252570152' />
  <node id='-181815135' action='modify' lat='55.76228168024' lon='12.45360357285' />
  <node id='-181815136' action='modify' lat='55.79732498859' lon='12.37300855637' />
  <node id='-181815137' action='modify' lat='55.79857939864' lon='12.37592679977' />
  <node id='-181815138' action='modify' lat='55.81213405013' lon='12.3744677639'>
    <tag k='name' v='far' />
  </node>
  <node id='-181815139' action='modify' lat='55.81912662228' lon='12.34125128746' />
  <node id='-181815140' action='modify' lat='55.83137265165' lon='12.31060973167' />
  <node id='-181815141' action='modify' lat='55.84554242477' lon='12.18332273483' />
  <node id='-181815142' action='modify' lat='55.84486779306' lon='12.17800123215'>
    <tag k='name' v='sla' />
  </node>
  <node id='-181815143' action='modify' lat='55.84620240452' lon='12.21617144656' />
  <node id='-181815144' action='modify' lat='55.83638570981' lon='12.25559217453' />
  <node id='-181815145' action='modify' lat='55.76889690012' lon='12.50218382835' />
  <node id='-181815146' action='modify' lat='55.78907377504' lon='12.4765204525' />
  <node id='-181815147' action='modify' lat='55.80745555904' lon='12.46819487572' />
  <node id='-181815148' action='modify' lat='55.84014499502' lon='12.42467871666' />
  <node id='-181815149' action='modify' lat='55.84722890465' lon='12.39824286461' />
  <node id='-181815150' action='modify' lat='55.83214397422' lon='12.44115812302' />
  <node id='-181815151' action='modify' lat='55.81777647859' lon='12.46038419724' />
  <node id='-181815152' action='modify' lat='55.85604589379' lon='12.38047582626' />
  <node id='-181815153' action='modify' lat='55.89682830867' lon='12.32837659836' />
  <node id='-181815154' action='modify' lat='55.90736602563' lon='12.31721860886'>
    <tag k='name' v='hil.yh' />
  </node>
  <node id='-181815155' action='modify' lat='55.91948807573' lon='12.3101804924' />
  <node id='-181815156' action='modify' lat='55.92650938633' lon='12.31060973167'>
    <tag k='name' v='hil' />
  </node>
  <node id='-181815157' action='modify' lat='55.93540448656' lon='12.31404295921'>
    <tag k='name' v='hil.yg' />
  </node>
  <node id='-181815158' action='modify' lat='55.94386495685' lon='12.32571593285' />
  <node id='-181815159' action='modify' lat='55.95011298133' lon='12.35850325584' />
  <node id='-181815160' action='modify' lat='55.96433549184' lon='12.3900889492' />
  <node id='-181815161' action='modify' lat='55.97250146329' lon='12.39789954185' />
  <node id='-181815162' action='modify' lat='55.97716009833' lon='12.40837088585' />
  <node id='-181815163' action='modify' lat='55.98047363126' lon='12.42450705528' />
  <node id='-181815164' action='modify' lat='55.98172213525' lon='12.4556635952' />
  <node id='-181815165' action='modify' lat='55.98532336325' lon='12.48888007164' />
  <node id='-181815166' action='modify' lat='55.99958093279' lon='12.52166739464' />
  <node id='-181815167' action='modify' lat='56.00759550583' lon='12.55488387108' />
  <node id='-181815168' action='modify' lat='55.76252410106' lon='12.51818530776'>
    <tag k='name' v='jag' />
  </node>
  <node id='-181815169' action='modify' lat='55.76498579466' lon='12.51904960155' />
  <node id='-181815170' action='modify' lat='55.76841404767' lon='12.51754756451' />
  <node id='-181815171' action='modify' lat='55.77539033575' lon='12.50351424694' />
  <node id='-181815172' action='modify' lat='55.80740732425' lon='12.52595892906' />
  <node id='-181815173' action='modify' lat='55.81203759207' lon='12.52973547935'>
    <tag k='name' v='nar' />
  </node>
  <node id='-181815174' action='modify' lat='55.79655297561' lon='12.50287047386' />
  <node id='-181815175' action='modify' lat='55.78381334804' lon='12.49943724632' />
  <node id='-181815176' action='modify' lat='55.8017634406' lon='12.51806250572' />
  <node id='-181815177' action='modify' lat='55.8469225965' lon='12.56296048942'>
    <tag k='name' v='ved.yj' />
  </node>
  <node id='-181815178' action='modify' lat='55.8225983292' lon='12.54398337364' />
  <node id='-181815179' action='modify' lat='55.84101248188' lon='12.55651465416' />
  <node id='-181815180' action='modify' lat='55.83204751756' lon='12.55145064354' />
  <node id='-181815181' action='modify' lat='55.77169076915' lon='12.51095651057'>
    <tag k='name' v='lyl.yl' />
  </node>
  <node id='-181815182' action='modify' lat='55.89331510016' lon='12.2796247673' />
  <node id='-181815183' action='modify' lat='55.88898330932' lon='12.25885374069' />
  <node id='-181815184' action='modify' lat='55.8864321396' lon='12.2044370842' />
  <node id='-181815185' action='modify' lat='55.90476790226' lon='12.17104903221' />
  <node id='-181815186' action='modify' lat='55.91044495246' lon='12.12452879906' />
  <node id='-181815187' action='modify' lat='55.91342747632' lon='12.10976592064' />
  <node id='-181815188' action='modify' lat='55.92453776336' lon='12.06504813194' />
  <node id='-181815189' action='modify' lat='55.93526030605' lon='12.0465086174' />
  <node id='-181815190' action='modify' lat='55.95419773111' lon='12.02350599289' />
  <node id='-181815191' action='modify' lat='55.97341407165' lon='12.0025633049' />
  <node id='-181815192' action='modify' lat='55.98791608777' lon='11.98453886032' />
  <node id='-181815193' action='modify' lat='55.99050859042' lon='11.96771604538' />
  <node id='-181815194' action='modify' lat='55.98455517743' lon='11.93613035202' />
  <node id='-181815195' action='modify' lat='55.98023357774' lon='11.9213674736' />
  <node id='-181815196' action='modify' lat='55.95784957009' lon='11.8670366478' />
  <node id='-181815197' action='modify' lat='55.96584869237' lon='11.84714553595'>
    <tag k='name' v='huh' />
  </node>
  <node id='-181815198' action='modify' lat='55.96559649039' lon='11.84572932959' />
  <node id='-181815199' action='modify' lat='55.90636769648' lon='12.15794030761'>
    <tag k='name' v='ska.yh' />
  </node>
  <node id='-181815200' action='modify' lat='55.95905070957' lon='11.85519209862' />
  <node id='-181815201' action='modify' lat='55.96467177175' lon='11.85261717796' />
  <node id='-181815202' action='modify' lat='55.92862521091' lon='12.28477460861' />
  <node id='-181815203' action='modify' lat='55.92208516484' lon='12.22074491501' />
  <node id='-181815204' action='modify' lat='55.91361993744' lon='12.19860059738' />
  <node id='-181815205' action='modify' lat='55.97874486689' lon='12.31361380577' />
  <node id='-181815206' action='modify' lat='56.00423630631' lon='12.2858046627'>
    <tag k='name' v='kag.yt' />
  </node>
  <node id='-181815207' action='modify' lat='56.00932298043' lon='12.30897894859' />
  <node id='-181815208' action='modify' lat='56.02184486144' lon='12.21044531822' />
  <node id='-181815209' action='modify' lat='56.00001511195' lon='12.28589714843' />
  <node id='-181815210' action='modify' lat='55.99446095587' lon='12.29030825341' />
  <node id='-181815211' action='modify' lat='55.94737358701' lon='12.30975142479' />
  <node id='-181815212' action='modify' lat='55.9633266346' lon='12.31018057823' />
  <node id='-181815213' action='modify' lat='55.97134872474' lon='12.31653204918' />
  <node id='-181815214' action='modify' lat='56.10761354997' lon='12.30116835594' />
  <node id='-181815215' action='modify' lat='56.11895521517' lon='12.29722014427' />
  <node id='-181815216' action='modify' lat='56.1232134343' lon='12.30052466869' />
  <node id='-181815217' action='modify' lat='56.12362009577' lon='12.3019837904'>
    <tag k='name' v='gil' />
  </node>
  <node id='-181815218' action='modify' lat='56.09061310271' lon='12.29656382558' />
  <node id='-181815219' action='modify' lat='56.08059977749' lon='12.28705292566' />
  <node id='-181815220' action='modify' lat='56.07330467996' lon='12.28648005658' />
  <node id='-181815221' action='modify' lat='56.06421191564' lon='12.29468859631' />
  <node id='-181815222' action='modify' lat='56.05937941847' lon='12.30331818158' />
  <node id='-181815223' action='modify' lat='56.05428176389' lon='12.3223514056' />
  <node id='-181815224' action='modify' lat='56.03565739863' lon='12.31730452538' />
  <node id='-181815225' action='modify' lat='56.04198649331' lon='12.32348433495' />
  <node id='-181815226' action='modify' lat='56.01954229141' lon='12.3252867794' />
  <node id='-181815227' action='modify' lat='56.03378728814' lon='12.18847257614' />
  <node id='-181815228' action='modify' lat='56.0483625338' lon='12.17370969772' />
  <node id='-181815229' action='modify' lat='56.06197390815' lon='12.14366895676' />
  <node id='-181815230' action='modify' lat='56.05938619979' lon='12.11088163376' />
  <node id='-181815231' action='modify' lat='56.05986541814' lon='12.07637769699'>
    <tag k='name' v='til' />
  </node>
  <node id='-181815232' action='modify' lat='56.0433768851' lon='12.60543806076' />
  <node id='-181815233' action='modify' lat='56.07701751239' lon='12.52870542526' />
  <node id='-181815234' action='modify' lat='56.07673011' lon='12.48716337204' />
  <node id='-181815235' action='modify' lat='56.08870339343' lon='12.45609266281' />
  <node id='-181815236' action='modify' lat='56.09598133089' lon='12.40013105392' />
  <node id='-181815237' action='modify' lat='56.0981835935' lon='12.37112028122' />
  <node id='-181815238' action='modify' lat='56.0979920974' lon='12.34863264084' />
  <node id='-181815239' action='modify' lat='56.1085229685' lon='12.32168180466' />
  <node id='-181815240' action='modify' lat='56.12019929287' lon='12.31138212204' />
  <node id='-181815241' action='modify' lat='55.60928717664' lon='11.77751532554'>
    <tag k='name' v='tol.yh' />
  </node>
  <node id='-181815242' action='modify' lat='55.62227767176' lon='11.76266661644' />
  <node id='-181815243' action='modify' lat='55.6327929419' lon='11.75434103966' />
  <node id='-181815244' action='modify' lat='55.70980267705' lon='11.71623212814' />
  <node id='-181815245' action='modify' lat='55.60167142194' lon='11.95880787225' />
  <node id='-181815246' action='modify' lat='55.59254703508' lon='11.92477586981' />
  <node id='-181815247' action='modify' lat='55.59483751594' lon='11.86523420334'>
    <tag k='name' v='hva.yf' />
  </node>
  <node id='-181815248' action='modify' lat='55.59391953223' lon='11.84068875911'>
    <tag k='name' v='hva.yr' />
  </node>
  <node id='-181815249' action='modify' lat='55.590933169' lon='11.88004012585' />
  <node id='-181815250' action='modify' lat='55.5892840421' lon='11.90351481915' />
  <node id='-181815251' action='modify' lat='55.59444948242' lon='11.817340765' />
  <node id='-181815252' action='modify' lat='55.71531478928' lon='11.68799391747' />
  <node id='-181815253' action='modify' lat='55.70738476903' lon='11.65014258385' />
  <node id='-181815254' action='modify' lat='55.72367824911' lon='11.63357726097' />
  <node id='-181815255' action='modify' lat='55.70989028732' lon='11.66210101798'>
    <tag k='name' v='hol.yn' />
  </node>
  <node id='-181815256' action='modify' lat='55.69626073569' lon='11.62799818039' />
  <node id='-181815257' action='modify' lat='55.68010099629' lon='11.61478025436' />
  <node id='-181815258' action='modify' lat='55.65434773859' lon='11.49187070847' />
  <node id='-181815259' action='modify' lat='55.65599413048' lon='11.43539411545' />
  <node id='-181815260' action='modify' lat='55.66645194426' lon='11.58971769333' />
  <node id='-181815261' action='modify' lat='55.66432187547' lon='11.54354078293' />
  <node id='-181815262' action='modify' lat='55.65793097347' lon='11.41427976608' />
  <node id='-181815263' action='modify' lat='55.66238534869' lon='11.38338071823' />
  <node id='-181815264' action='modify' lat='55.65027988534' lon='11.29995328903' />
  <node id='-181815265' action='modify' lat='55.6611749708' lon='11.25944120407' />
  <node id='-181815266' action='modify' lat='55.64611474059' lon='11.34235364914' />
  <node id='-181815267' action='modify' lat='55.66151388038' lon='11.36552793503' />
  <node id='-181815268' action='modify' lat='55.67736672723' lon='11.11009580612' />
  <node id='-181815269' action='modify' lat='55.67763290342' lon='11.08936769485'>
    <tag k='name' v='kal' />
  </node>
  <node id='-181815270' action='modify' lat='55.66502489799' lon='11.24066506782' />
  <node id='-181815271' action='modify' lat='55.66954221392' lon='11.21051548413' />
  <node id='-181815272' action='modify' lat='55.66731061347' lon='11.225410123'>
    <tag k='name' v='var.ys' />
  </node>
  <node id='-181815273' action='modify' lat='55.66858189711' lon='11.16571409225' />
  <node id='-181815274' action='modify' lat='55.67535824856' lon='11.12949354172' />
  <node id='-181815275' action='modify' lat='55.6207268426' lon='11.86746580124' />
  <node id='-181815276' action='modify' lat='55.65115160375' lon='11.86592084885' />
  <node id='-181815277' action='modify' lat='55.60104475454' lon='11.87999708176' />
  <node id='-181815278' action='modify' lat='55.67564873419' lon='11.90196956635' />
  <node id='-181815279' action='modify' lat='55.71396114238' lon='11.90608943939' />
  <node id='-181815280' action='modify' lat='55.74064152973' lon='11.94831813812' />
  <node id='-181815281' action='modify' lat='55.77483534412' lon='11.96823085785' />
  <node id='-181815282' action='modify' lat='55.80070225086' lon='11.97509731293' />
  <node id='-181815283' action='modify' lat='55.81903032621' lon='11.99604000092' />
  <node id='-181815284' action='modify' lat='55.83375887678' lon='12.05174411774' />
  <node id='-181815285' action='modify' lat='55.8273232103' lon='12.11560240746' />
  <node id='-181815286' action='modify' lat='55.84313292384' lon='12.16924658775' />
  <node id='-181815287' action='modify' lat='55.56577647766' lon='11.82652464867' />
  <node id='-181815288' action='modify' lat='55.46211745579' lon='11.85201627731' />
  <node id='-181815289' action='modify' lat='55.47749168241' lon='11.85802425385' />
  <node id='-181815290' action='modify' lat='55.51969103926' lon='11.86145748138' />
  <node id='-181815291' action='modify' lat='55.54223067695' lon='11.83364833832' />
  <node id='-181815292' action='modify' lat='55.45958705859' lon='11.3049312973' />
  <node id='-181815293' action='modify' lat='55.51444289106' lon='11.28501857758'>
    <tag k='name' v='hon.yt' />
  </node>
  <node id='-181815294' action='modify' lat='55.52522999197' lon='11.25480617523' />
  <node id='-181815295' action='modify' lat='55.48877520137' lon='11.28536190033' />
  <node id='-181815296' action='modify' lat='55.56301009926' lon='11.22871364594' />
  <node id='-181815297' action='modify' lat='55.62121159538' lon='11.24004329681' />
  <node id='-181815298' action='modify' lat='55.65544668385' lon='11.22247397867' />
  <node id='-181815299' action='modify' lat='55.53941383144' lon='11.23455030441'>
    <tag k='name' v='gor' />
  </node>
  <node id='-181815300' action='modify' lat='55.52649315269' lon='11.34029354095' />
  <node id='-181815301' action='modify' lat='55.54203642492' lon='11.39556850433' />
  <node id='-181815302' action='modify' lat='55.53154538999' lon='11.54199565887'>
    <tag k='name' v='ved.ys' />
  </node>
  <node id='-181815303' action='modify' lat='55.53581985319' lon='11.55693019867' />
  <node id='-181815304' action='modify' lat='55.53989958924' lon='11.58405269623' />
  <node id='-181815305' action='modify' lat='55.54417314446' lon='11.70146907806' />
  <node id='-181815306' action='modify' lat='55.57582183515' lon='11.76635707855' />
  <node id='-181815307' action='modify' lat='55.55563174937' lon='11.74198116302' />
  <node id='-181815308' action='modify' lat='55.42920835988' lon='11.56688673019' />
  <node id='-181815309' action='modify' lat='55.44011618971' lon='11.56122190475' />
  <node id='-181815310' action='modify' lat='55.48060460275' lon='11.57031995773' />
  <node id='-181815311' action='modify' lat='55.49159547901' lon='11.56242353439' />
  <node id='-181815312' action='modify' lat='55.50413883784' lon='11.5325544548' />
  <node id='-181815313' action='modify' lat='55.51531753384' lon='11.52688962936' />
  <node id='-181815314' action='modify' lat='55.72812513994' lon='11.614007864' />
  <node id='-181815315' action='modify' lat='55.72972009694' lon='11.56302443504' />
  <node id='-181815316' action='modify' lat='55.72962343474' lon='11.54929152489' />
  <node id='-181815317' action='modify' lat='55.72798014062' lon='11.49427405357' />
  <node id='-181815318' action='modify' lat='55.75503739859' lon='11.45719511032'>
    <tag k='name' v='hor.yv' />
  </node>
  <node id='-181815319' action='modify' lat='55.75977048166' lon='11.46148664474' />
  <node id='-181815320' action='modify' lat='55.76720702314' lon='11.46491987228' />
  <node id='-181815321' action='modify' lat='55.78632304641' lon='11.46886808395' />
  <node id='-181815322' action='modify' lat='55.72517676289' lon='11.46234495163' />
  <node id='-181815323' action='modify' lat='55.83272241996' lon='11.56328184128' />
  <node id='-181815324' action='modify' lat='55.85778023487' lon='11.58576931' />
  <node id='-181815325' action='modify' lat='55.80378968897' lon='11.55418361664' />
  <node id='-181815326' action='modify' lat='55.80784157996' lon='11.49856533051' />
  <node id='-181815327' action='modify' lat='55.87357756613' lon='11.61392177582' />
  <node id='-181815328' action='modify' lat='55.89418149656' lon='11.60190547943' />
  <node id='-181815329' action='modify' lat='55.90611521846' lon='11.59984554291' />
  <node id='-181815330' action='modify' lat='55.92112339646' lon='11.63726772308' />
  <node id='-181815331' action='modify' lat='55.92189289002' lon='11.67606319427'>
    <tag k='name' v='nyk' />
  </node>
  <node id='-181815332' action='modify' lat='55.75653461215' lon='11.45135870934' />
  <node id='-181815333' action='modify' lat='55.75503735029' lon='11.42895689964' />
  <node id='-181815334' action='modify' lat='55.72894684093' lon='11.36569959641' />
  <node id='-181815335' action='modify' lat='55.71241379743' lon='11.30870801926' />
  <node id='-181815336' action='modify' lat='55.71454124798' lon='11.26802427292' />
  <node id='-181815337' action='modify' lat='55.71744213019' lon='11.28330213547' />
  <node id='-181815338' action='modify' lat='55.37950075454' lon='11.37016262054' />
  <node id='-181815339' action='modify' lat='55.35920985588' lon='11.38801540375' />
  <node id='-181815340' action='modify' lat='55.29123770469' lon='11.42269100189'>
    <tag k='name' v='dal.ys' />
  </node>
  <node id='-181815341' action='modify' lat='55.26503342806' lon='11.50920833588' />
  <node id='-181815342' action='modify' lat='55.25043444672' lon='11.75618001641'>
    <tag k='name' v='nas.ys' />
  </node>
  <node id='-181815343' action='modify' lat='55.26337053534' lon='11.39814359665' />
  <node id='-181815344' action='modify' lat='55.25534901765' lon='11.37445432663' />
  <node id='-181815345' action='modify' lat='55.24928289254' lon='11.33136732101' />
  <node id='-181815346' action='modify' lat='55.24820654783' lon='11.2927435112'>
    <tag k='name' v='ska' />
  </node>
  <node id='-181815347' action='modify' lat='55.46513437167' lon='12.08513242722' />
  <node id='-181815348' action='modify' lat='55.46193647913' lon='12.18716917787'>
    <tag k='name' v='kog.yr' />
  </node>
  <node id='-181815349' action='modify' lat='55.45744564675' lon='12.04891187668' />
  <node id='-181815350' action='modify' lat='55.4261886958' lon='11.9936369133' />
  <node id='-181815351' action='modify' lat='55.40319271352' lon='11.96376783371' />
  <node id='-181815352' action='modify' lat='55.39451702354' lon='11.94128019333' />
  <node id='-181815353' action='modify' lat='55.39568689055' lon='11.88806516647' />
  <node id='-181815354' action='modify' lat='55.38905718637' lon='11.85476285934' />
  <node id='-181815355' action='modify' lat='55.39724665939' lon='11.8334768486' />
  <node id='-181815356' action='modify' lat='55.43856084639' lon='11.79775651972'>
    <tag k='name' v='rin.yk' />
  </node>
  <node id='-181815357' action='modify' lat='55.39461451378' lon='12.19413740158' />
  <node id='-181815358' action='modify' lat='55.35633112006' lon='12.23018629074'>
    <tag k='name' v='har.yr' />
  </node>
  <node id='-181815359' action='modify' lat='55.31576399155' lon='12.20804197311' />
  <node id='-181815360' action='modify' lat='55.30628746538' lon='12.19465238571' />
  <node id='-181815361' action='modify' lat='55.28459039788' lon='12.14521390915' />
  <node id='-181815362' action='modify' lat='55.27530199169' lon='12.13783246994' />
  <node id='-181815363' action='modify' lat='55.25172902213' lon='12.13748914719' />
  <node id='-181815364' action='modify' lat='55.23812663312' lon='12.14057905197' />
  <node id='-181815365' action='modify' lat='55.2168819433' lon='12.16203672409'>
    <tag k='name' v='fal' />
  </node>
  <node id='-181815366' action='modify' lat='55.35042676846' lon='12.30511656761' />
  <node id='-181815367' action='modify' lat='55.3430085941' lon='12.33112318039' />
  <node id='-181815368' action='modify' lat='55.31615472751' lon='12.3779867363' />
  <node id='-181815369' action='modify' lat='55.30579892328' lon='12.38605482101' />
  <node id='-181815370' action='modify' lat='55.26024037965' lon='12.37884504318'>
    <tag k='name' v='rod' />
  </node>
  <node id='-181815371' action='modify' lat='55.21325839563' lon='11.86755171776' />
  <node id='-181815372' action='modify' lat='55.20336569094' lon='11.8978496933' />
  <node id='-181815373' action='modify' lat='55.12109129114' lon='12.03363401413'>
    <tag k='name' v='pra.ym' />
  </node>
  <node id='-181815374' action='modify' lat='55.12374161813' lon='12.04221708298'>
    <tag k='name' v='pra' />
  </node>
  <node id='-181815375' action='modify' lat='55.12787707314' lon='12.01322014731' />
  <node id='-181815376' action='modify' lat='55.1468134197' lon='12.00089251251' />
  <node id='-181815377' action='modify' lat='55.16396571413' lon='11.978015728' />
  <node id='-181815378' action='modify' lat='55.10322148591' lon='12.0229052639' />
  <node id='-181815379' action='modify' lat='55.09133661987' lon='12.02419272423' />
  <node id='-181815380' action='modify' lat='55.04661396194' lon='12.05620757103'>
    <tag k='name' v='mer' />
  </node>
  <node id='-181815381' action='modify' lat='55.00459804084' lon='11.94986326218' />
  <node id='-181815382' action='modify' lat='55.00116374578' lon='11.90054202682'>
    <tag k='name' v='mas' />
  </node>
  <node id='-181815383' action='modify' lat='54.99337331063' lon='11.9946667099' />
  <node id='-181815384' action='modify' lat='54.99573669343' lon='12.02350582123' />
  <node id='-181815385' action='modify' lat='55.0000692004' lon='12.04788173676' />
  <node id='-181815386' action='modify' lat='55.01030781174' lon='12.0870205307' />
  <node id='-181815387' action='modify' lat='55.01267019708' lon='12.11036647797' />
  <node id='-181815388' action='modify' lat='55.01345762793' lon='12.135429039' />
  <node id='-181815389' action='modify' lat='54.99706588739' lon='12.16864577293'>
    <tag k='name' v='kal' />
  </node>
  <node id='-181815390' action='modify' lat='54.99376706971' lon='12.16838828087' />
  <node id='-181815391' action='modify' lat='54.8926033674' lon='12.04856838226'>
    <tag k='name' v='stu' />
  </node>
  <node id='-181815392' action='modify' lat='54.82917247228' lon='12.05989803314' />
  <node id='-181815393' action='modify' lat='54.80998524686' lon='12.04170192719' />
  <node id='-181815394' action='modify' lat='54.80048716576' lon='12.0207592392' />
  <node id='-181815395' action='modify' lat='54.77475198394' lon='11.99157680511' />
  <node id='-181815396' action='modify' lat='54.75177445318' lon='11.98711360931' />
  <node id='-181815397' action='modify' lat='54.74622619809' lon='11.94110836029' />
  <node id='-181815398' action='modify' lat='54.7712743328' lon='11.88305129024'>
    <tag k='name' v='nyk.ys' />
  </node>
  <node id='-181815399' action='modify' lat='54.75836191973' lon='11.81219083786' />
  <node id='-181815400' action='modify' lat='54.72898202684' lon='11.77494031906' />
  <node id='-181815401' action='modify' lat='54.71797766293' lon='11.77356702805' />
  <node id='-181815402' action='modify' lat='54.69020563179' lon='11.73236829758' />
  <node id='-181815403' action='modify' lat='54.66648517467' lon='11.73305494308'>
    <tag k='name' v='nys' />
  </node>
  <node id='-181815404' action='modify' lat='54.74622619809' lon='11.89767803192' />
  <node id='-181815405' action='modify' lat='54.71440813757' lon='11.90720523834' />
  <node id='-181815406' action='modify' lat='54.66906641391' lon='11.89681972504' />
  <node id='-181815407' action='modify' lat='54.65000182087' lon='11.89913715363' />
  <node id='-181815408' action='modify' lat='54.60394182836' lon='11.92359889984' />
  <node id='-181815409' action='modify' lat='54.58877584147' lon='11.92664588928' />
  <node id='-181815410' action='modify' lat='54.57920095862' lon='11.92531551361'>
    <tag k='name' v='ged' />
  </node>
  <node id='-181815411' action='modify' lat='54.75586433566' lon='11.85171079427'>
    <tag k='name' v='nyv' />
  </node>
  <node id='-181815412' action='modify' lat='54.76841455866' lon='11.78421003342' />
  <node id='-181815413' action='modify' lat='54.79019525642' lon='11.34818962097' />
  <node id='-181815414' action='modify' lat='54.82640394263' lon='11.2191002655' />
  <node id='-181815415' action='modify' lat='54.83495642337' lon='11.13292676926'>
    <tag k='name' v='nak' />
  </node>
  <node id='-181815416' action='modify' lat='54.86653161405' lon='11.09447462081' />
  <node id='-181815417' action='modify' lat='54.78138837922' lon='11.40851971608' />
  <node id='-181815418' action='modify' lat='54.77793771378' lon='11.50913075783'>
    <tag k='name' v='mar.yb' />
  </node>
  <node id='-181815419' action='modify' lat='54.79514341507' lon='11.67022687912' />
  <node id='-181815420' action='modify' lat='54.79514336559' lon='11.49169913292' />
  <node id='-181815421' action='modify' lat='54.80637411191' lon='11.48534766197' />
  <node id='-181815422' action='modify' lat='54.82999116344' lon='11.4795540905' />
  <node id='-181815423' action='modify' lat='54.83579050645' lon='11.48189840555'>
    <tag k='name' v='ban' />
  </node>
  <node id='-181815424' action='modify' lat='54.83634043105' lon='11.4825367713' />
  <node id='-181815425' action='modify' lat='54.83421487538' lon='11.17730132103' />
  <node id='-181815426' action='modify' lat='54.8879629582' lon='11.09516126633' />
  <node id='-181815427' action='modify' lat='54.90415235842' lon='11.11181241989' />
  <node id='-181815428' action='modify' lat='54.91994062417' lon='11.15833265305' />
  <node id='-181815429' action='modify' lat='54.92191372196' lon='11.18339521408' />
  <node id='-181815430' action='modify' lat='54.91204726542' lon='11.21480924606' />
  <node id='-181815431' action='modify' lat='54.91964465115' lon='11.26321775436' />
  <node id='-181815432' action='modify' lat='54.90810000546' lon='11.32759077072'>
    <tag k='name' v='tor.ym' />
  </node>
  <node id='-181815433' action='modify' lat='54.91663541927' lon='11.35471335411'>
    <tag k='name' v='kra' />
  </node>
  <node id='-181815434' action='modify' lat='54.91604342244' lon='11.35977736473' />
  <node id='-181815435' action='modify' lat='54.79415369819' lon='11.43595214367' />
  <node id='-181815436' action='modify' lat='54.7787951715' lon='11.44461941742'>
    <tag k='name' v='mar.yt' />
  </node>
  <node id='-181815437' action='modify' lat='54.81364522124' lon='11.42938605309' />
  <node id='-181815438' action='modify' lat='54.8306554927' lon='11.41573897362' />
  <node id='-181815439' action='modify' lat='54.83811994807' lon='11.39659873009' />
  <node id='-181815440' action='modify' lat='54.83871309062' lon='11.37694350243' />
  <node id='-181815441' action='modify' lat='54.84340849478' lon='11.35059348106' />
  <node id='-181815442' action='modify' lat='54.85353882145' lon='11.31986609459' />
  <node id='-181815443' action='modify' lat='54.86628459336' lon='11.31514540672' />
  <node id='-181815444' action='modify' lat='54.87547090692' lon='11.3220118618' />
  <node id='-181815445' action='modify' lat='54.89072741348' lon='11.32656088829' />
  <node id='-181815446' action='modify' lat='54.71738274733' lon='11.47693616867' />
  <node id='-181815447' action='modify' lat='54.77692936274' lon='11.47059166238'>
    <tag k='name' v='mar.yr' />
  </node>
  <node id='-181815448' action='modify' lat='54.79118469907' lon='11.56551343918' />
  <node id='-181815449' action='modify' lat='54.70270534935' lon='11.45556441307' />
  <node id='-181815450' action='modify' lat='54.70126708016' lon='11.40140524864'>
    <tag k='name' v='rod.yn' />
  </node>
  <node id='-181815451' action='modify' lat='54.68291227284' lon='11.39256468773' />
  <node id='-181815452' action='modify' lat='54.66698151084' lon='11.37050620079' />
  <node id='-181815453' action='modify' lat='54.65928684904' lon='11.35582915306'>
    <tag k='name' v='roh' />
  </node>
  <node id='-181815454' action='modify' lat='54.83263208437' lon='11.1488888283'>
    <tag k='name' v='nak.yr' />
  </node>
  <node id='-181815455' action='modify' lat='54.83184198846' lon='11.15258208275' />
  <node id='-181815456' action='modify' lat='54.82165676491' lon='11.15232459068' />
  <node id='-181815457' action='modify' lat='54.79677622302' lon='11.10494605064' />
  <node id='-181815458' action='modify' lat='54.79148156673' lon='11.09069815636' />
  <node id='-181815459' action='modify' lat='54.78316706235' lon='11.06615057945' />
  <node id='-181815460' action='modify' lat='54.76980088409' lon='11.06932631493' />
  <node id='-181815461' action='modify' lat='54.76554258137' lon='11.0955905056' />
  <node id='-181815462' action='modify' lat='54.75806470988' lon='11.19824400902' />
  <node id='-181815463' action='modify' lat='54.75831234363' lon='11.27223006248' />
  <node id='-181815464' action='modify' lat='54.7238272013' lon='11.38046247482' />
  <node id='-181815465' action='modify' lat='54.74781139232' lon='11.32913572311' />
  <node id='-181815466' action='modify' lat='55.3590590371' lon='11.14479553615'>
    <tag k='name' v='sve.yk' />
  </node>
  <node id='-181815467' action='modify' lat='55.33597947314' lon='11.13696089745'>
    <tag k='name' v='kor' />
  </node>
  <node id='-181815468' action='modify' lat='55.30921868934' lon='10.46035732269' />
  <node id='-181815469' action='modify' lat='55.26738078474' lon='10.48232997894' />
  <node id='-181815470' action='modify' lat='55.22980642998' lon='10.47580684662'>
    <tag k='name' v='rin.yf' />
  </node>
  <node id='-181815471' action='modify' lat='55.1072479351' lon='10.52524532318' />
  <node id='-181815472' action='modify' lat='55.05059694411' lon='10.591420784'>
    <tag k='name' v='sve.yf' />
  </node>
  <node id='-181815473' action='modify' lat='55.17102537103' lon='10.52387203217' />
  <node id='-181815474' action='modify' lat='55.0530060226' lon='10.60060483932' />
  <node id='-181815475' action='modify' lat='55.05889309665' lon='10.61204186439'>
    <tag k='name' v='sve' />
  </node>
  <node id='-181815476' action='modify' lat='55.31986652717' lon='10.7587049675' />
  <node id='-181815477' action='modify' lat='55.3008154501' lon='10.70720655441' />
  <node id='-181815478' action='modify' lat='55.26346834873' lon='10.67029935837' />
  <node id='-181815479' action='modify' lat='55.23695210791' lon='10.55374128342' />
  <node id='-181815480' action='modify' lat='55.24644519362' lon='10.49743635178' />
  <node id='-181815481' action='modify' lat='55.25114196476' lon='10.61759931564' />
  <node id='-181815482' action='modify' lat='55.23981836965' lon='10.47754437662'>
    <tag k='name' v='rin.yn' />
  </node>
  <node id='-181815483' action='modify' lat='55.21629437133' lon='10.45984251022' />
  <node id='-181815484' action='modify' lat='55.20708794444' lon='10.43186170578' />
  <node id='-181815485' action='modify' lat='55.20042664862' lon='10.3721235466' />
  <node id='-181815486' action='modify' lat='55.14189653513' lon='10.33504468918'>
    <tag k='name' v='kor' />
  </node>
  <node id='-181815487' action='modify' lat='55.1010609131' lon='10.34276945114' />
  <node id='-181815488' action='modify' lat='55.16601211038' lon='10.35042487778' />
  <node id='-181815489' action='modify' lat='55.08760345346' lon='10.3268908596'>
    <tag k='name' v='kat.ys' />
  </node>
  <node id='-181815490' action='modify' lat='55.08499985482' lon='10.31341544151' />
  <node id='-181815491' action='modify' lat='55.08534373605' lon='10.29968253136' />
  <node id='-181815492' action='modify' lat='55.09384157559' lon='10.2472399807'>
    <tag k='name' v='faa' />
  </node>
  <node id='-181815493' action='modify' lat='55.06064960913' lon='10.61273922354' />
  <node id='-181815494' action='modify' lat='55.06303443332' lon='10.61987395763' />
  <node id='-181815495' action='modify' lat='55.06079790568' lon='10.63738341808' />
  <node id='-181815496' action='modify' lat='55.0759596305' lon='10.67210188866' />
  <node id='-181815497' action='modify' lat='55.10459636632' lon='10.7037734127' />
  <node id='-181815498' action='modify' lat='55.11848987325' lon='10.71501714706' />
  <node id='-181815499' action='modify' lat='55.12565563379' lon='10.71939451218' />
  <node id='-181815500' action='modify' lat='55.20708794444' lon='10.72523099899' />
  <node id='-181815501' action='modify' lat='55.25593601289' lon='10.73879224777' />
  <node id='-181815502' action='modify' lat='55.27461749686' lon='10.73741895676' />
  <node id='-181815503' action='modify' lat='55.29006465094' lon='10.73450071335' />
  <node id='-181815504' action='modify' lat='55.30022911798' lon='10.74943525314' />
  <node id='-181815505' action='modify' lat='55.30706912023' lon='10.79080564499' />
  <node id='-181815506' action='modify' lat='55.31629551187' lon='10.79862226018'>
    <tag k='name' v='nyb.ys' />
  </node>
  <node id='-181815507' action='modify' lat='55.15258944907' lon='10.7023998642' />
  <node id='-181815508' action='modify' lat='55.17298613777' lon='10.73123897552' />
  <node id='-181815509' action='modify' lat='55.04504038723' lon='10.56429854393' />
  <node id='-181815510' action='modify' lat='55.0530551388' lon='10.52000990868' />
  <node id='-181815511' action='modify' lat='55.06588523502' lon='10.50438872337' />
  <node id='-181815512' action='modify' lat='55.07301128949' lon='10.48001280785' />
  <node id='-181815513' action='modify' lat='55.07261816094' lon='10.43589583397' />
  <node id='-181815514' action='modify' lat='55.07821987813' lon='10.40971747398' />
  <node id='-181815515' action='modify' lat='55.08372255577' lon='10.3999327755' />
  <node id='-181815516' action='modify' lat='55.08750520754' lon='10.3790759182' />
  <node id='-181815517' action='modify' lat='55.3405680854' lon='10.34843427658' />
  <node id='-181815518' action='modify' lat='55.36182419879' lon='10.38998475981'>
    <tag k='name' v='fru.yf' />
  </node>
  <node id='-181815519' action='modify' lat='55.30853468156' lon='10.3259466362' />
  <node id='-181815520' action='modify' lat='55.29192181527' lon='10.3482626152' />
  <node id='-181815521' action='modify' lat='55.27393299023' lon='10.34088117599' />
  <node id='-181815522' action='modify' lat='55.25603384458' lon='10.28663618088' />
  <node id='-181815523' action='modify' lat='55.23695210791' lon='10.26466352463' />
  <node id='-181815524' action='modify' lat='55.24810869687' lon='10.22294981003' />
  <node id='-181815525' action='modify' lat='55.21639230059' lon='10.16046506882' />
  <node id='-181815526' action='modify' lat='55.19288236518' lon='10.15359861374' />
  <node id='-181815527' action='modify' lat='55.1744565515' lon='10.18587095261' />
  <node id='-181815528' action='modify' lat='55.16229869142' lon='10.18621427536' />
  <node id='-181815529' action='modify' lat='55.1381680908' lon='10.17385465622' />
  <node id='-181815530' action='modify' lat='55.12266187651' lon='10.2224348259' />
  <node id='-181815531' action='modify' lat='55.09998055835' lon='10.23462278366' />
  <node id='-181815532' action='modify' lat='55.33226932869' lon='10.19702877045' />
  <node id='-181815533' action='modify' lat='55.31722932925' lon='10.19016231537' />
  <node id='-181815534' action='modify' lat='55.27520430522' lon='10.091628685' />
  <node id='-181815535' action='modify' lat='55.23558178465' lon='10.01884443283' />
  <node id='-181815536' action='modify' lat='55.25280527146' lon='9.93902189255' />
  <node id='-181815537' action='modify' lat='55.24399873885' lon='10.06484968185' />
  <node id='-181815538' action='modify' lat='55.26552237433' lon='9.89198667526' />
  <node id='-181815539' action='modify' lat='55.26904331399' lon='9.89130002975'>
    <tag k='name' v='ass' />
  </node>
  <node id='-181815540' action='modify' lat='55.25456634386' lon='9.90262968063' />
  <node id='-181815541' action='modify' lat='55.41133048542' lon='10.42465201378' />
  <node id='-181815542' action='modify' lat='55.42287654063' lon='10.45349103928' />
  <node id='-181815543' action='modify' lat='55.43758428356' lon='10.51580411911' />
  <node id='-181815544' action='modify' lat='55.42014867482' lon='10.57674390793' />
  <node id='-181815545' action='modify' lat='55.41342562982' lon='10.6224058342' />
  <node id='-181815546' action='modify' lat='55.44780829268' lon='10.6618879509' />
  <node id='-181815547' action='modify' lat='55.49587428291' lon='10.64575178146' />
  <node id='-181815548' action='modify' lat='55.53377972928' lon='10.6708143425' />
  <node id='-181815549' action='modify' lat='55.54359031716' lon='10.659656353'>
    <tag k='name' v='mar' />
  </node>
  <node id='-181815550' action='modify' lat='55.39831896477' lon='10.3698919487'>
    <tag k='name' v='ode.yb' />
  </node>
  <node id='-181815551' action='modify' lat='55.46114420788' lon='10.34500104904' />
  <node id='-181815552' action='modify' lat='55.47719972711' lon='10.34585935593' />
  <node id='-181815553' action='modify' lat='55.50238884156' lon='10.3832815361' />
  <node id='-181815554' action='modify' lat='55.51939939665' lon='10.38482648849' />
  <node id='-181815555' action='modify' lat='55.53125383524' lon='10.36251050949' />
  <node id='-181815556' action='modify' lat='55.53426545954' lon='10.33161146164' />
  <node id='-181815557' action='modify' lat='55.52600722927' lon='10.27410490036' />
  <node id='-181815558' action='modify' lat='55.52474405295' lon='10.24063093185' />
  <node id='-181815559' action='modify' lat='55.52882493799' lon='10.19428236008' />
  <node id='-181815560' action='modify' lat='55.54990276738' lon='10.12149793625' />
  <node id='-181815561' action='modify' lat='55.56543678813' lon='10.08630735397'>
    <tag k='name' v='bog' />
  </node>
  <node id='-181815562' action='modify' lat='55.43875287581' lon='10.19908887863' />
  <node id='-181815563' action='modify' lat='55.42240121038' lon='10.24907945939' />
  <node id='-181815564' action='modify' lat='55.41420517194' lon='10.30036909103' />
  <node id='-181815565' action='modify' lat='55.45257854181' lon='10.19110671043' />
  <node id='-181815566' action='modify' lat='55.4565209036' lon='10.19350996971' />
  <node id='-181815567' action='modify' lat='55.46508566491' lon='10.18621436119' />
  <node id='-181815568' action='modify' lat='55.47651871668' lon='10.11428815842' />
  <node id='-181815569' action='modify' lat='55.47865899555' lon='10.0712011528' />
  <node id='-181815570' action='modify' lat='55.47525395181' lon='10.00665647507' />
  <node id='-181815571' action='modify' lat='55.4913523512' lon='9.97721654892'>
    <tag k='name' v='bre.yb' />
  </node>
  <node id='-181815572' action='modify' lat='55.48313374851' lon='9.94245512009' />
  <node id='-181815573' action='modify' lat='55.46999987866' lon='10.02965909958' />
  <node id='-181815574' action='modify' lat='55.48245284062' lon='9.91893751144' />
  <node id='-181815575' action='modify' lat='55.49616600262' lon='9.84168989182' />
  <node id='-181815576' action='modify' lat='55.51750425012' lon='9.76324072838'>
    <tag k='name' v='mig.yo' />
  </node>
  <node id='-181815577' action='modify' lat='55.51721268849' lon='9.79010573387' />
  <node id='-181815578' action='modify' lat='55.5118184087' lon='9.81679907799' />
  <node id='-181815579' action='modify' lat='55.49351002254' lon='9.98634384465' />
  <node id='-181815580' action='modify' lat='55.51983666539' lon='10.02425185204' />
  <node id='-181815581' action='modify' lat='55.52591001472' lon='10.05884161949' />
  <node id='-181815582' action='modify' lat='55.50161099185' lon='10.00802985191' />
  <node id='-181815583' action='modify' lat='55.5602432348' lon='10.0885390377' />
  <node id='-181815584' action='modify' lat='55.56278209367' lon='10.09232225233'>
    <tag k='name' v='bog.yb' />
  </node>
  <node id='-181815585' action='modify' lat='55.53640255283' lon='10.08090010643' />
  <node id='-181815586' action='modify' lat='55.54106500468' lon='9.76057997704'>
    <tag k='name' v='str' />
  </node>
  <node id='-181815587' action='modify' lat='55.54533843323' lon='9.75482932091' />
  <node id='-181815588' action='modify' lat='54.93873037869' lon='10.70870872021'>
    <tag k='name' v='rud' />
  </node>
  <node id='-181815589' action='modify' lat='54.94011091226' lon='10.71278567791' />
  <node id='-181815590' action='modify' lat='54.93609244165' lon='10.75098033428' />
  <node id='-181815591' action='modify' lat='54.93022426022' lon='10.7661294508'>
    <tag k='name' v='skr.ys' />
  </node>
  <node id='-181815592' action='modify' lat='54.91567339534' lon='10.77750201702' />
  <node id='-181815593' action='modify' lat='54.85744207387' lon='10.72540266037' />
  <node id='-181815594' action='modify' lat='54.83451152587' lon='10.69999677658' />
  <node id='-181815595' action='modify' lat='54.87710056748' lon='10.76230985641' />
  <node id='-181815596' action='modify' lat='54.90237579096' lon='10.77449781418' />
  <node id='-181815597' action='modify' lat='54.81384310572' lon='10.69519025803' />
  <node id='-181815598' action='modify' lat='54.80493957031' lon='10.6991384697' />
  <node id='-181815599' action='modify' lat='54.78702763006' lon='10.71115476608' />
  <node id='-181815600' action='modify' lat='54.76732523074' lon='10.71355802536' />
  <node id='-181815601' action='modify' lat='54.74918600193' lon='10.6868219161' />
  <node id='-181815602' action='modify' lat='54.74867823666' lon='10.67686555624'>
    <tag k='name' v='bag' />
  </node>
  <node id='-181815603' action='modify' lat='54.92926258581' lon='10.80951686382' />
  <node id='-181815604' action='modify' lat='54.93453918283' lon='10.83153243542'>
    <tag k='name' v='spo' />
  </node>
  <node id='-181815605' action='modify' lat='54.93705395276' lon='10.83702559948' />
  <node id='-181815606' action='modify' lat='55.69219733494' lon='9.62445224762' />
  <node id='-181815607' action='modify' lat='55.69945328415' lon='9.54677547455' />
  <node id='-181815608' action='modify' lat='55.65086112996' lon='9.65148891449' />
  <node id='-181815609' action='modify' lat='55.61733418083' lon='9.65869869232' />
  <node id='-181815610' action='modify' lat='55.59124860513' lon='9.68530620575' />
  <node id='-181815611' action='modify' lat='55.58562193229' lon='9.7229000473' />
  <node id='-181815612' action='modify' lat='55.69229408979' lon='9.57389797211' />
  <node id='-181815613' action='modify' lat='55.69069760417' lon='9.60368122101' />
  <node id='-181815614' action='modify' lat='55.70777168499' lon='9.5371626091' />
  <node id='-181815615' action='modify' lat='55.74837147092' lon='9.53441602707' />
  <node id='-181815616' action='modify' lat='55.7133469569' lon='9.53678561018'>
    <tag k='name' v='vej.yh' />
  </node>
  <node id='-181815617' action='modify' lat='55.73281320949' lon='9.68358976364' />
  <node id='-181815618' action='modify' lat='55.71357423936' lon='9.62127668381' />
  <node id='-181815619' action='modify' lat='55.70844869407' lon='9.57904798508' />
  <node id='-181815620' action='modify' lat='55.75184958495' lon='9.69749416351' />
  <node id='-181815621' action='modify' lat='55.7970356001' lon='9.70230068207' />
  <node id='-181815622' action='modify' lat='55.82057334913' lon='9.7184368515' />
  <node id='-181815623' action='modify' lat='55.85855098546' lon='9.77474178314' />
  <node id='-181815624' action='modify' lat='55.85893635502' lon='9.83413661957'>
    <tag k='name' v='hor.yj' />
  </node>
  <node id='-181815625' action='modify' lat='55.89475901924' lon='9.84615291595' />
  <node id='-181815626' action='modify' lat='55.90322836433' lon='9.89009822845' />
  <node id='-181815627' action='modify' lat='55.91669851203' lon='9.93576015472' />
  <node id='-181815628' action='modify' lat='55.93189491624' lon='9.95773281097' />
  <node id='-181815629' action='modify' lat='56.04308951951' lon='9.92288520813'>
    <tag k='name' v='ska.ys' />
  </node>
  <node id='-181815630' action='modify' lat='56.0969391391' lon='10.07926872253' />
  <node id='-181815631' action='modify' lat='56.03100595518' lon='9.90039791107' />
  <node id='-181815632' action='modify' lat='56.01661827135' lon='9.89625945521' />
  <node id='-181815633' action='modify' lat='55.9885883308' lon='9.94571651459' />
  <node id='-181815634' action='modify' lat='55.9730299344' lon='9.95876277924' />
  <node id='-181815635' action='modify' lat='55.87463681702' lon='9.82795698166'>
    <tag k='name' v='hor.yt' />
  </node>
  <node id='-181815636' action='modify' lat='56.11761558928' lon='10.113944664' />
  <node id='-181815637' action='modify' lat='56.11704138809' lon='10.14686073303'>
    <tag k='name' v='vib.yo' />
  </node>
  <node id='-181815638' action='modify' lat='56.12359634208' lon='10.16389812469' />
  <node id='-181815639' action='modify' lat='56.14480855236' lon='10.17750228882'>
    <tag k='name' v='aar.yr' />
  </node>
  <node id='-181815640' action='modify' lat='56.15004403876' lon='10.20488227844'>
    <tag k='name' v='aar' />
  </node>
  <node id='-181815641' action='modify' lat='56.14550173347' lon='10.15514365196' />
  <node id='-181815642' action='modify' lat='56.15496794852' lon='10.10132781029' />
  <node id='-181815643' action='modify' lat='56.18960974477' lon='10.07875425339' />
  <node id='-181815644' action='modify' lat='56.20040202491' lon='10.09489042282' />
  <node id='-181815645' action='modify' lat='56.17575679584' lon='10.05472166061' />
  <node id='-181815646' action='modify' lat='56.22006863574' lon='10.09626371384' />
  <node id='-181815647' action='modify' lat='56.225985738' lon='10.08939725876' />
  <node id='-181815648' action='modify' lat='56.24106067467' lon='10.06124479294' />
  <node id='-181815649' action='modify' lat='56.25088481289' lon='10.05575162888' />
  <node id='-181815650' action='modify' lat='56.27043020943' lon='10.06587965012' />
  <node id='-181815651' action='modify' lat='56.28567821768' lon='10.09935361862' />
  <node id='-181815652' action='modify' lat='56.31901204461' lon='10.06330472946' />
  <node id='-181815653' action='modify' lat='56.33890323595' lon='10.02244932175' />
  <node id='-181815654' action='modify' lat='56.34737050094' lon='9.98760206223' />
  <node id='-181815655' action='modify' lat='56.35440926796' lon='9.91722089767'>
    <tag k='name' v='lau.ys' />
  </node>
  <node id='-181815656' action='modify' lat='56.36591580471' lon='9.90177137375' />
  <node id='-181815657' action='modify' lat='56.38502224649' lon='9.89576331139'>
    <tag k='name' v='lan.ya' />
  </node>
  <node id='-181815658' action='modify' lat='56.40031953955' lon='9.906062994' />
  <node id='-181815659' action='modify' lat='56.42728865301' lon='9.95292646408' />
  <node id='-181815660' action='modify' lat='56.44278246653' lon='9.9967001152' />
  <node id='-181815661' action='modify' lat='56.46182664582' lon='10.02184859276'>
    <tag k='name' v='ran.yh' />
  </node>
  <node id='-181815662' action='modify' lat='56.47917869549' lon='9.96228209496' />
  <node id='-181815663' action='modify' lat='56.45219900203' lon='10.02734175683'>
    <tag k='name' v='ran.yr' />
  </node>
  <node id='-181815664' action='modify' lat='56.44546073621' lon='9.96707264802' />
  <node id='-181815665' action='modify' lat='56.46310698601' lon='9.99738684654' />
  <node id='-181815666' action='modify' lat='56.46530878638' lon='10.0098972073'>
    <tag k='name' v='ran.yf' />
  </node>
  <node id='-181815667' action='modify' lat='56.44101940932' lon='9.9636146419'>
    <tag k='name' v='ste.yr' />
  </node>
  <node id='-181815668' action='modify' lat='56.52579093741' lon='9.87567867279' />
  <node id='-181815669' action='modify' lat='56.56194213068' lon='9.82486690521'>
    <tag k='name' v='far.ym' />
  </node>
  <node id='-181815670' action='modify' lat='56.5719674016' lon='9.76598722458' />
  <node id='-181815671' action='modify' lat='56.6072242178' lon='9.72221357346' />
  <node id='-181815672' action='modify' lat='56.70092471253' lon='9.83619655609' />
  <node id='-181815673' action='modify' lat='56.83394952982' lon='9.88632167816' />
  <node id='-181815674' action='modify' lat='56.64414723077' lon='9.78160823822' />
  <node id='-181815675' action='modify' lat='56.67075464433' lon='9.81250728607' />
  <node id='-181815676' action='modify' lat='56.65811939163' lon='9.79783131502'>
    <tag k='name' v='hob.ya' />
  </node>
  <node id='-181815677' action='modify' lat='56.8947539898' lon='9.84340633392' />
  <node id='-181815678' action='modify' lat='56.94066706084' lon='9.87705196381' />
  <node id='-181815679' action='modify' lat='56.96931066573' lon='9.85679592133'>
    <tag k='name' v='sve.yh' />
  </node>
  <node id='-181815680' action='modify' lat='57.01980452352' lon='9.90966762543'>
    <tag k='name' v='aal.yh' />
  </node>
  <node id='-181815681' action='modify' lat='57.04278457298' lon='9.91756404877'>
    <tag k='name' v='aal' />
  </node>
  <node id='-181815682' action='modify' lat='57.05941562021' lon='9.92328187019'>
    <tag k='name' v='lfn' />
  </node>
  <node id='-181815683' action='modify' lat='57.07508206344' lon='9.89679302216'>
    <tag k='name' v='lin.yl' />
  </node>
  <node id='-181815684' action='modify' lat='57.12431445702' lon='9.93644645691' />
  <node id='-181815685' action='modify' lat='57.16231275367' lon='9.94743278503' />
  <node id='-181815686' action='modify' lat='57.26642136598' lon='9.9439995575' />
  <node id='-181815687' action='modify' lat='57.32355598758' lon='9.92271354675' />
  <node id='-181815688' action='modify' lat='57.37060676902' lon='9.94743278503' />
  <node id='-181815689' action='modify' lat='57.45584815429' lon='9.9797051239'>
    <tag k='name' v='hjo.yh' />
  </node>
  <node id='-181815690' action='modify' lat='57.45640222086' lon='10.07720878601' />
  <node id='-181815691' action='modify' lat='57.47283552556' lon='10.40542568207' />
  <node id='-181815692' action='modify' lat='57.45252339383' lon='10.54052318573'>
    <tag k='name' v='fre.ys' />
  </node>
  <node id='-181815693' action='modify' lat='57.44162405395' lon='10.54035152435'>
    <tag k='name' v='fre' />
  </node>
  <node id='-181815694' action='modify' lat='57.48594009032' lon='10.32680477142' />
  <node id='-181815695' action='modify' lat='57.45215397786' lon='10.1355739975' />
  <node id='-181815696' action='modify' lat='57.47098943451' lon='10.2100750351' />
  <node id='-181815697' action='modify' lat='57.47265092065' lon='10.27873958588' />
  <node id='-181815698' action='modify' lat='55.67874608098' lon='9.66247524261' />
  <node id='-181815699' action='modify' lat='55.51016610467' lon='8.45775569916' />
  <node id='-181815700' action='modify' lat='55.56291292763' lon='8.43681318283' />
  <node id='-181815701' action='modify' lat='55.59066647593' lon='8.44900114059' />
  <node id='-181815702' action='modify' lat='55.67022778717' lon='8.5803219223' />
  <node id='-181815703' action='modify' lat='55.7773455725' lon='8.61568416595' />
  <node id='-181815704' action='modify' lat='55.61363080549' lon='8.47576687486' />
  <node id='-181815705' action='modify' lat='55.62174641575' lon='8.49131052735'>
    <tag k='name' v='var.yn' />
  </node>
  <node id='-181815706' action='modify' lat='55.82732335493' lon='8.59954799652' />
  <node id='-181815707' action='modify' lat='55.91490706238' lon='8.52088471457'>
    <tag k='name' v='tar.yn' />
  </node>
  <node id='-181815708' action='modify' lat='55.98052179545' lon='8.41999019623' />
  <node id='-181815709' action='modify' lat='56.03982910785' lon='8.37535823822' />
  <node id='-181815710' action='modify' lat='56.05708596464' lon='8.34514583588' />
  <node id='-181815711' action='modify' lat='56.07792770159' lon='8.27356304169' />
  <node id='-181815712' action='modify' lat='56.14248941038' lon='8.28575099945' />
  <node id='-181815713' action='modify' lat='56.20956839804' lon='8.31390346527' />
  <node id='-181815714' action='modify' lat='56.08439353585' lon='8.26060260773'>
    <tag k='name' v='rin.yh' />
  </node>
  <node id='-181815715' action='modify' lat='56.23686328242' lon='8.32008327484' />
  <node id='-181815716' action='modify' lat='56.33719062206' lon='8.34154094696' />
  <node id='-181815717' action='modify' lat='56.36306336322' lon='8.39132274628' />
  <node id='-181815718' action='modify' lat='56.37418704876' lon='8.50118602753' />
  <node id='-181815719' action='modify' lat='56.37266605263' lon='8.54392971039' />
  <node id='-181815720' action='modify' lat='56.36182719775' lon='8.61165012359'>
    <tag k='name' v='hol.yv' />
  </node>
  <node id='-181815721' action='modify' lat='56.42330147445' lon='8.64503843307' />
  <node id='-181815722' action='modify' lat='56.45907618688' lon='8.61568433762' />
  <node id='-181815723' action='modify' lat='56.48477142905' lon='8.61053449631' />
  <node id='-181815724' action='modify' lat='56.49178481946' lon='8.60040647507'>
    <tag k='name' v='str' />
  </node>
  <node id='-181815725' action='modify' lat='56.49230603321' lon='8.59456998825' />
  <node id='-181815726' action='modify' lat='55.62673615161' lon='8.41896039963' />
  <node id='-181815727' action='modify' lat='55.62605772738' lon='8.39801771164' />
  <node id='-181815728' action='modify' lat='55.61801265912' lon='8.34480268478' />
  <node id='-181815729' action='modify' lat='55.63671732201' lon='8.28575117111' />
  <node id='-181815730' action='modify' lat='55.70457991273' lon='8.3044622612' />
  <node id='-181815731' action='modify' lat='55.72275985472' lon='8.34943754196' />
  <node id='-181815732' action='modify' lat='55.74503807991' lon='8.36153966904' />
  <node id='-181815733' action='modify' lat='55.75890118293' lon='8.35269910812' />
  <node id='-181815734' action='modify' lat='55.77720065948' lon='8.2903001976'>
    <tag k='name' v='nor' />
  </node>
  <node id='-181815735' action='modify' lat='55.78646778072' lon='8.28703871727' />
  <node id='-181815736' action='modify' lat='55.82635899546' lon='8.30669394493' />
  <node id='-181815737' action='modify' lat='55.83281882674' lon='8.3305547905' />
  <node id='-181815738' action='modify' lat='55.82279124094' lon='8.3923528862' />
  <node id='-181815739' action='modify' lat='55.83349366755' lon='8.40436918259' />
  <node id='-181815740' action='modify' lat='55.83975948729' lon='8.38514310837' />
  <node id='-181815741' action='modify' lat='55.8525771721' lon='8.37810499191' />
  <node id='-181815742' action='modify' lat='55.88648027643' lon='8.40608579636' />
  <node id='-181815743' action='modify' lat='55.90880932557' lon='8.48522169113' />
  <node id='-181815744' action='modify' lat='55.78617821503' lon='8.24300757408' />
  <node id='-181815745' action='modify' lat='55.79163134069' lon='8.23039046288' />
  <node id='-181815746' action='modify' lat='55.817053094' lon='8.2041262722'>
    <tag k='name' v='nym' />
  </node>
  <node id='-181815747' action='modify' lat='55.62586388973' lon='8.52848035812' />
  <node id='-181815748' action='modify' lat='55.62547621154' lon='8.55852109909' />
  <node id='-181815749' action='modify' lat='55.62082377425' lon='8.61740095139' />
  <node id='-181815750' action='modify' lat='55.6303219132' lon='8.64315015793' />
  <node id='-181815751' action='modify' lat='55.63758934234' lon='8.64727003098' />
  <node id='-181815752' action='modify' lat='55.64563039268' lon='8.6671827507' />
  <node id='-181815753' action='modify' lat='55.64921442536' lon='8.70735151291' />
  <node id='-181815754' action='modify' lat='55.67661658461' lon='8.74889356613' />
  <node id='-181815755' action='modify' lat='55.69239074765' lon='8.75129682541' />
  <node id='-181815756' action='modify' lat='55.71347753719' lon='8.73996717453' />
  <node id='-181815757' action='modify' lat='55.73213662264' lon='8.71456129074' />
  <node id='-181815758' action='modify' lat='55.74518301587' lon='8.71164304733' />
  <node id='-181815759' action='modify' lat='55.75725912136' lon='8.72125608444' />
  <node id='-181815760' action='modify' lat='55.76324748279' lon='8.74254209518' />
  <node id='-181815761' action='modify' lat='55.76430983796' lon='8.78992063522' />
  <node id='-181815762' action='modify' lat='55.76788300204' lon='8.8295744133' />
  <node id='-181815763' action='modify' lat='55.76517901612' lon='8.9286230278'>
    <tag k='name' v='gri.yv' />
  </node>
  <node id='-181815764' action='modify' lat='56.0527723783' lon='9.85319120407' />
  <node id='-181815765' action='modify' lat='56.1312025162' lon='9.64118923187' />
  <node id='-181815766' action='modify' lat='56.14794036738' lon='9.58840335846' />
  <node id='-181815767' action='modify' lat='56.1245364171' lon='9.72625460939' />
  <node id='-181815768' action='modify' lat='56.09674744531' lon='9.73972286224' />
  <node id='-181815769' action='modify' lat='56.07452671631' lon='9.78332485199' />
  <node id='-181815770' action='modify' lat='56.16414508178' lon='9.55904952049'>
    <tag k='name' v='sil.yl' />
  </node>
  <node id='-181815771' action='modify' lat='56.15477673493' lon='9.57381239891' />
  <node id='-181815772' action='modify' lat='56.16327884455' lon='9.52512494088'>
    <tag k='name' v='sil.yh' />
  </node>
  <node id='-181815773' action='modify' lat='56.13574622433' lon='9.46643820763' />
  <node id='-181815774' action='modify' lat='56.14086339323' lon='9.39794531822' />
  <node id='-181815775' action='modify' lat='56.16256796582' lon='9.34370023727' />
  <node id='-181815776' action='modify' lat='56.14774902319' lon='9.3285940361' />
  <node id='-181815777' action='modify' lat='56.16533990749' lon='9.37065107346' />
  <node id='-181815778' action='modify' lat='56.14124600575' lon='9.30593473434' />
  <node id='-181815779' action='modify' lat='56.14688839288' lon='9.26439268112' />
  <node id='-181815780' action='modify' lat='56.14507144337' lon='9.15452939987' />
  <node id='-181815781' action='modify' lat='56.13388096645' lon='8.95780546188'>
    <tag k='name' v='her.yh' />
  </node>
  <node id='-181815782' action='modify' lat='56.06695715346' lon='8.88536436081' />
  <node id='-181815783' action='modify' lat='56.1374201874' lon='9.07625181198' />
  <node id='-181815784' action='modify' lat='56.12719456274' lon='9.00010029746'>
    <tag k='name' v='her.ys' />
  </node>
  <node id='-181815785' action='modify' lat='56.03733581265' lon='8.87042964935' />
  <node id='-181815786' action='modify' lat='56.00183684326' lon='8.76193965912' />
  <node id='-181815787' action='modify' lat='55.98052179545' lon='8.72898067474' />
  <node id='-181815788' action='modify' lat='55.9634228615' lon='8.67542232513' />
  <node id='-181815789' action='modify' lat='55.93800805381' lon='8.5001069559'>
    <tag k='name' v='ske.ys' />
  </node>
  <node id='-181815790' action='modify' lat='56.27653023758' lon='8.77395595551' />
  <node id='-181815791' action='modify' lat='56.25460406971' lon='8.78631557465' />
  <node id='-181815792' action='modify' lat='56.19925618164' lon='8.76983608246' />
  <node id='-181815793' action='modify' lat='56.18435586204' lon='8.78150905609' />
  <node id='-181815794' action='modify' lat='56.16811174468' lon='8.85704006195' />
  <node id='-181815795' action='modify' lat='56.15644996498' lon='8.8968655014' />
  <node id='-181815796' action='modify' lat='56.07203585505' lon='9.07539299011' />
  <node id='-181815797' action='modify' lat='56.31587047776' lon='8.72031177521' />
  <node id='-181815798' action='modify' lat='56.33091003117' lon='8.69044269562' />
  <node id='-181815799' action='modify' lat='56.35012904389' lon='8.61448279381'>
    <tag k='name' v='hos' />
  </node>
  <node id='-181815800' action='modify' lat='56.36049575515' lon='8.60667220116' />
  <node id='-181815801' action='modify' lat='56.36548669102' lon='8.62084595956' />
  <node id='-181815802' action='modify' lat='55.93516424952' lon='9.16088069916' />
  <node id='-181815803' action='modify' lat='55.92266236831' lon='9.23915828705' />
  <node id='-181815804' action='modify' lat='55.9091942927' lon='9.25357784271'>
    <tag k='name' v='thy.yh' />
  </node>
  <node id='-181815805' action='modify' lat='55.9688031162' lon='9.11315883636' />
  <node id='-181815806' action='modify' lat='56.00490831355' lon='9.11075557709' />
  <node id='-181815807' action='modify' lat='56.02275640139' lon='9.10663570404' />
  <node id='-181815808' action='modify' lat='56.04788326838' lon='9.09496273041' />
  <node id='-181815809' action='modify' lat='55.94372075977' lon='9.13161269188'>
    <tag k='name' v='brd.yb' />
  </node>
  <node id='-181815810' action='modify' lat='55.95357299189' lon='9.12002554893' />
  <node id='-181815811' action='modify' lat='55.90207346628' lon='9.24619657516' />
  <node id='-181815812' action='modify' lat='55.88744300049' lon='9.23950178146' />
  <node id='-181815813' action='modify' lat='55.80822745234' lon='9.25117458344' />
  <node id='-181815814' action='modify' lat='55.79153488008' lon='9.27417737961' />
  <node id='-181815815' action='modify' lat='55.75542379425' lon='9.38198072433' />
  <node id='-181815816' action='modify' lat='55.76662760333' lon='9.4648931694' />
  <node id='-181815817' action='modify' lat='55.75774208782' lon='9.52308637619' />
  <node id='-181815818' action='modify' lat='55.76305432419' lon='9.36670286179' />
  <node id='-181815819' action='modify' lat='55.77049023942' lon='9.34473020554' />
  <node id='-181815820' action='modify' lat='55.71665931938' lon='9.53656160332'>
    <tag k='name' v='ven' />
  </node>
  <node id='-181815821' action='modify' lat='55.75387818865' lon='9.42060453415' />
  <node id='-181815822' action='modify' lat='55.95390941336' lon='8.76605970383' />
  <node id='-181815823' action='modify' lat='55.9858217287' lon='8.73717414637'>
    <tag k='name' v='tro.yk' />
  </node>
  <node id='-181815824' action='modify' lat='55.829058785' lon='8.9107702446' />
  <node id='-181815825' action='modify' lat='55.64369303802' lon='9.06990016937' />
  <node id='-181815826' action='modify' lat='55.91496689801' lon='8.84468044281' />
  <node id='-181815827' action='modify' lat='55.86394581149' lon='8.86047328949' />
  <node id='-181815828' action='modify' lat='55.55835015292' lon='9.15195447922' />
  <node id='-181815829' action='modify' lat='55.53309969684' lon='9.18920499802' />
  <node id='-181815830' action='modify' lat='55.52756185215' lon='9.21100599289'>
    <tag k='name' v='ges.yv' />
  </node>
  <node id='-181815831' action='modify' lat='55.5361111798' lon='9.35777647018' />
  <node id='-181815832' action='modify' lat='55.53863676189' lon='9.41047651291' />
  <node id='-181815833' action='modify' lat='55.54873746825' lon='9.31400281906' />
  <node id='-181815834' action='modify' lat='55.55145644581' lon='9.26027280807' />
  <node id='-181815835' action='modify' lat='55.60162692375' lon='9.14680412292' />
  <node id='-181815836' action='modify' lat='55.7122204838' lon='8.98269618988' />
  <node id='-181815837' action='modify' lat='55.67855250399' lon='9.0324779892' />
  <node id='-181815838' action='modify' lat='55.53164244488' lon='9.44549543381' />
  <node id='-181815839' action='modify' lat='55.5136652309' lon='9.48051435471' />
  <node id='-181815840' action='modify' lat='55.49747866592' lon='9.4878529644' />
  <node id='-181815841' action='modify' lat='55.50579154068' lon='9.21564085007' />
  <node id='-181815842' action='modify' lat='55.49023394393' lon='9.19864637375' />
  <node id='-181815843' action='modify' lat='55.67564873419' lon='9.35279811859' />
  <node id='-181815844' action='modify' lat='55.65725318616' lon='9.28825344086' />
  <node id='-181815845' action='modify' lat='55.68145605824' lon='9.40086330414' />
  <node id='-181815846' action='modify' lat='55.70680460552' lon='9.45270503998' />
  <node id='-181815847' action='modify' lat='55.66654885963' lon='9.24602474213' />
  <node id='-181815848' action='modify' lat='55.69190706896' lon='9.24911464691' />
  <node id='-181815849' action='modify' lat='55.70525707383' lon='9.22714199066' />
  <node id='-181815850' action='modify' lat='55.71009290686' lon='9.18251003265' />
  <node id='-181815851' action='modify' lat='55.73233003102' lon='9.09702266693' />
  <node id='-181815852' action='modify' lat='55.73774227408' lon='9.07453519821' />
  <node id='-181815853' action='modify' lat='55.74547288619' lon='9.03350812912' />
  <node id='-181815854' action='modify' lat='55.74885454744' lon='9.00707227707' />
  <node id='-181815855' action='modify' lat='55.75501051012' lon='8.9390112462'>
    <tag k='name' v='gri.yh' />
  </node>
  <node id='-181815856' action='modify' lat='55.99290890085' lon='8.51337415695' />
  <node id='-181815857' action='modify' lat='55.95403494956' lon='8.48568458009'>
    <tag k='name' v='ske.yv' />
  </node>
  <node id='-181815858' action='modify' lat='56.00538811275' lon='8.52848035812' />
  <node id='-181815859' action='modify' lat='56.0258261128' lon='8.56075269699' />
  <node id='-181815860' action='modify' lat='56.06561557385' lon='8.59714490891'>
    <tag k='name' v='her' />
  </node>
  <node id='-181815861' action='modify' lat='56.08611747928' lon='8.6321638298' />
  <node id='-181815862' action='modify' lat='56.0948322743' lon='8.6388586235'>
    <tag k='name' v='vid' />
  </node>
  <node id='-181815863' action='modify' lat='56.07121617578' lon='8.60908051588' />
  <node id='-181815864' action='modify' lat='56.04970471376' lon='8.57877714157' />
  <node id='-181815865' action='modify' lat='56.04232214608' lon='8.57465726852' />
  <node id='-181815866' action='modify' lat='56.10488530904' lon='8.29751006126' />
  <node id='-181815867' action='modify' lat='56.09904526628' lon='8.24815741539' />
  <node id='-181815868' action='modify' lat='56.11340448589' lon='8.34154111862' />
  <node id='-181815869' action='modify' lat='56.10766145998' lon='8.41295225143' />
  <node id='-181815870' action='modify' lat='56.10919301735' lon='8.46050245285' />
  <node id='-181815871' action='modify' lat='56.11359590533' lon='8.48590833664' />
  <node id='-181815872' action='modify' lat='56.12737560269' lon='8.50530607224' />
  <node id='-181815873' action='modify' lat='56.14669713908' lon='8.46822721481' />
  <node id='-181815874' action='modify' lat='56.16275914063' lon='8.48127347946' />
  <node id='-181815875' action='modify' lat='56.17441900505' lon='8.52333051682' />
  <node id='-181815876' action='modify' lat='56.19247524791' lon='8.539810009' />
  <node id='-181815877' action='modify' lat='56.20956830257' lon='8.57019407272' />
  <node id='-181815878' action='modify' lat='56.25078944502' lon='8.56676084518' />
  <node id='-181815879' action='modify' lat='56.26490130498' lon='8.58547193527' />
  <node id='-181815880' action='modify' lat='56.26385262951' lon='8.6343954277' />
  <node id='-181815881' action='modify' lat='56.27605362006' lon='8.64091856003' />
  <node id='-181815882' action='modify' lat='56.30453921211' lon='8.60692960739' />
  <node id='-181815883' action='modify' lat='56.31948803146' lon='8.60366804123' />
  <node id='-181815884' action='modify' lat='56.38977375908' lon='9.7356029892' />
  <node id='-181815885' action='modify' lat='56.36810269994' lon='9.62711299896' />
  <node id='-181815886' action='modify' lat='56.394144496' lon='9.7750851059' />
  <node id='-181815887' action='modify' lat='56.39794472903' lon='9.82555355072' />
  <node id='-181815888' action='modify' lat='56.35326802965' lon='9.4942470932'>
    <tag k='name' v='rod.ys' />
  </node>
  <node id='-181815889' action='modify' lat='56.34965358176' lon='9.55776180267' />
  <node id='-181815890' action='modify' lat='56.3709548594' lon='9.45339168549' />
  <node id='-181815891' action='modify' lat='56.39946471603' lon='9.43450893402' />
  <node id='-181815892' action='modify' lat='56.42358638172' lon='9.40086330414' />
  <node id='-181815893' action='modify' lat='56.44750300424' lon='9.3974300766' />
  <node id='-181815894' action='modify' lat='56.45352724027' lon='9.38069309235' />
  <node id='-181815895' action='modify' lat='56.4519145463' lon='9.31194271088' />
  <node id='-181815896' action='modify' lat='56.46855994563' lon='9.25426448822' />
  <node id='-181815897' action='modify' lat='56.47804124133' lon='9.18937648773' />
  <node id='-181815898' action='modify' lat='56.48770972355' lon='9.15023769379' />
  <node id='-181815899' action='modify' lat='56.53109274821' lon='9.11315883636' />
  <node id='-181815900' action='modify' lat='56.5390440732' lon='9.11418880463' />
  <node id='-181815901' action='modify' lat='56.47993721631' lon='8.7688061142' />
  <node id='-181815902' action='modify' lat='56.46685306091' lon='8.69327510834' />
  <node id='-181815903' action='modify' lat='56.46685306091' lon='8.64623989105' />
  <node id='-181815904' action='modify' lat='56.47387734782' lon='8.61271831409'>
    <tag k='name' v='str.yl' />
  </node>
  <node id='-181815905' action='modify' lat='56.53374337536' lon='8.92776454926' />
  <node id='-181815906' action='modify' lat='56.51821563475' lon='8.86253322601' />
  <node id='-181815907' action='modify' lat='56.56213131311' lon='8.98303951263' />
  <node id='-181815908' action='modify' lat='56.56534726975' lon='9.02303661346'>
    <tag k='name' v='ski.yg' />
  </node>
  <node id='-181815909' action='modify' lat='56.55513093303' lon='9.05754055023' />
  <node id='-181815910' action='modify' lat='56.49548063885' lon='8.8261410141' />
  <node id='-181815911' action='modify' lat='56.19199767891' lon='9.01256544113' />
  <node id='-181815912' action='modify' lat='56.13085801541' lon='8.97692804448'>
    <tag k='name' v='her.yv' />
  </node>
  <node id='-181815913' action='modify' lat='56.20183440022' lon='9.02406675339' />
  <node id='-181815914' action='modify' lat='56.23123401564' lon='9.08105833054' />
  <node id='-181815915' action='modify' lat='56.24907278281' lon='9.10200101852' />
  <node id='-181815916' action='modify' lat='56.29701498184' lon='9.14302808762' />
  <node id='-181815917' action='modify' lat='56.31320452721' lon='9.19109327316' />
  <node id='-181815918' action='modify' lat='56.35355327109' lon='9.28619367599' />
  <node id='-181815919' action='modify' lat='56.38578255305' lon='9.29597837448' />
  <node id='-181815920' action='modify' lat='56.39262420157' lon='9.30885297775' />
  <node id='-181815921' action='modify' lat='56.40269439192' lon='9.3546865654' />
  <node id='-181815922' action='modify' lat='56.43744611371' lon='9.4010701806'>
    <tag k='name' v='vib.yh' />
  </node>
  <node id='-181815923' action='modify' lat='56.40240937566' lon='8.3233450985' />
  <node id='-181815924' action='modify' lat='56.34848306746' lon='8.35250719955'>
    <tag k='name' v='vem.yl' />
  </node>
  <node id='-181815925' action='modify' lat='56.42567484538' lon='8.30085737228' />
  <node id='-181815926' action='modify' lat='56.48969989287' lon='8.21382505417' />
  <node id='-181815927' action='modify' lat='56.52749502979' lon='8.26231947899' />
  <node id='-181815928' action='modify' lat='56.54765598296' lon='8.30051413536'>
    <tag k='name' v='lem' />
  </node>
  <node id='-181815929' action='modify' lat='56.51712641844' lon='8.21777335167' />
  <node id='-181815930' action='modify' lat='56.50178135064' lon='8.20876112938' />
  <node id='-181815931' action='modify' lat='56.54614189434' lon='8.27605243206' />
  <node id='-181815932' action='modify' lat='56.54337573119' lon='8.29240355512'>
    <tag k='name' v='lem.yt' />
  </node>
  <node id='-181815933' action='modify' lat='56.54737210039' lon='8.26257697105' />
  <node id='-181815934' action='modify' lat='56.54746672815' lon='8.23622694969' />
  <node id='-181815935' action='modify' lat='56.56572559962' lon='8.20953334808' />
  <node id='-181815936' action='modify' lat='56.56837380275' lon='8.16318477631' />
  <node id='-181815937' action='modify' lat='56.59654676545' lon='8.1453319931' />
  <node id='-181815938' action='modify' lat='56.62309331689' lon='8.18086589813'>
    <tag k='name' v='har.yt' />
  </node>
  <node id='-181815939' action='modify' lat='56.65867984797' lon='8.19614376068' />
  <node id='-181815940' action='modify' lat='56.68207125261' lon='8.22360958099' />
  <node id='-181815941' action='modify' lat='56.70478836441' lon='8.21125021935'>
    <tag k='name' v='thh' />
  </node>
  <node id='-181815942' action='modify' lat='56.70033296808' lon='8.20789616274'>
    <tag k='name' v='thh.yl' />
  </node>
  <node id='-181815943' action='modify' lat='56.63281913594' lon='8.16850645065' />
  <node id='-181815944' action='modify' lat='56.64735967499' lon='8.16804785257' />
  <node id='-181815945' action='modify' lat='56.49808623994' lon='8.58418456078' />
  <node id='-181815946' action='modify' lat='56.52626420152' lon='8.55543128014' />
  <node id='-181815947' action='modify' lat='56.53965914275' lon='8.55139723778' />
  <node id='-181815948' action='modify' lat='56.5578270368' lon='8.56650343895' />
  <node id='-181815949' action='modify' lat='56.65075366022' lon='8.52161373138' />
  <node id='-181815950' action='modify' lat='56.66603838745' lon='8.43097652435' />
  <node id='-181815951' action='modify' lat='56.59125411934' lon='8.52710689545' />
  <node id='-181815952' action='modify' lat='56.63111973689' lon='8.55319942474' />
  <node id='-181815953' action='modify' lat='56.57537173288' lon='8.56555904388' />
  <node id='-181815954' action='modify' lat='56.69149916274' lon='8.39767421722' />
  <node id='-181815955' action='modify' lat='56.75535815839' lon='8.42033351898' />
  <node id='-181815956' action='modify' lat='56.80990076696' lon='8.4172436142' />
  <node id='-181815957' action='modify' lat='56.82324222177' lon='8.45054592133' />
  <node id='-181815958' action='modify' lat='56.78339167847' lon='8.39630092621' />
  <node id='-181815959' action='modify' lat='56.89362887949' lon='8.52607692719' />
  <node id='-181815960' action='modify' lat='56.94928117787' lon='8.58444179535' />
  <node id='-181815961' action='modify' lat='56.86117362288' lon='8.50788082123' />
  <node id='-181815962' action='modify' lat='56.9584548963' lon='8.64829982758' />
  <node id='-181815963' action='modify' lat='56.95171524158' lon='8.68881191254'>
    <tag k='name' v='thi' />
  </node>
  <node id='-181815964' action='modify' lat='57.00167192889' lon='8.64915830612' />
  <node id='-181815965' action='modify' lat='56.95608726561' lon='8.6625324976'>
    <tag k='name' v='thi.yf' />
  </node>
  <node id='-181815966' action='modify' lat='57.02176669638' lon='8.6821172905' />
  <node id='-181815967' action='modify' lat='57.01728136408' lon='8.7178228569' />
  <node id='-181815968' action='modify' lat='57.03848847724' lon='8.77790433884' />
  <node id='-181815969' action='modify' lat='57.03335130057' lon='8.8251112175' />
  <node id='-181815970' action='modify' lat='57.03297766002' lon='8.87163145065' />
  <node id='-181815971' action='modify' lat='57.03988940216' lon='8.97754652023' />
  <node id='-181815972' action='modify' lat='57.03549966085' lon='8.74477369308' />
  <node id='-181815973' action='modify' lat='57.02064541403' lon='8.73395902634' />
  <node id='-181815974' action='modify' lat='57.06229701751' lon='8.99831754684' />
  <node id='-181815975' action='modify' lat='57.0742422179' lon='8.99007780075' />
  <node id='-181815976' action='modify' lat='57.09224607197' lon='9.01359540939' />
  <node id='-181815977' action='modify' lat='57.10129134154' lon='9.10165769577' />
  <node id='-181815978' action='modify' lat='57.09597634745' lon='9.15487272263' />
  <node id='-181815979' action='modify' lat='57.08748942638' lon='9.20431119919' />
  <node id='-181815980' action='modify' lat='57.08581046461' lon='9.2317770195' />
  <node id='-181815981' action='modify' lat='57.08649759119' lon='9.2657252629'>
    <tag k='name' v='fje' />
  </node>
  <node id='-181815982' action='modify' lat='57.09551008354' lon='9.89456159592' />
  <node id='-181815983' action='modify' lat='57.11723184495' lon='9.87224544525' />
  <node id='-181815984' action='modify' lat='57.1502095024' lon='9.79276622772' />
  <node id='-181815985' action='modify' lat='57.16110229957' lon='9.72556105614' />
  <node id='-181815986' action='modify' lat='57.16031104043' lon='9.7035025692'>
    <tag k='name' v='rya.yh' />
  </node>
  <node id='-181815987' action='modify' lat='57.11555413676' lon='9.6005056572' />
  <node id='-181815988' action='modify' lat='57.14080352469' lon='9.66522199631' />
  <node id='-181815989' action='modify' lat='57.15495800693' lon='9.68942625046' />
  <node id='-181815990' action='modify' lat='57.10585985565' lon='9.56600154877' />
  <node id='-181815991' action='modify' lat='57.06593707136' lon='9.38575710297' />
  <node id='-181815992' action='modify' lat='57.07909693838' lon='9.43120879915' />
  <node id='-181815993' action='modify' lat='57.06145697593' lon='9.35554487228' />
  <node id='-181815994' action='modify' lat='57.08677259732' lon='9.27931241922' />
  <node id='-181815995' action='modify' lat='57.06119872634' lon='9.33196070773' />
  <node id='-181815996' action='modify' lat='57.08781668926' lon='9.46409522469' />
  <node id='-181815997' action='modify' lat='55.79105242869' lon='9.80804409027' />
  <node id='-181815998' action='modify' lat='55.75919104792' lon='9.85404933929' />
  <node id='-181815999' action='modify' lat='55.75957740243' lon='9.88288845062' />
  <node id='-181816000' action='modify' lat='55.74547298281' lon='9.90589107513' />
  <node id='-181816001' action='modify' lat='55.73677593653' lon='9.90074123383' />
  <node id='-181816002' action='modify' lat='55.71318752592' lon='9.92752040863' />
  <node id='-181816003' action='modify' lat='55.70428983541' lon='9.97970546722' />
  <node id='-181816004' action='modify' lat='55.70888400472' lon='10.00867332458' />
  <node id='-181816005' action='modify' lat='55.71255895126' lon='10.0145098114'>
    <tag k='name' v='jue' />
  </node>
  <node id='-181816006' action='modify' lat='56.33386003925' lon='9.90348798752' />
  <node id='-181816007' action='modify' lat='56.30063441678' lon='9.83036024094' />
  <node id='-181816008' action='modify' lat='56.2895845413' lon='9.75826246262' />
  <node id='-181816009' action='modify' lat='56.25679715659' lon='9.72393018723' />
  <node id='-181816010' action='modify' lat='56.22798971067' lon='9.73285657883' />
  <node id='-181816011' action='modify' lat='56.21243231504' lon='9.70264417648' />
  <node id='-181816012' action='modify' lat='56.21080940091' lon='9.67552167892' />
  <node id='-181816013' action='modify' lat='56.18301827537' lon='9.64994413376' />
  <node id='-181816014' action='modify' lat='56.16964080023' lon='9.61046201706' />
  <node id='-181816015' action='modify' lat='56.16782492649' lon='9.57612974167' />
  <node id='-181816016' action='modify' lat='56.29687203094' lon='9.79083533764' />
  <node id='-181816017' action='modify' lat='56.29646720288' lon='9.79774470806'>
    <tag k='name' v='tho.ya' />
  </node>
  <node id='-181816018' action='modify' lat='56.0887991647' lon='9.39210874557' />
  <node id='-181816019' action='modify' lat='56.13391986679' lon='9.43361521573'>
    <tag k='name' v='fun.yb' />
  </node>
  <node id='-181816020' action='modify' lat='56.02774471437' lon='9.36515773773' />
  <node id='-181816021' action='modify' lat='56.00433243147' lon='9.34352840424' />
  <node id='-181816022' action='modify' lat='55.97860094377' lon='9.26834072113' />
  <node id='-181816023' action='modify' lat='55.97705275787' lon='9.11260991573'>
    <tag k='name' v='brd.yf' />
  </node>
  <node id='-181816024' action='modify' lat='55.91227302627' lon='9.09255964279' />
  <node id='-181816025' action='modify' lat='55.88792435357' lon='9.06080228806' />
  <node id='-181816026' action='modify' lat='55.92487438902' lon='9.14182654381' />
  <node id='-181816027' action='modify' lat='55.98364283192' lon='9.30378905297'>
    <tag k='name' v='ejs.yr' />
  </node>
  <node id='-181816028' action='modify' lat='55.80128116415' lon='9.00432552338' />
  <node id='-181816029' action='modify' lat='55.77441834008' lon='8.92604268059'>
    <tag k='name' v='gri.yf' />
  </node>
  <node id='-181816030' action='modify' lat='55.86741351834' lon='9.02698482513' />
  <node id='-181816031' action='modify' lat='55.8151725012' lon='9.0287014389' />
  <node id='-181816032' action='modify' lat='55.71154344336' lon='8.86527997971' />
  <node id='-181816033' action='modify' lat='55.74855921212' lon='8.94560053425'>
    <tag k='name' v='gri.yb' />
  </node>
  <node id='-181816034' action='modify' lat='55.68397229758' lon='8.8395306015' />
  <node id='-181816035' action='modify' lat='55.59832930548' lon='8.80691493988' />
  <node id='-181816036' action='modify' lat='55.55135943981' lon='8.82064785004' />
  <node id='-181816037' action='modify' lat='55.53581985319' lon='8.81172145844' />
  <node id='-181816038' action='modify' lat='55.50744427136' lon='8.77464260101' />
  <node id='-181816039' action='modify' lat='55.46687900857' lon='8.75031736091'>
    <tag k='name' v='bra.yf' />
  </node>
  <node id='-181816040' action='modify' lat='55.89524018532' lon='9.76324064255'>
    <tag k='name' v='lun.ys' />
  </node>
  <node id='-181816041' action='modify' lat='55.88513242262' lon='9.74538785934' />
  <node id='-181816042' action='modify' lat='55.87800727489' lon='9.71809370041' />
  <node id='-181816043' action='modify' lat='55.87068819423' lon='9.66573698044' />
  <node id='-181816044' action='modify' lat='55.87458861735' lon='9.61870184898' />
  <node id='-181816045' action='modify' lat='55.87275881541' lon='9.61140624046'>
    <tag k='name' v='ras.ye' />
  </node>
  <node id='-181816046' action='modify' lat='55.86924342766' lon='9.61346617699' />
  <node id='-181816047' action='modify' lat='55.86293419417' lon='9.61011878014' />
  <node id='-181816048' action='modify' lat='55.85060174126' lon='9.58943358421' />
  <node id='-181816049' action='modify' lat='55.84525329833' lon='9.54969388962' />
  <node id='-181816050' action='modify' lat='55.8409161436' lon='9.50798017502' />
  <node id='-181816051' action='modify' lat='55.85951430586' lon='9.44858533859' />
  <node id='-181816052' action='modify' lat='55.83937392753' lon='9.53372938156' />
  <node id='-181816053' action='modify' lat='55.86442735962' lon='9.42060453415' />
  <node id='-181816054' action='modify' lat='55.86789502348' lon='9.37931997299' />
  <node id='-181816055' action='modify' lat='55.87357746983' lon='9.36241132736' />
  <node id='-181816056' action='modify' lat='55.88835756623' lon='9.34215528488' />
  <node id='-181816057' action='modify' lat='55.91227302627' lon='9.33134061813' />
  <node id='-181816058' action='modify' lat='55.91405286323' lon='9.29520589828' />
  <node id='-181816059' action='modify' lat='55.91525540952' lon='9.27297574997' />
  <node id='-181816060' action='modify' lat='55.88219581662' lon='9.57853308678' />
  <node id='-181816061' action='modify' lat='55.88556561831' lon='9.55776206017' />
  <node id='-181816062' action='modify' lat='55.88773176492' lon='9.53038207054' />
  <node id='-181816063' action='modify' lat='55.90005243224' lon='9.5083235836' />
  <node id='-181816064' action='modify' lat='55.92338359605' lon='9.49862471581' />
  <node id='-181816065' action='modify' lat='55.94396108794' lon='9.4629191494' />
  <node id='-181816066' action='modify' lat='55.97437459018' lon='9.37159529686' />
  <node id='-181816067' action='modify' lat='55.9799454059' lon='9.31975356102' />
  <node id='-181816068' action='modify' lat='55.92665364749' lon='9.76813307762' />
  <node id='-181816069' action='modify' lat='55.94929603733' lon='9.78229505539' />
  <node id='-181816070' action='modify' lat='55.96765026745' lon='9.75208248138' />
  <node id='-181816071' action='modify' lat='55.96774624342' lon='9.69835264206' />
  <node id='-181816072' action='modify' lat='55.98513135424' lon='9.68170148849' />
  <node id='-181816073' action='modify' lat='55.98407502354' lon='9.59415418625' />
  <node id='-181816074' action='modify' lat='56.01105042578' lon='9.58574277878' />
  <node id='-181816075' action='modify' lat='55.97168499173' lon='9.61938840866' />
  <node id='-181816076' action='modify' lat='56.02179703654' lon='9.56754650116' />
  <node id='-181816077' action='modify' lat='56.02544249616' lon='9.49493373871' />
  <node id='-181816078' action='modify' lat='56.06484903181' lon='9.4897838974' />
  <node id='-181816079' action='modify' lat='56.07318540015' lon='9.51553310394' />
  <node id='-181816080' action='modify' lat='56.04145915634' lon='9.4709013176'>
    <tag k='name' v='vra' />
  </node>
  <node id='-181816081' action='modify' lat='56.12794964965' lon='9.56428510666' />
  <node id='-181816082' action='modify' lat='56.11273446251' lon='9.56402770042' />
  <node id='-181816083' action='modify' lat='56.08827237191' lon='9.53716269493' />
  <node id='-181816084' action='modify' lat='56.02457915844' lon='9.51213091046'>
    <tag k='name' v='brv' />
  </node>
  <node id='-181816085' action='modify' lat='55.9140047606' lon='10.25402051926'>
    <tag k='name' v='hou' />
  </node>
  <node id='-181816086' action='modify' lat='55.93881778764' lon='10.22174818039' />
  <node id='-181816087' action='modify' lat='55.96880302013' lon='10.14982206345'>
    <tag k='name' v='odd' />
  </node>
  <node id='-181816088' action='modify' lat='55.98042565909' lon='10.15256864548' />
  <node id='-181816089' action='modify' lat='55.96044408844' lon='10.17934782028' />
  <node id='-181816090' action='modify' lat='56.01853492183' lon='10.1941106987' />
  <node id='-181816091' action='modify' lat='56.03819879871' lon='10.19050580978' />
  <node id='-181816092' action='modify' lat='55.99674908754' lon='10.16767484665' />
  <node id='-181816093' action='modify' lat='56.00279660797' lon='10.17934782028' />
  <node id='-181816094' action='modify' lat='56.06096759776' lon='10.18999082565' />
  <node id='-181816095' action='modify' lat='56.06930480543' lon='10.16128046036' />
  <node id='-181816096' action='modify' lat='56.04725999391' lon='10.19029123306' />
  <node id='-181816097' action='modify' lat='56.05162203269' lon='10.19346696854' />
  <node id='-181816098' action='modify' lat='56.09914101183' lon='10.13411513329' />
  <node id='-181816099' action='modify' lat='56.10536396178' lon='10.12819281578' />
  <node id='-181816100' action='modify' lat='56.09081025836' lon='10.1533412075' />
  <node id='-181816101' action='modify' lat='56.11479220739' lon='10.13540259361' />
  <node id='-181816102' action='modify' lat='55.86094734406' lon='9.87121564865' />
  <node id='-181816103' action='modify' lat='55.86510165184' lon='9.88975507736' />
  <node id='-181816104' action='modify' lat='55.85883984439' lon='9.8492002058' />
  <node id='-181816105' action='modify' lat='55.91592881915' lon='10.13935071945' />
  <node id='-181816106' action='modify' lat='55.93333720701' lon='10.16784650803' />
  <node id='-181816107' action='modify' lat='55.94996885557' lon='10.1673315239' />
  <node id='-181816108' action='modify' lat='55.91550042306' lon='10.11253745485' />
  <node id='-181816109' action='modify' lat='55.92941717137' lon='10.09796111457' />
  <node id='-181816110' action='modify' lat='55.92772412182' lon='10.07009408608' />
  <node id='-181816111' action='modify' lat='55.91948807573' lon='10.05678159714' />
  <node id='-181816112' action='modify' lat='55.86914715935' lon='9.96116621017' />
  <node id='-181816113' action='modify' lat='55.86124839578' lon='9.93249876022' />
  <node id='-181816114' action='modify' lat='55.88744300049' lon='9.95962125778' />
  <node id='-181816115' action='modify' lat='55.89341135669' lon='9.99584180832' />
  <node id='-181816116' action='modify' lat='55.90977149569' lon='10.01970273972' />
  <node id='-181816117' action='modify' lat='56.15642589695' lon='10.21299357891' />
  <node id='-181816118' action='modify' lat='56.18134629812' lon='10.23247710228' />
  <node id='-181816119' action='modify' lat='56.19600907373' lon='10.23591024399' />
  <node id='-181816120' action='modify' lat='56.21615521142' lon='10.21513921738' />
  <node id='-181816121' action='modify' lat='56.22560401703' lon='10.21814329147' />
  <node id='-181816122' action='modify' lat='56.23772180146' lon='10.25556547165' />
  <node id='-181816123' action='modify' lat='56.26156451055' lon='10.30294401169' />
  <node id='-181816124' action='modify' lat='56.28053269456' lon='10.32199842453' />
  <node id='-181816125' action='modify' lat='56.31130023089' lon='10.30637723923' />
  <node id='-181816126' action='modify' lat='56.33214710383' lon='10.32165510178' />
  <node id='-181816127' action='modify' lat='56.33994985364' lon='10.37487012863' />
  <node id='-181816128' action='modify' lat='56.35640651927' lon='10.43821317673' />
  <node id='-181816129' action='modify' lat='56.36496498291' lon='10.46173078537' />
  <node id='-181816130' action='modify' lat='56.38179102378' lon='10.4883382988'>
    <tag k='name' v='ryo.yr' />
  </node>
  <node id='-181816131' action='modify' lat='56.37266595756' lon='10.56335432053' />
  <node id='-181816132' action='modify' lat='56.36952871128' lon='10.81243497849' />
  <node id='-181816133' action='modify' lat='56.3829315034' lon='10.85826856613' />
  <node id='-181816134' action='modify' lat='56.34960595896' lon='10.76463839301'>
    <tag k='name' v='tru.ye' />
  </node>
  <node id='-181816135' action='modify' lat='56.34630808288' lon='10.71375921574' />
  <node id='-181816136' action='modify' lat='56.34952649381' lon='10.67943336684' />
  <node id='-181816137' action='modify' lat='56.36277800274' lon='10.61708433151' />
  <node id='-181816138' action='modify' lat='56.39442938412' lon='10.87260237694' />
  <node id='-181816139' action='modify' lat='56.41261942485' lon='10.8721732235'>
    <tag k='name' v='gre' />
  </node>
  <node id='-181816140' action='modify' lat='56.16292642233' lon='10.21807466751'>
    <tag k='name' v='ost' />
  </node>
  <node id='-181816141' action='modify' lat='56.37653298669' lon='10.531566154'>
    <tag k='name' v='ryo.yh' />
  </node>
  <node id='-181816142' action='modify' lat='56.3933367551' lon='10.53185454369' />
  <node id='-181816143' action='modify' lat='56.40953300217' lon='10.54618818283' />
  <node id='-181816144' action='modify' lat='56.43488212245' lon='10.62480909348' />
  <node id='-181816145' action='modify' lat='56.45812769022' lon='10.64609510422' />
  <node id='-181816146' action='modify' lat='56.47917874289' lon='10.63957197189' />
  <node id='-181816147' action='modify' lat='56.49320629463' lon='10.659656353' />
  <node id='-181816148' action='modify' lat='56.49472247609' lon='10.73398572922' />
  <node id='-181816149' action='modify' lat='56.50059710687' lon='10.76333982468' />
  <node id='-181816150' action='modify' lat='56.50997567927' lon='10.79303724289' />
  <node id='-181816151' action='modify' lat='56.50571297939' lon='10.81724149704' />
  <node id='-181816152' action='modify' lat='56.49311153127' lon='10.81895811081' />
  <node id='-181816153' action='modify' lat='56.47680871199' lon='10.83715421677' />
  <node id='-181816154' action='modify' lat='56.46258541857' lon='10.8733747673' />
  <node id='-181816155' action='modify' lat='56.44304341084' lon='10.88813764572' />
  <node id='-181816156' action='modify' lat='56.42453564582' lon='10.88281614304' />
  <node id='-181816157' action='modify' lat='56.41741487542' lon='10.86925489426'>
    <tag k='name' v='grv' />
  </node>
  <node id='-181816158' action='modify' lat='56.41760477993' lon='10.86427671432' />
  <node id='-181816159' action='modify' lat='56.19925618164' lon='10.6763073349'>
    <tag k='name' v='ebe' />
  </node>
  <node id='-181816160' action='modify' lat='56.26642669514' lon='10.73501552582' />
  <node id='-181816161' action='modify' lat='56.3182505485' lon='10.80642665863' />
  <node id='-181816162' action='modify' lat='56.34556299278' lon='10.76299658775' />
  <node id='-181816163' action='modify' lat='56.1333547904' lon='10.13986578941' />
  <node id='-181816164' action='modify' lat='56.13140398494' lon='10.17251565996'>
    <tag k='name' v='aar.yt' />
  </node>
  <node id='-181816165' action='modify' lat='56.13368974359' lon='10.03601039886' />
  <node id='-181816166' action='modify' lat='56.14325450361' lon='9.98451198578' />
  <node id='-181816167' action='modify' lat='56.14229813469' lon='10.10124172211' />
  <node id='-181816168' action='modify' lat='56.16314158299' lon='9.95498622894' />
  <node id='-181816169' action='modify' lat='56.15492028862' lon='9.88941158295' />
  <node id='-181816170' action='modify' lat='56.16849403817' lon='9.84855617523' />
  <node id='-181816171' action='modify' lat='56.19333495263' lon='9.81559719086' />
  <node id='-181816172' action='modify' lat='56.2065132156' lon='9.81422389984' />
  <node id='-181816173' action='modify' lat='56.23714948937' lon='9.85113109589' />
  <node id='-181816174' action='modify' lat='56.25326893232' lon='9.86005765915'>
    <tag k='name' v='ham.yt' />
  </node>
  <node id='-181816175' action='modify' lat='56.25565290327' lon='9.86915571213'>
    <tag k='name' v='ham' />
  </node>
  <node id='-181816176' action='modify' lat='56.25965764023' lon='9.85010129929' />
  <node id='-181816177' action='modify' lat='56.28710740677' lon='9.82606870651' />
  <node id='-181816178' action='modify' lat='56.19218870722' lon='9.48738080978' />
  <node id='-181816179' action='modify' lat='56.21930507213' lon='9.50489027023' />
  <node id='-181816180' action='modify' lat='56.23590914839' lon='9.51965314865' />
  <node id='-181816181' action='modify' lat='56.24916815495' lon='9.53527433395' />
  <node id='-181816182' action='modify' lat='56.1638105851' lon='9.48926908493' />
  <node id='-181816183' action='modify' lat='56.15396277285' lon='9.50526270455'>
    <tag k='name' v='sil.yr' />
  </node>
  <node id='-181816184' action='modify' lat='56.26680791401' lon='9.53132612228' />
  <node id='-181816185' action='modify' lat='56.28482067858' lon='9.48034269333' />
  <node id='-181816186' action='modify' lat='56.29387151021' lon='9.43004590988' />
  <node id='-181816187' action='modify' lat='56.31358537508' lon='9.4254110527' />
  <node id='-181816188' action='modify' lat='56.34166243882' lon='9.45785505295' />
  <node id='-181816189' action='modify' lat='56.45224643483' lon='10.13334265709' />
  <node id='-181816190' action='modify' lat='56.46780133967' lon='10.23307765961' />
  <node id='-181816191' action='modify' lat='56.46343906127' lon='10.32543148041'>
    <tag k='name' v='all' />
  </node>
  <node id='-181816192' action='modify' lat='56.44275883912' lon='10.36663021088' />
  <node id='-181816193' action='modify' lat='56.39680469895' lon='10.40576900482' />
  <node id='-181816194' action='modify' lat='56.38682783694' lon='10.43881407738' />
  <node id='-181816195' action='modify' lat='56.46049884003' lon='10.0439070797'>
    <tag k='name' v='rap' />
  </node>
  <node id='-181816196' action='modify' lat='56.51992020989' lon='10.04802669525' />
  <node id='-181816197' action='modify' lat='56.54282983172' lon='10.05626644135' />
  <node id='-181816198' action='modify' lat='56.58085569191' lon='10.11257137299' />
  <node id='-181816199' action='modify' lat='56.59975979608' lon='10.18226589203' />
  <node id='-181816200' action='modify' lat='56.63451864727' lon='10.2062984848' />
  <node id='-181816201' action='modify' lat='56.65131987175' lon='10.18123592377' />
  <node id='-181816202' action='modify' lat='56.65226353875' lon='10.15891994476' />
  <node id='-181816203' action='modify' lat='56.69658925276' lon='10.11119808197' />
  <node id='-181816204' action='modify' lat='56.71844995825' lon='10.1228710556'>
    <tag k='name' v='han' />
  </node>
  <node id='-181816205' action='modify' lat='56.50312492471' lon='10.05245739337' />
  <node id='-181816206' action='modify' lat='56.48818351065' lon='10.07703763962' />
  <node id='-181816207' action='modify' lat='56.46780124485' lon='10.06347639084' />
  <node id='-181816208' action='modify' lat='56.65245212776' lon='9.98288146019' />
  <node id='-181816209' action='modify' lat='56.65367885341' lon='9.97704497337'>
    <tag k='name' v='mar' />
  </node>
  <node id='-181816210' action='modify' lat='56.59512907056' lon='9.91292936325' />
  <node id='-181816211' action='modify' lat='56.5718728351' lon='9.86572248459' />
  <node id='-181816212' action='modify' lat='56.56941397568' lon='9.84160414696' />
  <node id='-181816213' action='modify' lat='56.56988683658' lon='9.82950201988'>
    <tag k='name' v='han' />
  </node>
  <node id='-181816214' action='modify' lat='56.60656286452' lon='9.95138151169' />
  <node id='-181816215' action='modify' lat='56.62347097461' lon='9.95464307785' />
  <node id='-181816216' action='modify' lat='56.64527974934' lon='9.95172483444' />
  <node id='-181816217' action='modify' lat='56.51712641844' lon='9.84546652794' />
  <node id='-181816218' action='modify' lat='56.5062814618' lon='9.81010402679' />
  <node id='-181816219' action='modify' lat='56.49150061281' lon='9.6477123642' />
  <node id='-181816220' action='modify' lat='56.53923177313' lon='9.85679277317'>
    <tag k='name' v='far.yv' />
  </node>
  <node id='-181816221' action='modify' lat='56.47965273131' lon='9.60668546677' />
  <node id='-181816222' action='modify' lat='56.45243621286' lon='9.58230955124' />
  <node id='-181816223' action='modify' lat='56.43962727079' lon='9.53681928635' />
  <node id='-181816224' action='modify' lat='56.4368751569' lon='9.47605115891' />
  <node id='-181816225' action='modify' lat='56.42292172136' lon='9.43571073532' />
  <node id='-181816226' action='modify' lat='56.43216568013' lon='9.39401958014'>
    <tag k='name' v='vib.yf' />
  </node>
  <node id='-181816227' action='modify' lat='56.4557088691' lon='9.3594073391' />
  <node id='-181816228' action='modify' lat='56.46078342117' lon='9.26954252243' />
  <node id='-181816229' action='modify' lat='56.45558446086' lon='9.35785099388'>
    <tag k='name' v='vib.ya' />
  </node>
  <node id='-181816230' action='modify' lat='56.4722103826' lon='9.34576025963' />
  <node id='-181816231' action='modify' lat='56.48003187038' lon='9.35245505333' />
  <node id='-181816232' action='modify' lat='56.48856261188' lon='9.35451490402' />
  <node id='-181816233' action='modify' lat='56.49765990522' lon='9.33992368698' />
  <node id='-181816234' action='modify' lat='56.50684974622' lon='9.3352888298' />
  <node id='-181816235' action='modify' lat='56.55134630993' lon='9.40498334885' />
  <node id='-181816236' action='modify' lat='56.57764095922' lon='9.43622571945' />
  <node id='-181816237' action='modify' lat='56.6184654517' lon='9.50248701096' />
  <node id='-181816238' action='modify' lat='56.6738669562' lon='9.52274305344' />
  <node id='-181816239' action='modify' lat='56.6948925383' lon='9.49956876755'>
    <tag k='name' v='aal' />
  </node>
  <node id='-181816240' action='modify' lat='56.68867094328' lon='9.5126150322' />
  <node id='-181816241' action='modify' lat='56.52238223863' lon='9.3363186264' />
  <node id='-181816242' action='modify' lat='56.53203942206' lon='9.36927761078' />
  <node id='-181816243' action='modify' lat='56.59503465649' lon='9.44206203461' />
  <node id='-181816244' action='modify' lat='56.68093965047' lon='9.77594358444' />
  <node id='-181816245' action='modify' lat='56.6913105334' lon='9.74624616623' />
  <node id='-181816246' action='modify' lat='56.70535381141' lon='9.6422193718' />
  <node id='-181816247' action='modify' lat='56.70149007622' lon='9.61029035568' />
  <node id='-181816248' action='modify' lat='56.69300731505' lon='9.58436948776' />
  <node id='-181816249' action='modify' lat='56.70139583382' lon='9.53355772018' />
  <node id='-181816250' action='modify' lat='56.69545808687' lon='9.48720914841' />
  <node id='-181816251' action='modify' lat='56.73238885171' lon='9.46300489426' />
  <node id='-181816252' action='modify' lat='56.79552040799' lon='9.51158506393'>
    <tag k='name' v='aar.yh' />
  </node>
  <node id='-181816253' action='modify' lat='56.81347138699' lon='9.50626356125'>
    <tag k='name' v='aar.ys' />
  </node>
  <node id='-181816254' action='modify' lat='56.832822495' lon='9.43777067184' />
  <node id='-181816255' action='modify' lat='56.9441315796' lon='9.29477674484' />
  <node id='-181816256' action='modify' lat='56.96884271629' lon='9.25992948532'>
    <tag k='name' v='log' />
  </node>
  <node id='-181816257' action='modify' lat='56.93226321693' lon='9.34358903299' />
  <node id='-181816258' action='modify' lat='56.88162559434' lon='9.40326656342' />
  <node id='-181816259' action='modify' lat='56.85404094779' lon='9.40601314545' />
  <node id='-181816260' action='modify' lat='56.66981144018' lon='9.01050533295' />
  <node id='-181816261' action='modify' lat='56.70639045003' lon='8.99127925873' />
  <node id='-181816262' action='modify' lat='56.73775596152' lon='8.94939388275' />
  <node id='-181816263' action='modify' lat='56.75695785508' lon='8.89669401169' />
  <node id='-181816264' action='modify' lat='56.76260363085' lon='8.86751157761'>
    <tag k='name' v='gly' />
  </node>
  <node id='-181816265' action='modify' lat='56.58718798636' lon='9.02041951651'>
    <tag k='name' v='skn.ys' />
  </node>
  <node id='-181816266' action='modify' lat='56.75526395682' lon='8.93875104904' />
  <node id='-181816267' action='modify' lat='56.59607414339' lon='9.00278074265' />
  <node id='-181816268' action='modify' lat='56.59909821761' lon='8.94166929245' />
  <node id='-181816269' action='modify' lat='56.61166443271' lon='8.87918455124' />
  <node id='-181816270' action='modify' lat='56.59843672206' lon='8.85034543991' />
  <node id='-181816271' action='modify' lat='56.60420079402' lon='8.81086332321' />
  <node id='-181816272' action='modify' lat='56.59456201552' lon='8.78717405319' />
  <node id='-181816273' action='modify' lat='56.60306694771' lon='8.77515775681' />
  <node id='-181816274' action='modify' lat='56.63111964247' lon='8.78236753464' />
  <node id='-181816275' action='modify' lat='56.63942754958' lon='8.80073530197' />
  <node id='-181816276' action='modify' lat='56.64065469896' lon='8.81154996872'>
    <tag k='name' v='spo' />
  </node>
  <node id='-181816277' action='modify' lat='56.9729596463' lon='9.80049116135' />
  <node id='-181816278' action='modify' lat='56.98764589307' lon='9.74864942551' />
  <node id='-181816279' action='modify' lat='56.99456606473' lon='9.69097120285' />
  <node id='-181816280' action='modify' lat='56.97062063091' lon='9.62299312592' />
  <node id='-181816281' action='modify' lat='56.94347623071' lon='9.57424129486' />
  <node id='-181816282' action='modify' lat='56.88687750602' lon='9.57355464935' />
  <node id='-181816283' action='modify' lat='56.83376161478' lon='9.49527723312' />
  <node id='-181816284' action='modify' lat='56.85206974338' lon='9.5148466301' />
  <node id='-181816285' action='modify' lat='56.86577150647' lon='9.55965024948' />
  <node id='-181816286' action='modify' lat='56.79946848099' lon='9.43382246017' />
  <node id='-181816287' action='modify' lat='56.79166602977' lon='9.39090694427' />
  <node id='-181816288' action='modify' lat='56.76288599145' lon='9.30713619232' />
  <node id='-181816289' action='modify' lat='56.72447826271' lon='9.28516353607' />
  <node id='-181816290' action='modify' lat='56.71091312444' lon='9.21426755905' />
  <node id='-181816291' action='modify' lat='56.70158431839' lon='9.19813138962'>
    <tag k='name' v='hva' />
  </node>
  <node id='-181816292' action='modify' lat='57.00704712774' lon='9.92365828514' />
  <node id='-181816293' action='modify' lat='56.99882032629' lon='9.99532695293'>
    <tag k='name' v='gug.yh' />
  </node>
  <node id='-181816294' action='modify' lat='57.05058134184' lon='10.0445937252'>
    <tag k='name' v='oha' />
  </node>
  <node id='-181816295' action='modify' lat='57.01130003253' lon='10.04030219078' />
  <node id='-181816296' action='modify' lat='56.98465308144' lon='10.10707820892' />
  <node id='-181816297' action='modify' lat='56.95246415229' lon='10.09643520355' />
  <node id='-181816298' action='modify' lat='56.92080956149' lon='10.06278957367' />
  <node id='-181816299' action='modify' lat='56.88931564272' lon='10.11154140472' />
  <node id='-181816300' action='modify' lat='56.84728242217' lon='10.10364498138' />
  <node id='-181816301' action='modify' lat='56.81271977997' lon='10.1355739975' />
  <node id='-181816302' action='modify' lat='56.79918658356' lon='10.15205348969' />
  <node id='-181816303' action='modify' lat='56.77944191279' lon='10.17900432587' />
  <node id='-181816304' action='modify' lat='56.74067454304' lon='10.17436946869' />
  <node id='-181816305' action='modify' lat='56.72824546229' lon='10.13900722504' />
  <node id='-181816306' action='modify' lat='56.99825936674' lon='9.96099463463' />
  <node id='-181816307' action='modify' lat='57.08417799782' lon='9.87576480389'>
    <tag k='name' v='alu' />
  </node>
  <node id='-181816308' action='modify' lat='57.09914687976' lon='10.01678432465' />
  <node id='-181816309' action='modify' lat='57.10558017259' lon='10.04613842011'>
    <tag k='name' v='vod.yo' />
  </node>
  <node id='-181816310' action='modify' lat='57.09560343004' lon='10.09059871674' />
  <node id='-181816311' action='modify' lat='57.06911007903' lon='10.13317073822' />
  <node id='-181816312' action='modify' lat='57.0627637924' lon='10.18432582855' />
  <node id='-181816313' action='modify' lat='57.07302930221' lon='10.23788417816' />
  <node id='-181816314' action='modify' lat='57.0920596416' lon='10.26329006195' />
  <node id='-181816315' action='modify' lat='57.15737871914' lon='10.29024089813' />
  <node id='-181816316' action='modify' lat='57.19259941101' lon='10.38027729034' />
  <node id='-181816317' action='modify' lat='57.21496130621' lon='10.38928951263' />
  <node id='-181816318' action='modify' lat='57.23763479524' lon='10.38379634857' />
  <node id='-181816319' action='modify' lat='57.26289373588' lon='10.36594356537' />
  <node id='-181816320' action='modify' lat='57.28201215011' lon='10.36663021088' />
  <node id='-181816321' action='modify' lat='57.32253631907' lon='10.3843113327'>
    <tag k='name' v='hor.yb' />
  </node>
  <node id='-181816322' action='modify' lat='57.32114606921' lon='10.4788967514' />
  <node id='-181816323' action='modify' lat='57.34004896191' lon='10.51322902679' />
  <node id='-181816324' action='modify' lat='57.3706065839' lon='10.50258602142' />
  <node id='-181816325' action='modify' lat='57.41057085074' lon='10.51597560883' />
  <node id='-181816326' action='modify' lat='57.17580737523' lon='10.3259466362' />
  <node id='-181816327' action='modify' lat='57.1757197195' lon='10.33930573768'>
    <tag k='name' v='ors.ya' />
  </node>
  <node id='-181816328' action='modify' lat='57.15025592057' lon='10.40225020409'>
    <tag k='name' v='asa' />
  </node>
  <node id='-181816329' action='modify' lat='57.16929559106' lon='10.34792257756' />
  <node id='-181816330' action='modify' lat='57.1633132792' lon='10.36379566333' />
  <node id='-181816331' action='modify' lat='57.15914739328' lon='10.38774481773' />
  <node id='-181816332' action='modify' lat='57.15300272929' lon='10.40001860619' />
  <node id='-181816333' action='modify' lat='57.44310467505' lon='9.97487567162'>
    <tag k='name' v='hjo.yo' />
  </node>
  <node id='-181816334' action='modify' lat='57.42647042435' lon='10.02674068451' />
  <node id='-181816335' action='modify' lat='57.42221888909' lon='10.08922542572' />
  <node id='-181816336' action='modify' lat='57.3752343076' lon='10.11360134125' />
  <node id='-181816337' action='modify' lat='57.36394163601' lon='10.18638576508' />
  <node id='-181816338' action='modify' lat='57.3447036964' lon='10.23209060669'>
    <tag k='name' v='ost.yv' />
  </node>
  <node id='-181816339' action='modify' lat='57.34597727716' lon='10.28594936371' />
  <node id='-181816340' action='modify' lat='57.3245751644' lon='10.34500104904' />
  <node id='-181816341' action='modify' lat='57.32652131789' lon='10.40456754684' />
  <node id='-181816342' action='modify' lat='57.11825692352' lon='10.05146009445' />
  <node id='-181816343' action='modify' lat='57.13791609043' lon='10.07308942795' />
  <node id='-181816344' action='modify' lat='57.16417413292' lon='10.13523084641' />
  <node id='-181816345' action='modify' lat='57.18873924222' lon='10.12218458176' />
  <node id='-181816346' action='modify' lat='57.20538584357' lon='10.14913541794' />
  <node id='-181816347' action='modify' lat='57.2319676366' lon='10.13969404221' />
  <node id='-181816348' action='modify' lat='57.26781340681' lon='10.16664487839' />
  <node id='-181816349' action='modify' lat='57.31400853263' lon='10.15514356613' />
  <node id='-181816350' action='modify' lat='57.33282244102' lon='10.21007520676' />
  <node id='-181816351' action='modify' lat='57.46161908463' lon='9.96485675812'>
    <tag k='name' v='hjo.ya' />
  </node>
  <node id='-181816352' action='modify' lat='57.46905093853' lon='9.91155590057' />
  <node id='-181816353' action='modify' lat='57.46988173512' lon='9.86915554047' />
  <node id='-181816354' action='modify' lat='57.46822012306' lon='9.82624019623' />
  <node id='-181816355' action='modify' lat='57.4591722431' lon='9.80667079926' />
  <node id='-181816356' action='modify' lat='57.41445394187' lon='9.81285060883' />
  <node id='-181816357' action='modify' lat='57.4028034333' lon='9.80770076752' />
  <node id='-181816358' action='modify' lat='57.37227263169' lon='9.7266765976' />
  <node id='-181816359' action='modify' lat='57.25583783347' lon='9.72839321136' />
  <node id='-181816360' action='modify' lat='57.23707741756' lon='9.68753780365' />
  <node id='-181816361' action='modify' lat='57.21960864835' lon='9.67277492523' />
  <node id='-181816362' action='modify' lat='57.19804003757' lon='9.67277492523' />
  <node id='-181816363' action='modify' lat='57.18576261581' lon='9.67758144379' />
  <node id='-181816364' action='modify' lat='57.28776429273' lon='9.75448574066' />
  <node id='-181816365' action='modify' lat='57.31447213779' lon='9.74761928558' />
  <node id='-181816366' action='modify' lat='57.33689915516' lon='9.77027858734' />
  <node id='-181816367' action='modify' lat='57.47772707736' lon='9.96803275108' />
  <node id='-181816368' action='modify' lat='57.50355910126' lon='9.94769087791' />
  <node id='-181816369' action='modify' lat='57.5361459379' lon='9.95129576683' />
  <node id='-181816370' action='modify' lat='57.59175737489' lon='9.96356955528'>
    <tag k='name' v='hir' />
  </node>
  <node id='-181816371' action='modify' lat='57.59224038016' lon='9.95820513725' />
  <node id='-181816372' action='modify' lat='57.57280010393' lon='9.97798911095' />
  <node id='-181816373' action='modify' lat='57.56331776424' lon='9.97429839134' />
  <node id='-182019101' action='modify' lat='57.49820972875' lon='10.45486433029' />
  <node id='-182019102' action='modify' lat='57.6090039094' lon='10.41984489441' />
  <node id='-182019103' action='modify' lat='57.70304697861' lon='10.50018241882' />
  <node id='-182019104' action='modify' lat='57.72541973107' lon='10.57296684265' />
  <node id='-182019105' action='modify' lat='57.72541973107' lon='10.58669975281'>
    <tag k='name' v='ska' />
  </node>
  <node id='-182019133' action='modify' lat='57.55747076318' lon='10.40782894135' />
  <node id='-182019137' action='modify' lat='57.58692710738' lon='10.40920223236' />
  <way id='-38834541' action='modify'>
    <nd ref='-181814930' />
    <nd ref='-181814940' />
  </way>
  <way id='-38834542' action='modify'>
    <nd ref='-181815015' />
    <nd ref='-181815013' />
  </way>
  <way id='-38834543' action='modify'>
    <nd ref='-181814931' />
    <nd ref='-181814932' />
  </way>
  <way id='-38834544' action='modify'>
    <nd ref='-181814930' />
    <nd ref='-181814929' />
  </way>
  <way id='-38834545' action='modify'>
    <nd ref='-181814932' />
    <nd ref='-181815011' />
    <nd ref='-181814930' />
    <tag k='type' v='straight' />
  </way>
  <way id='-38834546' action='modify'>
    <nd ref='-181814928' />
    <nd ref='-181814931' />
    <tag k='type' v='straight' />
  </way>
  <way id='-38834547' action='modify'>
    <nd ref='-181814933' />
    <nd ref='-181815008' />
    <nd ref='-181815009' />
    <nd ref='-181815010' />
    <nd ref='-181814928' />
  </way>
  <way id='-38834548' action='modify'>
    <nd ref='-181814935' />
    <nd ref='-181814934' />
  </way>
  <way id='-38834549' action='modify'>
    <nd ref='-181814934' />
    <nd ref='-181814933' />
    <tag k='type' v='straight' />
  </way>
  <way id='-38834550' action='modify'>
    <nd ref='-181814936' />
    <nd ref='-181814935' />
    <tag k='type' v='straight' />
  </way>
  <way id='-38834551' action='modify'>
    <nd ref='-181814938' />
    <nd ref='-181814937' />
    <tag k='type' v='straight' />
  </way>
  <way id='-38834552' action='modify'>
    <nd ref='-181814939' />
    <nd ref='-181815007' />
    <nd ref='-181814936' />
  </way>
  <way id='-38834553' action='modify'>
    <nd ref='-181814938' />
    <nd ref='-181814939' />
    <tag k='type' v='straight' />
  </way>
  <way id='-38834554' action='modify'>
    <nd ref='-181814940' />
    <nd ref='-181815015' />
    <tag k='type' v='straight' />
  </way>
  <way id='-38834555' action='modify'>
    <nd ref='-181814943' />
    <nd ref='-181814942' />
    <tag k='type' v='straight' />
  </way>
  <way id='-38834556' action='modify'>
    <nd ref='-181814944' />
    <nd ref='-181814945' />
    <tag k='type' v='straight' />
  </way>
  <way id='-38834557' action='modify'>
    <nd ref='-181814946' />
    <nd ref='-181814941' />
    <tag k='type' v='straight' />
  </way>
  <way id='-38834558' action='modify'>
    <nd ref='-181815027' />
    <nd ref='-181814946' />
  </way>
  <way id='-38834559' action='modify'>
    <nd ref='-181814941' />
    <nd ref='-181814947' />
    <nd ref='-181815024' />
    <nd ref='-181815026' />
  </way>
  <way id='-38834560' action='modify'>
    <nd ref='-181814950' />
    <nd ref='-181815030' />
    <nd ref='-181815028' />
    <nd ref='-181815029' />
    <nd ref='-181814989' />
    <nd ref='-181814949' />
  </way>
  <way id='-38834561' action='modify'>
    <nd ref='-181814952' />
    <nd ref='-181815356' />
    <nd ref='-181814991' />
    <nd ref='-181814948' />
    <tag k='type' v='straight' />
  </way>
  <way id='-38834562' action='modify'>
    <nd ref='-181814949' />
    <nd ref='-181814951' />
    <tag k='type' v='straight' />
  </way>
  <way id='-38834563' action='modify'>
    <nd ref='-181814951' />
    <nd ref='-181814952' />
  </way>
  <way id='-38834564' action='modify'>
    <nd ref='-181814948' />
    <nd ref='-181814953' />
  </way>
  <way id='-38834565' action='modify'>
    <nd ref='-181814953' />
    <nd ref='-181814954' />
    <tag k='type' v='straight' />
  </way>
  <way id='-38834566' action='modify'>
    <nd ref='-181814955' />
    <nd ref='-181815045' />
  </way>
  <way id='-38834567' action='modify'>
    <nd ref='-181815002' />
    <nd ref='-181814957' />
    <nd ref='-181814959' />
    <tag k='type' v='straight' />
  </way>
  <way id='-38834568' action='modify'>
    <nd ref='-181814943' />
    <nd ref='-181815096' />
    <nd ref='-181815130' />
    <tag k='type' v='straight' />
  </way>
  <way id='-38834569' action='modify'>
    <nd ref='-181814960' />
    <nd ref='-181814961' />
    <tag k='type' v='straight' />
  </way>
  <way id='-38834570' action='modify'>
    <nd ref='-181814964' />
    <nd ref='-181814963' />
  </way>
  <way id='-38834571' action='modify'>
    <nd ref='-181814942' />
    <nd ref='-181815067' />
    <nd ref='-181815070' />
    <tag k='type' v='straight' />
  </way>
  <way id='-38834572' action='modify'>
    <nd ref='-181814973' />
    <nd ref='-181814972' />
    <tag k='type' v='straight' />
  </way>
  <way id='-38834573' action='modify'>
    <nd ref='-181814972' />
    <nd ref='-181815064' />
  </way>
  <way id='-38834574' action='modify'>
    <nd ref='-181814974' />
    <nd ref='-181815004' />
    <nd ref='-181815003' />
    <nd ref='-181815005' />
  </way>
  <way id='-38834575' action='modify'>
    <nd ref='-181815002' />
    <nd ref='-181814978' />
    <nd ref='-181814974' />
    <tag k='type' v='straight' />
  </way>
  <way id='-38834576' action='modify'>
    <nd ref='-181814977' />
    <nd ref='-181814976' />
    <nd ref='-181814975' />
    <tag k='type' v='straight' />
  </way>
  <way id='-38834577' action='modify'>
    <nd ref='-181815017' />
    <nd ref='-181816039' />
    <nd ref='-181815081' />
    <nd ref='-181815016' />
    <tag k='type' v='straight' />
  </way>
  <way id='-38834578' action='modify'>
    <nd ref='-181814956' />
    <nd ref='-181814978' />
    <tag k='type' v='straight' />
  </way>
  <way id='-38834579' action='modify'>
    <nd ref='-181814988' />
    <nd ref='-181814989' />
    <tag k='type' v='straight' />
  </way>
  <way id='-38834580' action='modify'>
    <nd ref='-181814979' />
    <nd ref='-181814980' />
    <tag k='type' v='straight' />
  </way>
  <way id='-38834581' action='modify'>
    <nd ref='-181814980' />
    <nd ref='-181814981' />
    <nd ref='-181814982' />
    <nd ref='-181814984' />
  </way>
  <way id='-38834582' action='modify'>
    <nd ref='-181814984' />
    <nd ref='-181814983' />
    <tag k='type' v='straight' />
  </way>
  <way id='-38834583' action='modify'>
    <nd ref='-181814991' />
    <nd ref='-181814990' />
    <tag k='type' v='straight' />
  </way>
  <way id='-38834584' action='modify'>
    <nd ref='-181814992' />
    <nd ref='-181814993' />
    <tag k='type' v='straight' />
  </way>
  <way id='-38834585' action='modify'>
    <nd ref='-181814998' />
    <nd ref='-181815398' />
  </way>
  <way id='-38834586' action='modify'>
    <nd ref='-181814956' />
    <nd ref='-181815002' />
    <tag k='type' v='straight' />
  </way>
  <way id='-38834587' action='modify'>
    <nd ref='-181815005' />
    <nd ref='-181815006' />
    <tag k='type' v='straight' />
  </way>
  <way id='-38834588' action='modify'>
    <nd ref='-181815006' />
    <nd ref='-181814938' />
  </way>
  <way id='-38834589' action='modify'>
    <nd ref='-181815013' />
    <nd ref='-181815014' />
    <nd ref='-181815012' />
    <tag k='type' v='straight' />
  </way>
  <way id='-38834590' action='modify'>
    <nd ref='-181814937' />
    <nd ref='-181815020' />
  </way>
  <way id='-38834591' action='modify'>
    <nd ref='-181815016' />
    <nd ref='-181814977' />
  </way>
  <way id='-38834592' action='modify'>
    <nd ref='-181815019' />
    <nd ref='-181815018' />
    <tag k='type' v='straight' />
  </way>
  <way id='-38834593' action='modify'>
    <nd ref='-181815018' />
    <nd ref='-181815017' />
  </way>
  <way id='-38834594' action='modify'>
    <nd ref='-181815020' />
    <nd ref='-181815022' />
    <nd ref='-181815021' />
    <tag k='type' v='straight' />
  </way>
  <way id='-38834595' action='modify'>
    <nd ref='-181815021' />
    <nd ref='-181815019' />
  </way>
  <way id='-38834596' action='modify'>
    <nd ref='-181815066' />
    <nd ref='-181814979' />
    <nd ref='-181815130' />
    <tag k='type' v='straight' />
  </way>
  <way id='-38834597' action='modify'>
    <nd ref='-181814944' />
    <nd ref='-181814943' />
  </way>
  <way id='-38834598' action='modify'>
    <nd ref='-181815111' />
    <nd ref='-181815112' />
    <tag k='type' v='straight' />
  </way>
  <way id='-38834599' action='modify'>
    <nd ref='-181815251' />
    <nd ref='-181815241' />
    <nd ref='-181815242' />
    <tag k='type' v='straight' />
  </way>
  <way id='-38834600' action='modify'>
    <nd ref='-181815026' />
    <nd ref='-181814950' />
    <tag k='type' v='straight' />
  </way>
  <way id='-38834601' action='modify'>
    <nd ref='-181814954' />
    <nd ref='-181815032' />
    <nd ref='-181815031' />
    <nd ref='-181815035' />
    <nd ref='-181815033' />
  </way>
  <way id='-38834602' action='modify'>
    <nd ref='-181815033' />
    <nd ref='-181815466' />
    <nd ref='-181815034' />
    <tag k='type' v='straight' />
  </way>
  <way id='-38834603' action='modify'>
    <nd ref='-181815034' />
    <nd ref='-181815038' />
    <nd ref='-181815036' />
  </way>
  <way id='-38834604' action='modify'>
    <nd ref='-181815036' />
    <nd ref='-181815037' />
    <tag k='type' v='straight' />
  </way>
  <way id='-38834605' action='modify'>
    <nd ref='-181815037' />
    <nd ref='-181815039' />
  </way>
  <way id='-38834606' action='modify'>
    <nd ref='-181815039' />
    <nd ref='-181815506' />
    <tag k='type' v='straight' />
  </way>
  <way id='-38834607' action='modify'>
    <nd ref='-181815040' />
    <nd ref='-181815041' />
    <tag k='type' v='straight' />
  </way>
  <way id='-38834608' action='modify'>
    <nd ref='-181815041' />
    <nd ref='-181815046' />
  </way>
  <way id='-38834609' action='modify'>
    <nd ref='-181815043' />
    <nd ref='-181815042' />
    <tag k='type' v='straight' />
  </way>
  <way id='-38834610' action='modify'>
    <nd ref='-181815042' />
    <nd ref='-181815550' />
    <nd ref='-181815040' />
  </way>
  <way id='-38834611' action='modify'>
    <nd ref='-181815045' />
    <nd ref='-181815044' />
    <tag k='type' v='straight' />
  </way>
  <way id='-38834612' action='modify'>
    <nd ref='-181815044' />
    <nd ref='-181815043' />
  </way>
  <way id='-38834613' action='modify'>
    <nd ref='-181815046' />
    <nd ref='-181815047' />
    <tag k='type' v='straight' />
  </way>
  <way id='-38834614' action='modify'>
    <nd ref='-181815053' />
    <nd ref='-181815052' />
    <nd ref='-181815051' />
  </way>
  <way id='-38834615' action='modify'>
    <nd ref='-181815047' />
    <nd ref='-181815054' />
  </way>
  <way id='-38834616' action='modify'>
    <nd ref='-181815054' />
    <nd ref='-181815053' />
    <tag k='type' v='straight' />
  </way>
  <way id='-38834617' action='modify'>
    <nd ref='-181815051' />
    <nd ref='-181815050' />
    <tag k='type' v='straight' />
  </way>
  <way id='-38834618' action='modify'>
    <nd ref='-181815050' />
    <nd ref='-181815049' />
  </way>
  <way id='-38834619' action='modify'>
    <nd ref='-181815049' />
    <nd ref='-181815048' />
    <tag k='type' v='straight' />
  </way>
  <way id='-38834620' action='modify'>
    <nd ref='-181815048' />
    <nd ref='-181815056' />
    <nd ref='-181815057' />
    <nd ref='-181815055' />
  </way>
  <way id='-38834621' action='modify'>
    <nd ref='-181815055' />
    <nd ref='-181814956' />
    <tag k='type' v='straight' />
  </way>
  <way id='-38834622' action='modify'>
    <nd ref='-181814945' />
    <nd ref='-181814970' />
  </way>
  <way id='-38834623' action='modify'>
    <nd ref='-181814970' />
    <nd ref='-181814969' />
    <nd ref='-181814968' />
    <nd ref='-181814971' />
    <tag k='type' v='straight' />
  </way>
  <way id='-38834624' action='modify'>
    <nd ref='-181814971' />
    <nd ref='-181814967' />
  </way>
  <way id='-38834625' action='modify'>
    <nd ref='-181814965' />
    <nd ref='-181814964' />
    <tag k='type' v='straight' />
  </way>
  <way id='-38834626' action='modify'>
    <nd ref='-181814967' />
    <nd ref='-181814966' />
    <tag k='type' v='straight' />
  </way>
  <way id='-38834627' action='modify'>
    <nd ref='-181814966' />
    <nd ref='-181815177' />
    <nd ref='-181814965' />
  </way>
  <way id='-38834628' action='modify'>
    <nd ref='-181814963' />
    <nd ref='-181814962' />
    <tag k='type' v='straight' />
  </way>
  <way id='-38834629' action='modify'>
    <nd ref='-181814962' />
    <nd ref='-181815058' />
  </way>
  <way id='-38834630' action='modify'>
    <nd ref='-181815058' />
    <nd ref='-181815059' />
    <tag k='type' v='straight' />
  </way>
  <way id='-38834631' action='modify'>
    <nd ref='-181815059' />
    <nd ref='-181814960' />
  </way>
  <way id='-38834632' action='modify'>
    <nd ref='-181815064' />
    <nd ref='-181815060' />
    <tag k='type' v='straight' />
  </way>
  <way id='-38834633' action='modify'>
    <nd ref='-181815060' />
    <nd ref='-181815061' />
    <nd ref='-181815062' />
  </way>
  <way id='-38834634' action='modify'>
    <nd ref='-181815062' />
    <nd ref='-181815063' />
    <tag k='type' v='straight' />
  </way>
  <way id='-38834635' action='modify'>
    <nd ref='-181814942' />
    <nd ref='-181815066' />
    <tag k='type' v='straight' />
  </way>
  <way id='-38834636' action='modify'>
    <nd ref='-181815066' />
    <nd ref='-181815069' />
    <tag k='type' v='straight' />
  </way>
  <way id='-38834637' action='modify'>
    <nd ref='-181815070' />
    <nd ref='-181814973' />
  </way>
  <way id='-38834638' action='modify'>
    <nd ref='-181814983' />
    <nd ref='-181814985' />
  </way>
  <way id='-38834639' action='modify'>
    <nd ref='-181814985' />
    <nd ref='-181815121' />
    <nd ref='-181814986' />
    <nd ref='-181814987' />
    <nd ref='-181814988' />
    <tag k='type' v='straight' />
  </way>
  <way id='-38834640' action='modify'>
    <nd ref='-181814990' />
    <nd ref='-181815073' />
    <nd ref='-181815074' />
    <nd ref='-181815342' />
  </way>
  <way id='-38834641' action='modify'>
    <nd ref='-181815342' />
    <nd ref='-181815071' />
    <nd ref='-181815072' />
    <tag k='type' v='straight' />
  </way>
  <way id='-38834642' action='modify'>
    <nd ref='-181815072' />
    <nd ref='-181815075' />
  </way>
  <way id='-38834643' action='modify'>
    <nd ref='-181815075' />
    <nd ref='-181815077' />
    <nd ref='-181815078' />
    <nd ref='-181815076' />
  </way>
  <way id='-38834644' action='modify'>
    <nd ref='-181815076' />
    <nd ref='-181815001' />
    <nd ref='-181815382' />
    <nd ref='-181815000' />
    <nd ref='-181814999' />
  </way>
  <way id='-38834645' action='modify'>
    <nd ref='-181814999' />
    <nd ref='-181814998' />
    <tag k='type' v='straight' />
  </way>
  <way id='-38834646' action='modify'>
    <nd ref='-181814995' />
    <nd ref='-181814997' />
    <tag k='type' v='straight' />
  </way>
  <way id='-38834647' action='modify'>
    <nd ref='-181814997' />
    <nd ref='-181814996' />
    <nd ref='-181814992' />
  </way>
  <way id='-38834648' action='modify'>
    <nd ref='-181815090' />
    <nd ref='-181815089' />
    <nd ref='-181815094' />
  </way>
  <way id='-38834649' action='modify'>
    <nd ref='-181815081' />
    <nd ref='-181815080' />
    <tag k='type' v='straight' />
  </way>
  <way id='-38834650' action='modify'>
    <nd ref='-181815080' />
    <nd ref='-181815082' />
    <nd ref='-181815083' />
  </way>
  <way id='-38834651' action='modify'>
    <nd ref='-181815083' />
    <nd ref='-181815084' />
    <tag k='type' v='straight' />
  </way>
  <way id='-38834652' action='modify'>
    <nd ref='-181815084' />
    <nd ref='-181815088' />
  </way>
  <way id='-38834653' action='modify'>
    <nd ref='-181815088' />
    <nd ref='-181815087' />
    <tag k='type' v='straight' />
  </way>
  <way id='-38834654' action='modify'>
    <nd ref='-181815087' />
    <nd ref='-181815085' />
  </way>
  <way id='-38834655' action='modify'>
    <nd ref='-181815085' />
    <nd ref='-181815086' />
    <tag k='type' v='straight' />
  </way>
  <way id='-38834656' action='modify'>
    <nd ref='-181815086' />
    <nd ref='-181815092' />
  </way>
  <way id='-38834657' action='modify'>
    <nd ref='-181815092' />
    <nd ref='-181815093' />
    <tag k='type' v='straight' />
  </way>
  <way id='-38834658' action='modify'>
    <nd ref='-181815093' />
    <nd ref='-181815091' />
  </way>
  <way id='-38834659' action='modify'>
    <nd ref='-181815091' />
    <nd ref='-181815090' />
    <tag k='type' v='straight' />
  </way>
  <way id='-38834660' action='modify'>
    <nd ref='-181815094' />
    <nd ref='-181815079' />
    <tag k='type' v='straight' />
  </way>
  <way id='-38834661' action='modify'>
    <nd ref='-181815096' />
    <nd ref='-181815095' />
    <nd ref='-181815097' />
    <tag k='type' v='straight' />
  </way>
  <way id='-38834662' action='modify'>
    <nd ref='-181815097' />
    <nd ref='-181815109' />
    <nd ref='-181815098' />
  </way>
  <way id='-38834663' action='modify'>
    <nd ref='-181815098' />
    <nd ref='-181815099' />
    <tag k='type' v='straight' />
  </way>
  <way id='-38834664' action='modify'>
    <nd ref='-181815099' />
    <nd ref='-181815100' />
  </way>
  <way id='-38834665' action='modify'>
    <nd ref='-181815100' />
    <nd ref='-181815101' />
    <tag k='type' v='straight' />
  </way>
  <way id='-38834666' action='modify'>
    <nd ref='-181815101' />
    <nd ref='-181815102' />
  </way>
  <way id='-38834667' action='modify'>
    <nd ref='-181815102' />
    <nd ref='-181815103' />
    <tag k='type' v='straight' />
  </way>
  <way id='-38834668' action='modify'>
    <nd ref='-181815103' />
    <nd ref='-181815110' />
    <nd ref='-181815104' />
  </way>
  <way id='-38834669' action='modify'>
    <nd ref='-181815104' />
    <nd ref='-181815105' />
    <tag k='type' v='straight' />
  </way>
  <way id='-38834670' action='modify'>
    <nd ref='-181815105' />
    <nd ref='-181815106' />
    <nd ref='-181815107' />
  </way>
  <way id='-38834671' action='modify'>
    <nd ref='-181815107' />
    <nd ref='-181815108' />
    <tag k='type' v='straight' />
  </way>
  <way id='-38834672' action='modify'>
    <nd ref='-181815024' />
    <nd ref='-181815023' />
    <tag k='type' v='straight' />
  </way>
  <way id='-38834673' action='modify'>
    <nd ref='-181815023' />
    <nd ref='-181815121' />
  </way>
  <way id='-38834674' action='modify'>
    <nd ref='-181815121' />
    <nd ref='-181815120' />
    <tag k='type' v='straight' />
  </way>
  <way id='-38834675' action='modify'>
    <nd ref='-181815120' />
    <nd ref='-181815348' />
    <nd ref='-181815111' />
  </way>
  <way id='-38834676' action='modify'>
    <nd ref='-181815112' />
    <nd ref='-181815113' />
  </way>
  <way id='-38834677' action='modify'>
    <nd ref='-181815113' />
    <nd ref='-181815114' />
    <tag k='type' v='straight' />
  </way>
  <way id='-38834678' action='modify'>
    <nd ref='-181815114' />
    <nd ref='-181815119' />
  </way>
  <way id='-38834679' action='modify'>
    <nd ref='-181815119' />
    <nd ref='-181815118' />
    <tag k='type' v='straight' />
  </way>
  <way id='-38834680' action='modify'>
    <nd ref='-181815118' />
    <nd ref='-181815116' />
  </way>
  <way id='-38834681' action='modify'>
    <nd ref='-181815116' />
    <nd ref='-181815117' />
    <tag k='type' v='straight' />
  </way>
  <way id='-38834682' action='modify'>
    <nd ref='-181815117' />
    <nd ref='-181815115' />
  </way>
  <way id='-38834683' action='modify'>
    <nd ref='-181815115' />
    <nd ref='-181815071' />
    <tag k='type' v='straight' />
  </way>
  <way id='-38834684' action='modify'>
    <nd ref='-181815066' />
    <nd ref='-181815065' />
    <tag k='type' v='straight' />
  </way>
  <way id='-38834685' action='modify'>
    <nd ref='-181815065' />
    <nd ref='-181815123' />
  </way>
  <way id='-38834686' action='modify'>
    <nd ref='-181815123' />
    <nd ref='-181815124' />
    <tag k='type' v='straight' />
  </way>
  <way id='-38834687' action='modify'>
    <nd ref='-181815124' />
    <nd ref='-181815126' />
  </way>
  <way id='-38834688' action='modify'>
    <nd ref='-181815126' />
    <nd ref='-181815125' />
    <tag k='type' v='straight' />
  </way>
  <way id='-38834689' action='modify'>
    <nd ref='-181815125' />
    <nd ref='-181815122' />
  </way>
  <way id='-38834690' action='modify'>
    <nd ref='-181815122' />
    <nd ref='-181815121' />
    <tag k='type' v='straight' />
  </way>
  <way id='-38834691' action='modify'>
    <nd ref='-181815069' />
    <nd ref='-181815068' />
  </way>
  <way id='-38834692' action='modify'>
    <nd ref='-181815068' />
    <nd ref='-181815067' />
    <tag k='type' v='straight' />
  </way>
  <way id='-38834693' action='modify'>
    <nd ref='-181815129' />
    <nd ref='-181815095' />
  </way>
  <way id='-38834694' action='modify'>
    <nd ref='-181815130' />
    <nd ref='-181815027' />
    <tag k='type' v='straight' />
  </way>
  <way id='-38834695' action='modify'>
    <nd ref='-181815130' />
    <nd ref='-181815129' />
    <tag k='type' v='straight' />
  </way>
  <way id='-38834696' action='modify'>
    <nd ref='-181815128' />
    <nd ref='-181815127' />
  </way>
  <way id='-38834697' action='modify'>
    <nd ref='-181815127' />
    <nd ref='-181814969' />
    <tag k='type' v='straight' />
  </way>
  <way id='-38834698' action='modify'>
    <nd ref='-181815095' />
    <nd ref='-181815128' />
    <tag k='type' v='straight' />
  </way>
  <way id='-38834699' action='modify'>
    <nd ref='-181815127' />
    <nd ref='-181815131' />
    <tag k='type' v='straight' />
  </way>
  <way id='-38834700' action='modify'>
    <nd ref='-181815131' />
    <nd ref='-181815134' />
  </way>
  <way id='-38834701' action='modify'>
    <nd ref='-181815134' />
    <nd ref='-181815135' />
    <tag k='type' v='straight' />
  </way>
  <way id='-38834702' action='modify'>
    <nd ref='-181815135' />
    <nd ref='-181815132' />
  </way>
  <way id='-38834703' action='modify'>
    <nd ref='-181815137' />
    <nd ref='-181815138' />
    <nd ref='-181815139' />
    <nd ref='-181815140' />
    <nd ref='-181815144' />
    <nd ref='-181815143' />
    <nd ref='-181815141' />
  </way>
  <way id='-38834704' action='modify'>
    <nd ref='-181815132' />
    <nd ref='-181815133' />
    <tag k='type' v='straight' />
  </way>
  <way id='-38834705' action='modify'>
    <nd ref='-181815133' />
    <nd ref='-181815136' />
  </way>
  <way id='-38834706' action='modify'>
    <nd ref='-181815136' />
    <nd ref='-181815137' />
    <tag k='type' v='straight' />
  </way>
  <way id='-38834707' action='modify'>
    <nd ref='-181815141' />
    <nd ref='-181815142' />
    <tag k='type' v='straight' />
  </way>
  <way id='-38834708' action='modify'>
    <nd ref='-181814968' />
    <nd ref='-181815168' />
    <nd ref='-181815145' />
    <tag k='type' v='straight' />
  </way>
  <way id='-38834709' action='modify'>
    <nd ref='-181815145' />
    <nd ref='-181815146' />
  </way>
  <way id='-38834710' action='modify'>
    <nd ref='-181815146' />
    <nd ref='-181815147' />
    <tag k='type' v='straight' />
  </way>
  <way id='-38834711' action='modify'>
    <nd ref='-181815147' />
    <nd ref='-181815151' />
  </way>
  <way id='-38834712' action='modify'>
    <nd ref='-181815151' />
    <nd ref='-181815150' />
    <tag k='type' v='straight' />
  </way>
  <way id='-38834713' action='modify'>
    <nd ref='-181815150' />
    <nd ref='-181815148' />
  </way>
  <way id='-38834714' action='modify'>
    <nd ref='-181815148' />
    <nd ref='-181815149' />
    <tag k='type' v='straight' />
  </way>
  <way id='-38834715' action='modify'>
    <nd ref='-181815149' />
    <nd ref='-181815152' />
  </way>
  <way id='-38834716' action='modify'>
    <nd ref='-181815152' />
    <nd ref='-181815153' />
    <tag k='type' v='straight' />
  </way>
  <way id='-38834717' action='modify'>
    <nd ref='-181815153' />
    <nd ref='-181815154' />
  </way>
  <way id='-38834718' action='modify'>
    <nd ref='-181815154' />
    <nd ref='-181815155' />
    <tag k='type' v='straight' />
  </way>
  <way id='-38834719' action='modify'>
    <nd ref='-181815155' />
    <nd ref='-181815156' />
  </way>
  <way id='-38834720' action='modify'>
    <nd ref='-181815156' />
    <nd ref='-181815157' />
    <tag k='type' v='straight' />
  </way>
  <way id='-38834721' action='modify'>
    <nd ref='-181815157' />
    <nd ref='-181815158' />
  </way>
  <way id='-38834722' action='modify'>
    <nd ref='-181815158' />
    <nd ref='-181815159' />
    <tag k='type' v='straight' />
  </way>
  <way id='-38834723' action='modify'>
    <nd ref='-181815159' />
    <nd ref='-181815160' />
  </way>
  <way id='-38834724' action='modify'>
    <nd ref='-181815160' />
    <nd ref='-181815161' />
    <tag k='type' v='straight' />
  </way>
  <way id='-38834725' action='modify'>
    <nd ref='-181815161' />
    <nd ref='-181815162' />
  </way>
  <way id='-38834726' action='modify'>
    <nd ref='-181815162' />
    <nd ref='-181815163' />
    <tag k='type' v='straight' />
  </way>
  <way id='-38834727' action='modify'>
    <nd ref='-181815163' />
    <nd ref='-181815164' />
  </way>
  <way id='-38834728' action='modify'>
    <nd ref='-181815164' />
    <nd ref='-181815165' />
    <tag k='type' v='straight' />
  </way>
  <way id='-38834729' action='modify'>
    <nd ref='-181815165' />
    <nd ref='-181815166' />
  </way>
  <way id='-38834730' action='modify'>
    <nd ref='-181815166' />
    <nd ref='-181815167' />
    <tag k='type' v='straight' />
  </way>
  <way id='-38834731' action='modify'>
    <nd ref='-181815167' />
    <nd ref='-181815058' />
  </way>
  <way id='-38834732' action='modify'>
    <nd ref='-181815168' />
    <nd ref='-181815169' />
    <tag k='type' v='straight' />
  </way>
  <way id='-38834733' action='modify'>
    <nd ref='-181815169' />
    <nd ref='-181815170' />
  </way>
  <way id='-38834734' action='modify'>
    <nd ref='-181815170' />
    <nd ref='-181815181' />
    <nd ref='-181815171' />
    <tag k='type' v='straight' />
  </way>
  <way id='-38834735' action='modify'>
    <nd ref='-181815171' />
    <nd ref='-181815175' />
    <nd ref='-181815174' />
    <nd ref='-181815176' />
    <nd ref='-181815172' />
  </way>
  <way id='-38834736' action='modify'>
    <nd ref='-181815172' />
    <nd ref='-181815173' />
    <tag k='type' v='straight' />
  </way>
  <way id='-38834737' action='modify'>
    <nd ref='-181815173' />
    <nd ref='-181815178' />
    <nd ref='-181815180' />
    <nd ref='-181815179' />
  </way>
  <way id='-38834738' action='modify'>
    <nd ref='-181815179' />
    <nd ref='-181815177' />
    <tag k='type' v='straight' />
  </way>
  <way id='-38834739' action='modify'>
    <nd ref='-181815190' />
    <nd ref='-181815191' />
  </way>
  <way id='-38834740' action='modify'>
    <nd ref='-181815154' />
    <nd ref='-181815182' />
    <tag k='type' v='straight' />
  </way>
  <way id='-38834741' action='modify'>
    <nd ref='-181815182' />
    <nd ref='-181815183' />
  </way>
  <way id='-38834742' action='modify'>
    <nd ref='-181815183' />
    <nd ref='-181815184' />
    <tag k='type' v='straight' />
  </way>
  <way id='-38834743' action='modify'>
    <nd ref='-181815184' />
    <nd ref='-181815185' />
  </way>
  <way id='-38834744' action='modify'>
    <nd ref='-181815185' />
    <nd ref='-181815199' />
    <tag k='type' v='straight' />
  </way>
  <way id='-38834745' action='modify'>
    <nd ref='-181815199' />
    <nd ref='-181815186' />
    <tag k='type' v='straight' />
  </way>
  <way id='-38834746' action='modify'>
    <nd ref='-181815186' />
    <nd ref='-181815187' />
  </way>
  <way id='-38834747' action='modify'>
    <nd ref='-181815187' />
    <nd ref='-181815188' />
    <tag k='type' v='straight' />
  </way>
  <way id='-38834748' action='modify'>
    <nd ref='-181815188' />
    <nd ref='-181815189' />
  </way>
  <way id='-38834749' action='modify'>
    <nd ref='-181815189' />
    <nd ref='-181815190' />
    <tag k='type' v='straight' />
  </way>
  <way id='-38834750' action='modify'>
    <nd ref='-181815191' />
    <nd ref='-181815192' />
    <tag k='type' v='straight' />
  </way>
  <way id='-38834751' action='modify'>
    <nd ref='-181815192' />
    <nd ref='-181815193' />
  </way>
  <way id='-38834752' action='modify'>
    <nd ref='-181815193' />
    <nd ref='-181815194' />
    <tag k='type' v='straight' />
  </way>
  <way id='-38834753' action='modify'>
    <nd ref='-181815194' />
    <nd ref='-181815195' />
  </way>
  <way id='-38834754' action='modify'>
    <nd ref='-181815195' />
    <nd ref='-181815196' />
    <tag k='type' v='straight' />
  </way>
  <way id='-38834755' action='modify'>
    <nd ref='-181815196' />
    <nd ref='-181815200' />
    <nd ref='-181815201' />
    <nd ref='-181815197' />
  </way>
  <way id='-38834756' action='modify'>
    <nd ref='-181815197' />
    <nd ref='-181815198' />
    <tag k='type' v='straight' />
  </way>
  <way id='-38834757' action='modify'>
    <nd ref='-181815156' />
    <nd ref='-181815202' />
  </way>
  <way id='-38834758' action='modify'>
    <nd ref='-181815202' />
    <nd ref='-181815203' />
  </way>
  <way id='-38834759' action='modify'>
    <nd ref='-181815203' />
    <nd ref='-181815204' />
  </way>
  <way id='-38834760' action='modify'>
    <nd ref='-181815204' />
    <nd ref='-181815199' />
  </way>
  <way id='-38834761' action='modify'>
    <nd ref='-181815209' />
    <nd ref='-181815206' />
    <nd ref='-181815207' />
    <tag k='type' v='straight' />
  </way>
  <way id='-38834762' action='modify'>
    <nd ref='-181815228' />
    <nd ref='-181815229' />
    <nd ref='-181815230' />
  </way>
  <way id='-38834763' action='modify'>
    <nd ref='-181815157' />
    <nd ref='-181815211' />
    <tag k='type' v='straight' />
  </way>
  <way id='-38834764' action='modify'>
    <nd ref='-181815211' />
    <nd ref='-181815212' />
  </way>
  <way id='-38834765' action='modify'>
    <nd ref='-181815212' />
    <nd ref='-181815213' />
    <tag k='type' v='straight' />
  </way>
  <way id='-38834766' action='modify'>
    <nd ref='-181815213' />
    <nd ref='-181815205' />
  </way>
  <way id='-38834767' action='modify'>
    <nd ref='-181815205' />
    <nd ref='-181815210' />
    <tag k='type' v='straight' />
  </way>
  <way id='-38834768' action='modify'>
    <nd ref='-181815210' />
    <nd ref='-181815209' />
  </way>
  <way id='-38834769' action='modify'>
    <nd ref='-181815207' />
    <nd ref='-181815226' />
    <nd ref='-181815224' />
  </way>
  <way id='-38834770' action='modify'>
    <nd ref='-181815224' />
    <nd ref='-181815225' />
    <tag k='type' v='straight' />
  </way>
  <way id='-38834771' action='modify'>
    <nd ref='-181815225' />
    <nd ref='-181815223' />
  </way>
  <way id='-38834772' action='modify'>
    <nd ref='-181815223' />
    <nd ref='-181815222' />
    <tag k='type' v='straight' />
  </way>
  <way id='-38834773' action='modify'>
    <nd ref='-181815222' />
    <nd ref='-181815221' />
  </way>
  <way id='-38834774' action='modify'>
    <nd ref='-181815221' />
    <nd ref='-181815220' />
    <tag k='type' v='straight' />
  </way>
  <way id='-38834775' action='modify'>
    <nd ref='-181815220' />
    <nd ref='-181815219' />
  </way>
  <way id='-38834776' action='modify'>
    <nd ref='-181815219' />
    <nd ref='-181815218' />
    <tag k='type' v='straight' />
  </way>
  <way id='-38834777' action='modify'>
    <nd ref='-181815218' />
    <nd ref='-181815214' />
  </way>
  <way id='-38834778' action='modify'>
    <nd ref='-181815214' />
    <nd ref='-181815215' />
    <tag k='type' v='straight' />
  </way>
  <way id='-38834779' action='modify'>
    <nd ref='-181815215' />
    <nd ref='-181815216' />
  </way>
  <way id='-38834780' action='modify'>
    <nd ref='-181815216' />
    <nd ref='-181815217' />
    <tag k='type' v='straight' />
  </way>
  <way id='-38834781' action='modify'>
    <nd ref='-181815206' />
    <nd ref='-181815208' />
    <tag k='type' v='straight' />
  </way>
  <way id='-38834782' action='modify'>
    <nd ref='-181815208' />
    <nd ref='-181815227' />
  </way>
  <way id='-38834783' action='modify'>
    <nd ref='-181815227' />
    <nd ref='-181815228' />
    <tag k='type' v='straight' />
  </way>
  <way id='-38834784' action='modify'>
    <nd ref='-181815230' />
    <nd ref='-181815231' />
    <tag k='type' v='straight' />
  </way>
  <way id='-38834785' action='modify'>
    <nd ref='-181815233' />
    <nd ref='-181815234' />
    <nd ref='-181815235' />
  </way>
  <way id='-38834786' action='modify'>
    <nd ref='-181814961' />
    <nd ref='-181815232' />
  </way>
  <way id='-38834787' action='modify'>
    <nd ref='-181815232' />
    <nd ref='-181815233' />
    <tag k='type' v='straight' />
  </way>
  <way id='-38834788' action='modify'>
    <nd ref='-181815235' />
    <nd ref='-181815236' />
    <tag k='type' v='straight' />
  </way>
  <way id='-38834789' action='modify'>
    <nd ref='-181815236' />
    <nd ref='-181815237' />
  </way>
  <way id='-38834790' action='modify'>
    <nd ref='-181815237' />
    <nd ref='-181815238' />
    <tag k='type' v='straight' />
  </way>
  <way id='-38834791' action='modify'>
    <nd ref='-181815238' />
    <nd ref='-181815239' />
  </way>
  <way id='-38834792' action='modify'>
    <nd ref='-181815239' />
    <nd ref='-181815240' />
    <tag k='type' v='straight' />
  </way>
  <way id='-38834793' action='modify'>
    <nd ref='-181815240' />
    <nd ref='-181815217' />
  </way>
  <way id='-38834794' action='modify'>
    <nd ref='-181815026' />
    <nd ref='-181815025' />
    <tag k='type' v='straight' />
  </way>
  <way id='-38834795' action='modify'>
    <nd ref='-181815025' />
    <nd ref='-181815245' />
  </way>
  <way id='-38834796' action='modify'>
    <nd ref='-181815245' />
    <nd ref='-181815246' />
    <tag k='type' v='straight' />
  </way>
  <way id='-38834797' action='modify'>
    <nd ref='-181815246' />
    <nd ref='-181815250' />
    <nd ref='-181815249' />
  </way>
  <way id='-38834798' action='modify'>
    <nd ref='-181815249' />
    <nd ref='-181815247' />
    <tag k='type' v='straight' />
  </way>
  <way id='-38834799' action='modify'>
    <nd ref='-181815248' />
    <nd ref='-181815251' />
  </way>
  <way id='-38834800' action='modify'>
    <nd ref='-181815242' />
    <nd ref='-181815243' />
  </way>
  <way id='-38834801' action='modify'>
    <nd ref='-181815257' />
    <nd ref='-181815260' />
    <nd ref='-181815261' />
    <nd ref='-181815258' />
  </way>
  <way id='-38834802' action='modify'>
    <nd ref='-181815317' />
    <nd ref='-181815322' />
    <nd ref='-181815318' />
  </way>
  <way id='-38834803' action='modify'>
    <nd ref='-181815243' />
    <nd ref='-181815244' />
    <tag k='type' v='straight' />
  </way>
  <way id='-38834804' action='modify'>
    <nd ref='-181815244' />
    <nd ref='-181815252' />
  </way>
  <way id='-38834805' action='modify'>
    <nd ref='-181815252' />
    <nd ref='-181815255' />
    <nd ref='-181815253' />
    <tag k='type' v='straight' />
  </way>
  <way id='-38834806' action='modify'>
    <nd ref='-181815253' />
    <nd ref='-181815256' />
  </way>
  <way id='-38834807' action='modify'>
    <nd ref='-181815256' />
    <nd ref='-181815257' />
    <tag k='type' v='straight' />
  </way>
  <way id='-38834808' action='modify'>
    <nd ref='-181815258' />
    <nd ref='-181815259' />
    <tag k='type' v='straight' />
  </way>
  <way id='-38834809' action='modify'>
    <nd ref='-181815259' />
    <nd ref='-181815262' />
  </way>
  <way id='-38834810' action='modify'>
    <nd ref='-181815262' />
    <nd ref='-181815263' />
    <tag k='type' v='straight' />
  </way>
  <way id='-38834811' action='modify'>
    <nd ref='-181815263' />
    <nd ref='-181815267' />
    <nd ref='-181815266' />
    <nd ref='-181815264' />
  </way>
  <way id='-38834812' action='modify'>
    <nd ref='-181815270' />
    <nd ref='-181815272' />
    <nd ref='-181815271' />
    <tag k='type' v='straight' />
  </way>
  <way id='-38834813' action='modify'>
    <nd ref='-181815268' />
    <nd ref='-181815269' />
    <tag k='type' v='straight' />
  </way>
  <way id='-38834814' action='modify'>
    <nd ref='-181815264' />
    <nd ref='-181815265' />
    <tag k='type' v='straight' />
  </way>
  <way id='-38834815' action='modify'>
    <nd ref='-181815265' />
    <nd ref='-181815270' />
  </way>
  <way id='-38834816' action='modify'>
    <nd ref='-181815271' />
    <nd ref='-181815273' />
  </way>
  <way id='-38834817' action='modify'>
    <nd ref='-181815273' />
    <nd ref='-181815274' />
    <tag k='type' v='straight' />
  </way>
  <way id='-38834818' action='modify'>
    <nd ref='-181815274' />
    <nd ref='-181815268' />
  </way>
  <way id='-38834819' action='modify'>
    <nd ref='-181815247' />
    <nd ref='-181815277' />
    <nd ref='-181815275' />
  </way>
  <way id='-38834820' action='modify'>
    <nd ref='-181815247' />
    <nd ref='-181815248' />
    <tag k='type' v='straight' />
  </way>
  <way id='-38834821' action='modify'>
    <nd ref='-181815276' />
    <nd ref='-181815278' />
    <nd ref='-181815279' />
    <nd ref='-181815280' />
    <nd ref='-181815281' />
  </way>
  <way id='-38834822' action='modify'>
    <nd ref='-181815275' />
    <nd ref='-181815276' />
    <tag k='type' v='straight' />
  </way>
  <way id='-38834823' action='modify'>
    <nd ref='-181815281' />
    <nd ref='-181815282' />
    <tag k='type' v='straight' />
  </way>
  <way id='-38834824' action='modify'>
    <nd ref='-181815282' />
    <nd ref='-181815283' />
  </way>
  <way id='-38834825' action='modify'>
    <nd ref='-181815285' />
    <nd ref='-181815286' />
    <tag k='type' v='straight' />
  </way>
  <way id='-38834826' action='modify'>
    <nd ref='-181815283' />
    <nd ref='-181815284' />
    <tag k='type' v='straight' />
  </way>
  <way id='-38834827' action='modify'>
    <nd ref='-181815284' />
    <nd ref='-181815285' />
  </way>
  <way id='-38834828' action='modify'>
    <nd ref='-181815286' />
    <nd ref='-181815142' />
  </way>
  <way id='-38834829' action='modify'>
    <nd ref='-181814951' />
    <nd ref='-181815288' />
    <tag k='type' v='straight' />
  </way>
  <way id='-38834830' action='modify'>
    <nd ref='-181815288' />
    <nd ref='-181815289' />
  </way>
  <way id='-38834831' action='modify'>
    <nd ref='-181815289' />
    <nd ref='-181815290' />
    <tag k='type' v='straight' />
  </way>
  <way id='-38834832' action='modify'>
    <nd ref='-181815290' />
    <nd ref='-181815291' />
    <nd ref='-181815287' />
  </way>
  <way id='-38834833' action='modify'>
    <nd ref='-181815287' />
    <nd ref='-181815248' />
    <tag k='type' v='straight' />
  </way>
  <way id='-38834834' action='modify'>
    <nd ref='-181815295' />
    <nd ref='-181815293' />
    <nd ref='-181815294' />
    <tag k='type' v='straight' />
  </way>
  <way id='-38834835' action='modify'>
    <nd ref='-181815031' />
    <nd ref='-181815292' />
    <tag k='type' v='straight' />
  </way>
  <way id='-38834836' action='modify'>
    <nd ref='-181815292' />
    <nd ref='-181815295' />
  </way>
  <way id='-38834837' action='modify'>
    <nd ref='-181815294' />
    <nd ref='-181815299' />
    <nd ref='-181815296' />
  </way>
  <way id='-38834838' action='modify'>
    <nd ref='-181815296' />
    <nd ref='-181815297' />
    <tag k='type' v='straight' />
  </way>
  <way id='-38834839' action='modify'>
    <nd ref='-181815297' />
    <nd ref='-181815298' />
  </way>
  <way id='-38834840' action='modify'>
    <nd ref='-181815298' />
    <nd ref='-181815272' />
    <tag k='type' v='straight' />
  </way>
  <way id='-38834841' action='modify'>
    <nd ref='-181815301' />
    <nd ref='-181815302' />
    <nd ref='-181815303' />
    <tag k='type' v='straight' />
  </way>
  <way id='-38834842' action='modify'>
    <nd ref='-181815293' />
    <nd ref='-181815300' />
    <tag k='type' v='straight' />
  </way>
  <way id='-38834843' action='modify'>
    <nd ref='-181815300' />
    <nd ref='-181815301' />
  </way>
  <way id='-38834844' action='modify'>
    <nd ref='-181815303' />
    <nd ref='-181815304' />
  </way>
  <way id='-38834845' action='modify'>
    <nd ref='-181815304' />
    <nd ref='-181815305' />
    <tag k='type' v='straight' />
  </way>
  <way id='-38834846' action='modify'>
    <nd ref='-181815305' />
    <nd ref='-181815307' />
    <nd ref='-181815306' />
  </way>
  <way id='-38834847' action='modify'>
    <nd ref='-181815306' />
    <nd ref='-181815241' />
    <tag k='type' v='straight' />
  </way>
  <way id='-38834848' action='modify'>
    <nd ref='-181814954' />
    <nd ref='-181815308' />
    <tag k='type' v='straight' />
  </way>
  <way id='-38834849' action='modify'>
    <nd ref='-181815308' />
    <nd ref='-181815309' />
  </way>
  <way id='-38834850' action='modify'>
    <nd ref='-181815309' />
    <nd ref='-181815310' />
    <tag k='type' v='straight' />
  </way>
  <way id='-38834851' action='modify'>
    <nd ref='-181815310' />
    <nd ref='-181815311' />
  </way>
  <way id='-38834852' action='modify'>
    <nd ref='-181815311' />
    <nd ref='-181815312' />
    <tag k='type' v='straight' />
  </way>
  <way id='-38834853' action='modify'>
    <nd ref='-181815312' />
    <nd ref='-181815313' />
  </way>
  <way id='-38834854' action='modify'>
    <nd ref='-181815313' />
    <nd ref='-181815302' />
    <tag k='type' v='straight' />
  </way>
  <way id='-38834855' action='modify'>
    <nd ref='-181815255' />
    <nd ref='-181815254' />
    <tag k='type' v='straight' />
  </way>
  <way id='-38834856' action='modify'>
    <nd ref='-181815254' />
    <nd ref='-181815314' />
  </way>
  <way id='-38834857' action='modify'>
    <nd ref='-181815314' />
    <nd ref='-181815315' />
    <tag k='type' v='straight' />
  </way>
  <way id='-38834858' action='modify'>
    <nd ref='-181815315' />
    <nd ref='-181815316' />
  </way>
  <way id='-38834859' action='modify'>
    <nd ref='-181815316' />
    <nd ref='-181815317' />
    <tag k='type' v='straight' />
  </way>
  <way id='-38834860' action='modify'>
    <nd ref='-181815318' />
    <nd ref='-181815319' />
    <tag k='type' v='straight' />
  </way>
  <way id='-38834861' action='modify'>
    <nd ref='-181815319' />
    <nd ref='-181815320' />
  </way>
  <way id='-38834862' action='modify'>
    <nd ref='-181815321' />
    <nd ref='-181815326' />
    <nd ref='-181815325' />
    <nd ref='-181815323' />
  </way>
  <way id='-38834863' action='modify'>
    <nd ref='-181815320' />
    <nd ref='-181815321' />
    <tag k='type' v='straight' />
  </way>
  <way id='-38834864' action='modify'>
    <nd ref='-181815324' />
    <nd ref='-181815327' />
    <nd ref='-181815328' />
  </way>
  <way id='-38834865' action='modify'>
    <nd ref='-181815323' />
    <nd ref='-181815324' />
    <tag k='type' v='straight' />
  </way>
  <way id='-38834866' action='modify'>
    <nd ref='-181815328' />
    <nd ref='-181815329' />
    <tag k='type' v='straight' />
  </way>
  <way id='-38834867' action='modify'>
    <nd ref='-181815329' />
    <nd ref='-181815330' />
  </way>
  <way id='-38834868' action='modify'>
    <nd ref='-181815330' />
    <nd ref='-181815331' />
    <tag k='type' v='straight' />
  </way>
  <way id='-38834869' action='modify'>
    <nd ref='-181815334' />
    <nd ref='-181815335' />
    <nd ref='-181815337' />
    <nd ref='-181815336' />
  </way>
  <way id='-38834870' action='modify'>
    <nd ref='-181815318' />
    <nd ref='-181815332' />
    <tag k='type' v='straight' />
  </way>
  <way id='-38834871' action='modify'>
    <nd ref='-181815332' />
    <nd ref='-181815333' />
  </way>
  <way id='-38834872' action='modify'>
    <nd ref='-181815333' />
    <nd ref='-181815334' />
    <tag k='type' v='straight' />
  </way>
  <way id='-38834873' action='modify'>
    <nd ref='-181815336' />
    <nd ref='-181815272' />
    <tag k='type' v='straight' />
  </way>
  <way id='-38834874' action='modify'>
    <nd ref='-181815031' />
    <nd ref='-181815338' />
    <tag k='type' v='straight' />
  </way>
  <way id='-38834875' action='modify'>
    <nd ref='-181815338' />
    <nd ref='-181815339' />
  </way>
  <way id='-38834876' action='modify'>
    <nd ref='-181815339' />
    <nd ref='-181815340' />
    <tag k='type' v='straight' />
  </way>
  <way id='-38834877' action='modify'>
    <nd ref='-181815340' />
    <nd ref='-181815341' />
  </way>
  <way id='-38834878' action='modify'>
    <nd ref='-181815341' />
    <nd ref='-181815342' />
    <tag k='type' v='straight' />
  </way>
  <way id='-38834879' action='modify'>
    <nd ref='-181815340' />
    <nd ref='-181815343' />
  </way>
  <way id='-38834880' action='modify'>
    <nd ref='-181815343' />
    <nd ref='-181815344' />
    <tag k='type' v='straight' />
  </way>
  <way id='-38834881' action='modify'>
    <nd ref='-181815344' />
    <nd ref='-181815345' />
  </way>
  <way id='-38834882' action='modify'>
    <nd ref='-181815345' />
    <nd ref='-181815346' />
    <tag k='type' v='straight' />
  </way>
  <way id='-38834883' action='modify'>
    <nd ref='-181815352' />
    <nd ref='-181815353' />
    <nd ref='-181815354' />
    <nd ref='-181815355' />
  </way>
  <way id='-38834884' action='modify'>
    <nd ref='-181815348' />
    <nd ref='-181815347' />
    <tag k='type' v='straight' />
  </way>
  <way id='-38834885' action='modify'>
    <nd ref='-181815347' />
    <nd ref='-181815349' />
  </way>
  <way id='-38834886' action='modify'>
    <nd ref='-181815349' />
    <nd ref='-181815350' />
    <tag k='type' v='straight' />
  </way>
  <way id='-38834887' action='modify'>
    <nd ref='-181815350' />
    <nd ref='-181815351' />
  </way>
  <way id='-38834888' action='modify'>
    <nd ref='-181815351' />
    <nd ref='-181815352' />
    <tag k='type' v='straight' />
  </way>
  <way id='-38834889' action='modify'>
    <nd ref='-181815355' />
    <nd ref='-181815356' />
    <tag k='type' v='straight' />
  </way>
  <way id='-38834890' action='modify'>
    <nd ref='-181815111' />
    <nd ref='-181815357' />
    <tag k='type' v='straight' />
  </way>
  <way id='-38834891' action='modify'>
    <nd ref='-181815357' />
    <nd ref='-181815358' />
  </way>
  <way id='-38834892' action='modify'>
    <nd ref='-181815358' />
    <nd ref='-181815359' />
    <tag k='type' v='straight' />
  </way>
  <way id='-38834893' action='modify'>
    <nd ref='-181815359' />
    <nd ref='-181815360' />
  </way>
  <way id='-38834894' action='modify'>
    <nd ref='-181815360' />
    <nd ref='-181815361' />
    <tag k='type' v='straight' />
  </way>
  <way id='-38834895' action='modify'>
    <nd ref='-181815361' />
    <nd ref='-181815362' />
  </way>
  <way id='-38834896' action='modify'>
    <nd ref='-181815362' />
    <nd ref='-181815363' />
    <tag k='type' v='straight' />
  </way>
  <way id='-38834897' action='modify'>
    <nd ref='-181815363' />
    <nd ref='-181815364' />
  </way>
  <way id='-38834898' action='modify'>
    <nd ref='-181815364' />
    <nd ref='-181815365' />
    <tag k='type' v='straight' />
  </way>
  <way id='-38834899' action='modify'>
    <nd ref='-181815358' />
    <nd ref='-181815366' />
    <tag k='type' v='straight' />
  </way>
  <way id='-38834900' action='modify'>
    <nd ref='-181815366' />
    <nd ref='-181815367' />
  </way>
  <way id='-38834901' action='modify'>
    <nd ref='-181815367' />
    <nd ref='-181815368' />
    <tag k='type' v='straight' />
  </way>
  <way id='-38834902' action='modify'>
    <nd ref='-181815368' />
    <nd ref='-181815369' />
  </way>
  <way id='-38834903' action='modify'>
    <nd ref='-181815369' />
    <nd ref='-181815370' />
    <tag k='type' v='straight' />
  </way>
  <way id='-38834904' action='modify'>
    <nd ref='-181815072' />
    <nd ref='-181815371' />
    <tag k='type' v='straight' />
  </way>
  <way id='-38834905' action='modify'>
    <nd ref='-181815371' />
    <nd ref='-181815372' />
  </way>
  <way id='-38834906' action='modify'>
    <nd ref='-181815372' />
    <nd ref='-181815377' />
    <tag k='type' v='straight' />
  </way>
  <way id='-38834907' action='modify'>
    <nd ref='-181815377' />
    <nd ref='-181815376' />
  </way>
  <way id='-38834908' action='modify'>
    <nd ref='-181815376' />
    <nd ref='-181815375' />
    <tag k='type' v='straight' />
  </way>
  <way id='-38834909' action='modify'>
    <nd ref='-181815375' />
    <nd ref='-181815373' />
  </way>
  <way id='-38834910' action='modify'>
    <nd ref='-181815373' />
    <nd ref='-181815374' />
    <tag k='type' v='straight' />
  </way>
  <way id='-38834911' action='modify'>
    <nd ref='-181815373' />
    <nd ref='-181815378' />
    <tag k='type' v='straight' />
  </way>
  <way id='-38834912' action='modify'>
    <nd ref='-181815378' />
    <nd ref='-181815379' />
  </way>
  <way id='-38834913' action='modify'>
    <nd ref='-181815379' />
    <nd ref='-181815380' />
    <tag k='type' v='straight' />
  </way>
  <way id='-38834914' action='modify'>
    <nd ref='-181815382' />
    <nd ref='-181815381' />
    <tag k='type' v='straight' />
  </way>
  <way id='-38834915' action='modify'>
    <nd ref='-181815381' />
    <nd ref='-181815383' />
  </way>
  <way id='-38834916' action='modify'>
    <nd ref='-181815383' />
    <nd ref='-181815384' />
    <tag k='type' v='straight' />
  </way>
  <way id='-38834917' action='modify'>
    <nd ref='-181815384' />
    <nd ref='-181815385' />
  </way>
  <way id='-38834918' action='modify'>
    <nd ref='-181815385' />
    <nd ref='-181815386' />
    <tag k='type' v='straight' />
  </way>
  <way id='-38834919' action='modify'>
    <nd ref='-181815386' />
    <nd ref='-181815387' />
  </way>
  <way id='-38834920' action='modify'>
    <nd ref='-181815387' />
    <nd ref='-181815388' />
    <tag k='type' v='straight' />
  </way>
  <way id='-38834921' action='modify'>
    <nd ref='-181815388' />
    <nd ref='-181815389' />
  </way>
  <way id='-38834922' action='modify'>
    <nd ref='-181815389' />
    <nd ref='-181815390' />
    <tag k='type' v='straight' />
  </way>
  <way id='-38834923' action='modify'>
    <nd ref='-181815391' />
    <nd ref='-181815392' />
    <tag k='type' v='straight' />
  </way>
  <way id='-38834924' action='modify'>
    <nd ref='-181815398' />
    <nd ref='-181814994' />
    <tag k='type' v='straight' />
  </way>
  <way id='-38834925' action='modify'>
    <nd ref='-181814994' />
    <nd ref='-181815411' />
    <nd ref='-181814995' />
  </way>
  <way id='-38834926' action='modify'>
    <nd ref='-181814994' />
    <nd ref='-181815399' />
    <tag k='type' v='straight' />
  </way>
  <way id='-38834927' action='modify'>
    <nd ref='-181815392' />
    <nd ref='-181815393' />
  </way>
  <way id='-38834928' action='modify'>
    <nd ref='-181815393' />
    <nd ref='-181815394' />
    <tag k='type' v='straight' />
  </way>
  <way id='-38834929' action='modify'>
    <nd ref='-181815394' />
    <nd ref='-181815395' />
  </way>
  <way id='-38834930' action='modify'>
    <nd ref='-181815395' />
    <nd ref='-181815396' />
    <tag k='type' v='straight' />
  </way>
  <way id='-38834931' action='modify'>
    <nd ref='-181815396' />
    <nd ref='-181815397' />
  </way>
  <way id='-38834932' action='modify'>
    <nd ref='-181815397' />
    <nd ref='-181815398' />
    <tag k='type' v='straight' />
  </way>
  <way id='-38834933' action='modify'>
    <nd ref='-181815399' />
    <nd ref='-181815400' />
  </way>
  <way id='-38834934' action='modify'>
    <nd ref='-181815400' />
    <nd ref='-181815401' />
    <tag k='type' v='straight' />
  </way>
  <way id='-38834935' action='modify'>
    <nd ref='-181815401' />
    <nd ref='-181815402' />
  </way>
  <way id='-38834936' action='modify'>
    <nd ref='-181815402' />
    <nd ref='-181815403' />
    <tag k='type' v='straight' />
  </way>
  <way id='-38834937' action='modify'>
    <nd ref='-181814994' />
    <nd ref='-181815404' />
    <tag k='type' v='straight' />
  </way>
  <way id='-38834938' action='modify'>
    <nd ref='-181815404' />
    <nd ref='-181815405' />
  </way>
  <way id='-38834939' action='modify'>
    <nd ref='-181815405' />
    <nd ref='-181815406' />
    <tag k='type' v='straight' />
  </way>
  <way id='-38834940' action='modify'>
    <nd ref='-181815406' />
    <nd ref='-181815407' />
  </way>
  <way id='-38834941' action='modify'>
    <nd ref='-181815407' />
    <nd ref='-181815408' />
    <tag k='type' v='straight' />
  </way>
  <way id='-38834942' action='modify'>
    <nd ref='-181815408' />
    <nd ref='-181815409' />
  </way>
  <way id='-38834943' action='modify'>
    <nd ref='-181815409' />
    <nd ref='-181815410' />
    <tag k='type' v='straight' />
  </way>
  <way id='-38834944' action='modify'>
    <nd ref='-181815412' />
    <nd ref='-181815419' />
    <nd ref='-181815448' />
  </way>
  <way id='-38834945' action='modify'>
    <nd ref='-181815411' />
    <nd ref='-181815412' />
    <tag k='type' v='straight' />
  </way>
  <way id='-38834946' action='modify'>
    <nd ref='-181815447' />
    <nd ref='-181815436' />
    <nd ref='-181815417' />
    <tag k='type' v='straight' />
  </way>
  <way id='-38834947' action='modify'>
    <nd ref='-181815417' />
    <nd ref='-181815413' />
  </way>
  <way id='-38834948' action='modify'>
    <nd ref='-181815413' />
    <nd ref='-181815414' />
    <tag k='type' v='straight' />
  </way>
  <way id='-38834949' action='modify'>
    <nd ref='-181815414' />
    <nd ref='-181815425' />
    <nd ref='-181815454' />
    <nd ref='-181815415' />
  </way>
  <way id='-38834950' action='modify'>
    <nd ref='-181815429' />
    <nd ref='-181815430' />
    <nd ref='-181815431' />
    <nd ref='-181815432' />
    <nd ref='-181815433' />
  </way>
  <way id='-38834951' action='modify'>
    <nd ref='-181815418' />
    <nd ref='-181815420' />
    <tag k='type' v='straight' />
  </way>
  <way id='-38834952' action='modify'>
    <nd ref='-181815420' />
    <nd ref='-181815421' />
  </way>
  <way id='-38834953' action='modify'>
    <nd ref='-181815421' />
    <nd ref='-181815422' />
    <tag k='type' v='straight' />
  </way>
  <way id='-38834954' action='modify'>
    <nd ref='-181815422' />
    <nd ref='-181815423' />
  </way>
  <way id='-38834955' action='modify'>
    <nd ref='-181815423' />
    <nd ref='-181815424' />
    <tag k='type' v='straight' />
  </way>
  <way id='-38834956' action='modify'>
    <nd ref='-181815415' />
    <nd ref='-181815416' />
    <tag k='type' v='straight' />
  </way>
  <way id='-38834957' action='modify'>
    <nd ref='-181815416' />
    <nd ref='-181815426' />
  </way>
  <way id='-38834958' action='modify'>
    <nd ref='-181815426' />
    <nd ref='-181815427' />
    <tag k='type' v='straight' />
  </way>
  <way id='-38834959' action='modify'>
    <nd ref='-181815427' />
    <nd ref='-181815428' />
  </way>
  <way id='-38834960' action='modify'>
    <nd ref='-181815428' />
    <nd ref='-181815429' />
    <tag k='type' v='straight' />
  </way>
  <way id='-38834961' action='modify'>
    <nd ref='-181815433' />
    <nd ref='-181815434' />
    <tag k='type' v='straight' />
  </way>
  <way id='-38834962' action='modify'>
    <nd ref='-181815436' />
    <nd ref='-181815435' />
    <tag k='type' v='straight' />
  </way>
  <way id='-38834963' action='modify'>
    <nd ref='-181815435' />
    <nd ref='-181815437' />
  </way>
  <way id='-38834964' action='modify'>
    <nd ref='-181815437' />
    <nd ref='-181815438' />
    <tag k='type' v='straight' />
  </way>
  <way id='-38834965' action='modify'>
    <nd ref='-181815438' />
    <nd ref='-181815439' />
  </way>
  <way id='-38834966' action='modify'>
    <nd ref='-181815439' />
    <nd ref='-181815440' />
    <tag k='type' v='straight' />
  </way>
  <way id='-38834967' action='modify'>
    <nd ref='-181815440' />
    <nd ref='-181815441' />
  </way>
  <way id='-38834968' action='modify'>
    <nd ref='-181815441' />
    <nd ref='-181815442' />
    <tag k='type' v='straight' />
  </way>
  <way id='-38834969' action='modify'>
    <nd ref='-181815442' />
    <nd ref='-181815443' />
  </way>
  <way id='-38834970' action='modify'>
    <nd ref='-181815443' />
    <nd ref='-181815444' />
    <tag k='type' v='straight' />
  </way>
  <way id='-38834971' action='modify'>
    <nd ref='-181815444' />
    <nd ref='-181815445' />
  </way>
  <way id='-38834972' action='modify'>
    <nd ref='-181815445' />
    <nd ref='-181815432' />
    <tag k='type' v='straight' />
  </way>
  <way id='-38834973' action='modify'>
    <nd ref='-181815447' />
    <nd ref='-181815446' />
    <tag k='type' v='straight' />
  </way>
  <way id='-38834974' action='modify'>
    <nd ref='-181815448' />
    <nd ref='-181815418' />
    <tag k='type' v='straight' />
  </way>
  <way id='-38834975' action='modify'>
    <nd ref='-181815418' />
    <nd ref='-181815447' />
  </way>
  <way id='-38834976' action='modify'>
    <nd ref='-181815446' />
    <nd ref='-181815449' />
  </way>
  <way id='-38834977' action='modify'>
    <nd ref='-181815449' />
    <nd ref='-181815450' />
    <tag k='type' v='straight' />
  </way>
  <way id='-38834978' action='modify'>
    <nd ref='-181815450' />
    <nd ref='-181815451' />
    <tag k='type' v='straight' />
  </way>
  <way id='-38834979' action='modify'>
    <nd ref='-181815451' />
    <nd ref='-181815452' />
  </way>
  <way id='-38834980' action='modify'>
    <nd ref='-181815452' />
    <nd ref='-181815453' />
    <tag k='type' v='straight' />
  </way>
  <way id='-38834981' action='modify'>
    <nd ref='-181815463' />
    <nd ref='-181815465' />
    <nd ref='-181815464' />
  </way>
  <way id='-38834982' action='modify'>
    <nd ref='-181815454' />
    <nd ref='-181815455' />
    <tag k='type' v='straight' />
  </way>
  <way id='-38834983' action='modify'>
    <nd ref='-181815455' />
    <nd ref='-181815456' />
  </way>
  <way id='-38834984' action='modify'>
    <nd ref='-181815456' />
    <nd ref='-181815457' />
    <tag k='type' v='straight' />
  </way>
  <way id='-38834985' action='modify'>
    <nd ref='-181815457' />
    <nd ref='-181815458' />
  </way>
  <way id='-38834986' action='modify'>
    <nd ref='-181815458' />
    <nd ref='-181815459' />
    <tag k='type' v='straight' />
  </way>
  <way id='-38834987' action='modify'>
    <nd ref='-181815459' />
    <nd ref='-181815460' />
  </way>
  <way id='-38834988' action='modify'>
    <nd ref='-181815460' />
    <nd ref='-181815461' />
    <tag k='type' v='straight' />
  </way>
  <way id='-38834989' action='modify'>
    <nd ref='-181815461' />
    <nd ref='-181815462' />
  </way>
  <way id='-38834990' action='modify'>
    <nd ref='-181815462' />
    <nd ref='-181815463' />
    <tag k='type' v='straight' />
  </way>
  <way id='-38834991' action='modify'>
    <nd ref='-181815464' />
    <nd ref='-181815450' />
    <tag k='type' v='straight' />
  </way>
  <way id='-38834992' action='modify'>
    <nd ref='-181815466' />
    <nd ref='-181815467' />
    <tag k='type' v='straight' />
  </way>
  <way id='-38834993' action='modify'>
    <nd ref='-181815470' />
    <nd ref='-181815473' />
    <nd ref='-181815471' />
  </way>
  <way id='-38834994' action='modify'>
    <nd ref='-181815040' />
    <nd ref='-181815518' />
    <nd ref='-181815468' />
    <tag k='type' v='straight' />
  </way>
  <way id='-38834995' action='modify'>
    <nd ref='-181815468' />
    <nd ref='-181815469' />
  </way>
  <way id='-38834996' action='modify'>
    <nd ref='-181815469' />
    <nd ref='-181815482' />
    <tag k='type' v='straight' />
  </way>
  <way id='-38834997' action='modify'>
    <nd ref='-181815471' />
    <nd ref='-181815472' />
    <tag k='type' v='straight' />
  </way>
  <way id='-38834998' action='modify'>
    <nd ref='-181815472' />
    <nd ref='-181815474' />
    <tag k='type' v='straight' />
  </way>
  <way id='-38834999' action='modify'>
    <nd ref='-181815474' />
    <nd ref='-181815475' />
  </way>
  <way id='-38835000' action='modify'>
    <nd ref='-181815475' />
    <nd ref='-181815493' />
    <tag k='type' v='straight' />
  </way>
  <way id='-38835001' action='modify'>
    <nd ref='-181815478' />
    <nd ref='-181815481' />
    <nd ref='-181815479' />
  </way>
  <way id='-38835002' action='modify'>
    <nd ref='-181815482' />
    <nd ref='-181815470' />
    <tag k='type' v='straight' />
  </way>
  <way id='-38835003' action='modify'>
    <nd ref='-181815485' />
    <nd ref='-181815488' />
    <nd ref='-181815486' />
  </way>
  <way id='-38835004' action='modify'>
    <nd ref='-181814955' />
    <nd ref='-181815476' />
    <tag k='type' v='straight' />
  </way>
  <way id='-38835005' action='modify'>
    <nd ref='-181815476' />
    <nd ref='-181815477' />
  </way>
  <way id='-38835006' action='modify'>
    <nd ref='-181815477' />
    <nd ref='-181815478' />
    <tag k='type' v='straight' />
  </way>
  <way id='-38835007' action='modify'>
    <nd ref='-181815479' />
    <nd ref='-181815480' />
    <tag k='type' v='straight' />
  </way>
  <way id='-38835008' action='modify'>
    <nd ref='-181815480' />
    <nd ref='-181815482' />
  </way>
  <way id='-38835009' action='modify'>
    <nd ref='-181815470' />
    <nd ref='-181815483' />
    <tag k='type' v='straight' />
  </way>
  <way id='-38835010' action='modify'>
    <nd ref='-181815483' />
    <nd ref='-181815484' />
  </way>
  <way id='-38835011' action='modify'>
    <nd ref='-181815484' />
    <nd ref='-181815485' />
    <tag k='type' v='straight' />
  </way>
  <way id='-38835012' action='modify'>
    <nd ref='-181815486' />
    <nd ref='-181815487' />
    <tag k='type' v='straight' />
  </way>
  <way id='-38835013' action='modify'>
    <nd ref='-181815487' />
    <nd ref='-181815489' />
  </way>
  <way id='-38835014' action='modify'>
    <nd ref='-181815489' />
    <nd ref='-181815490' />
    <tag k='type' v='straight' />
  </way>
  <way id='-38835015' action='modify'>
    <nd ref='-181815490' />
    <nd ref='-181815491' />
  </way>
  <way id='-38835016' action='modify'>
    <nd ref='-181815491' />
    <nd ref='-181815492' />
    <tag k='type' v='straight' />
  </way>
  <way id='-38835017' action='modify'>
    <nd ref='-181815493' />
    <nd ref='-181815494' />
  </way>
  <way id='-38835018' action='modify'>
    <nd ref='-181815494' />
    <nd ref='-181815495' />
    <tag k='type' v='straight' />
  </way>
  <way id='-38835019' action='modify'>
    <nd ref='-181815495' />
    <nd ref='-181815496' />
  </way>
  <way id='-38835020' action='modify'>
    <nd ref='-181815496' />
    <nd ref='-181815497' />
    <tag k='type' v='straight' />
  </way>
  <way id='-38835021' action='modify'>
    <nd ref='-181815497' />
    <nd ref='-181815498' />
  </way>
  <way id='-38835022' action='modify'>
    <nd ref='-181815498' />
    <nd ref='-181815499' />
    <tag k='type' v='straight' />
  </way>
  <way id='-38835023' action='modify'>
    <nd ref='-181815499' />
    <nd ref='-181815507' />
    <nd ref='-181815508' />
    <nd ref='-181815500' />
  </way>
  <way id='-38835024' action='modify'>
    <nd ref='-181815500' />
    <nd ref='-181815501' />
    <tag k='type' v='straight' />
  </way>
  <way id='-38835025' action='modify'>
    <nd ref='-181815501' />
    <nd ref='-181815502' />
  </way>
  <way id='-38835026' action='modify'>
    <nd ref='-181815502' />
    <nd ref='-181815503' />
    <tag k='type' v='straight' />
  </way>
  <way id='-38835027' action='modify'>
    <nd ref='-181815503' />
    <nd ref='-181815504' />
  </way>
  <way id='-38835028' action='modify'>
    <nd ref='-181815504' />
    <nd ref='-181815505' />
    <tag k='type' v='straight' />
  </way>
  <way id='-38835029' action='modify'>
    <nd ref='-181815505' />
    <nd ref='-181815506' />
  </way>
  <way id='-38835030' action='modify'>
    <nd ref='-181815506' />
    <nd ref='-181814955' />
    <tag k='type' v='straight' />
  </way>
  <way id='-38835031' action='modify'>
    <nd ref='-181815472' />
    <nd ref='-181815509' />
    <tag k='type' v='straight' />
  </way>
  <way id='-38835032' action='modify'>
    <nd ref='-181815509' />
    <nd ref='-181815510' />
  </way>
  <way id='-38835033' action='modify'>
    <nd ref='-181815510' />
    <nd ref='-181815511' />
    <tag k='type' v='straight' />
  </way>
  <way id='-38835034' action='modify'>
    <nd ref='-181815511' />
    <nd ref='-181815512' />
  </way>
  <way id='-38835035' action='modify'>
    <nd ref='-181815512' />
    <nd ref='-181815513' />
    <tag k='type' v='straight' />
  </way>
  <way id='-38835036' action='modify'>
    <nd ref='-181815513' />
    <nd ref='-181815514' />
  </way>
  <way id='-38835037' action='modify'>
    <nd ref='-181815514' />
    <nd ref='-181815515' />
    <tag k='type' v='straight' />
  </way>
  <way id='-38835038' action='modify'>
    <nd ref='-181815515' />
    <nd ref='-181815516' />
  </way>
  <way id='-38835039' action='modify'>
    <nd ref='-181815516' />
    <nd ref='-181815489' />
    <tag k='type' v='straight' />
  </way>
  <way id='-38835040' action='modify'>
    <nd ref='-181815522' />
    <nd ref='-181815523' />
    <nd ref='-181815524' />
  </way>
  <way id='-38835041' action='modify'>
    <nd ref='-181815518' />
    <nd ref='-181815517' />
    <tag k='type' v='straight' />
  </way>
  <way id='-38835042' action='modify'>
    <nd ref='-181815517' />
    <nd ref='-181815519' />
  </way>
  <way id='-38835043' action='modify'>
    <nd ref='-181815519' />
    <nd ref='-181815520' />
    <tag k='type' v='straight' />
  </way>
  <way id='-38835044' action='modify'>
    <nd ref='-181815520' />
    <nd ref='-181815521' />
  </way>
  <way id='-38835045' action='modify'>
    <nd ref='-181815521' />
    <nd ref='-181815522' />
    <tag k='type' v='straight' />
  </way>
  <way id='-38835046' action='modify'>
    <nd ref='-181815524' />
    <nd ref='-181815525' />
    <tag k='type' v='straight' />
  </way>
  <way id='-38835047' action='modify'>
    <nd ref='-181815525' />
    <nd ref='-181815526' />
    <nd ref='-181815527' />
  </way>
  <way id='-38835048' action='modify'>
    <nd ref='-181815527' />
    <nd ref='-181815528' />
    <tag k='type' v='straight' />
  </way>
  <way id='-38835049' action='modify'>
    <nd ref='-181815528' />
    <nd ref='-181815529' />
    <nd ref='-181815530' />
  </way>
  <way id='-38835050' action='modify'>
    <nd ref='-181815530' />
    <nd ref='-181815531' />
    <tag k='type' v='straight' />
  </way>
  <way id='-38835051' action='modify'>
    <nd ref='-181815531' />
    <nd ref='-181815492' />
  </way>
  <way id='-38835052' action='modify'>
    <nd ref='-181815534' />
    <nd ref='-181815537' />
    <nd ref='-181815535' />
  </way>
  <way id='-38835053' action='modify'>
    <nd ref='-181815046' />
    <nd ref='-181815532' />
    <tag k='type' v='straight' />
  </way>
  <way id='-38835054' action='modify'>
    <nd ref='-181815532' />
    <nd ref='-181815533' />
  </way>
  <way id='-38835055' action='modify'>
    <nd ref='-181815533' />
    <nd ref='-181815534' />
    <tag k='type' v='straight' />
  </way>
  <way id='-38835056' action='modify'>
    <nd ref='-181815535' />
    <nd ref='-181815536' />
    <tag k='type' v='straight' />
  </way>
  <way id='-38835057' action='modify'>
    <nd ref='-181815536' />
    <nd ref='-181815540' />
    <nd ref='-181815538' />
  </way>
  <way id='-38835058' action='modify'>
    <nd ref='-181815538' />
    <nd ref='-181815539' />
    <tag k='type' v='straight' />
  </way>
  <way id='-38835059' action='modify'>
    <nd ref='-181815042' />
    <nd ref='-181815541' />
    <tag k='type' v='straight' />
  </way>
  <way id='-38835060' action='modify'>
    <nd ref='-181815541' />
    <nd ref='-181815542' />
  </way>
  <way id='-38835061' action='modify'>
    <nd ref='-181815542' />
    <nd ref='-181815543' />
    <tag k='type' v='straight' />
  </way>
  <way id='-38835062' action='modify'>
    <nd ref='-181815543' />
    <nd ref='-181815544' />
  </way>
  <way id='-38835063' action='modify'>
    <nd ref='-181815544' />
    <nd ref='-181815545' />
    <tag k='type' v='straight' />
  </way>
  <way id='-38835064' action='modify'>
    <nd ref='-181815545' />
    <nd ref='-181815546' />
  </way>
  <way id='-38835065' action='modify'>
    <nd ref='-181815546' />
    <nd ref='-181815547' />
    <tag k='type' v='straight' />
  </way>
  <way id='-38835066' action='modify'>
    <nd ref='-181815547' />
    <nd ref='-181815548' />
  </way>
  <way id='-38835067' action='modify'>
    <nd ref='-181815548' />
    <nd ref='-181815549' />
    <tag k='type' v='straight' />
  </way>
  <way id='-38835068' action='modify'>
    <nd ref='-181815560' />
    <nd ref='-181815584' />
    <nd ref='-181815561' />
    <tag k='type' v='straight' />
  </way>
  <way id='-38835069' action='modify'>
    <nd ref='-181815568' />
    <nd ref='-181815569' />
    <nd ref='-181815573' />
    <nd ref='-181815570' />
  </way>
  <way id='-38835070' action='modify'>
    <nd ref='-181815551' />
    <nd ref='-181815552' />
  </way>
  <way id='-38835071' action='modify'>
    <nd ref='-181815552' />
    <nd ref='-181815553' />
    <tag k='type' v='straight' />
  </way>
  <way id='-38835072' action='modify'>
    <nd ref='-181815553' />
    <nd ref='-181815554' />
  </way>
  <way id='-38835073' action='modify'>
    <nd ref='-181815554' />
    <nd ref='-181815555' />
    <tag k='type' v='straight' />
  </way>
  <way id='-38835074' action='modify'>
    <nd ref='-181815555' />
    <nd ref='-181815556' />
  </way>
  <way id='-38835075' action='modify'>
    <nd ref='-181815556' />
    <nd ref='-181815557' />
    <tag k='type' v='straight' />
  </way>
  <way id='-38835076' action='modify'>
    <nd ref='-181815557' />
    <nd ref='-181815558' />
  </way>
  <way id='-38835077' action='modify'>
    <nd ref='-181815558' />
    <nd ref='-181815559' />
    <tag k='type' v='straight' />
  </way>
  <way id='-38835078' action='modify'>
    <nd ref='-181815559' />
    <nd ref='-181815560' />
  </way>
  <way id='-38835079' action='modify'>
    <nd ref='-181815057' />
    <nd ref='-181815576' />
    <tag k='type' v='straight' />
  </way>
  <way id='-38835080' action='modify'>
    <nd ref='-181815550' />
    <nd ref='-181815551' />
    <tag k='type' v='straight' />
  </way>
  <way id='-38835081' action='modify'>
    <nd ref='-181815550' />
    <nd ref='-181815564' />
    <tag k='type' v='straight' />
  </way>
  <way id='-38835082' action='modify'>
    <nd ref='-181815564' />
    <nd ref='-181815563' />
  </way>
  <way id='-38835083' action='modify'>
    <nd ref='-181815563' />
    <nd ref='-181815562' />
    <tag k='type' v='straight' />
  </way>
  <way id='-38835084' action='modify'>
    <nd ref='-181815562' />
    <nd ref='-181815565' />
  </way>
  <way id='-38835085' action='modify'>
    <nd ref='-181815565' />
    <nd ref='-181815566' />
    <tag k='type' v='straight' />
  </way>
  <way id='-38835086' action='modify'>
    <nd ref='-181815566' />
    <nd ref='-181815567' />
  </way>
  <way id='-38835087' action='modify'>
    <nd ref='-181815567' />
    <nd ref='-181815568' />
    <tag k='type' v='straight' />
  </way>
  <way id='-38835088' action='modify'>
    <nd ref='-181815570' />
    <nd ref='-181815571' />
    <tag k='type' v='straight' />
  </way>
  <way id='-38835089' action='modify'>
    <nd ref='-181815579' />
    <nd ref='-181815582' />
    <nd ref='-181815580' />
  </way>
  <way id='-38835090' action='modify'>
    <nd ref='-181815572' />
    <nd ref='-181815574' />
  </way>
  <way id='-38835091' action='modify'>
    <nd ref='-181815574' />
    <nd ref='-181815575' />
    <tag k='type' v='straight' />
  </way>
  <way id='-38835092' action='modify'>
    <nd ref='-181815575' />
    <nd ref='-181815578' />
    <nd ref='-181815577' />
  </way>
  <way id='-38835093' action='modify'>
    <nd ref='-181815577' />
    <nd ref='-181815576' />
    <tag k='type' v='straight' />
  </way>
  <way id='-38835094' action='modify'>
    <nd ref='-181815571' />
    <nd ref='-181815572' />
    <tag k='type' v='straight' />
  </way>
  <way id='-38835095' action='modify'>
    <nd ref='-181815571' />
    <nd ref='-181815579' />
    <tag k='type' v='straight' />
  </way>
  <way id='-38835096' action='modify'>
    <nd ref='-181815580' />
    <nd ref='-181815581' />
    <tag k='type' v='straight' />
  </way>
  <way id='-38835097' action='modify'>
    <nd ref='-181815581' />
    <nd ref='-181815585' />
    <nd ref='-181815583' />
  </way>
  <way id='-38835098' action='modify'>
    <nd ref='-181815583' />
    <nd ref='-181815584' />
    <tag k='type' v='straight' />
  </way>
  <way id='-38835099' action='modify'>
    <nd ref='-181815576' />
    <nd ref='-181815586' />
  </way>
  <way id='-38835100' action='modify'>
    <nd ref='-181815586' />
    <nd ref='-181815587' />
    <tag k='type' v='straight' />
  </way>
  <way id='-38835101' action='modify'>
    <nd ref='-181815588' />
    <nd ref='-181815589' />
    <tag k='type' v='straight' />
  </way>
  <way id='-38835102' action='modify'>
    <nd ref='-181815589' />
    <nd ref='-181815590' />
  </way>
  <way id='-38835103' action='modify'>
    <nd ref='-181815590' />
    <nd ref='-181815591' />
    <nd ref='-181815592' />
    <tag k='type' v='straight' />
  </way>
  <way id='-38835104' action='modify'>
    <nd ref='-181815592' />
    <nd ref='-181815596' />
  </way>
  <way id='-38835105' action='modify'>
    <nd ref='-181815596' />
    <nd ref='-181815595' />
    <tag k='type' v='straight' />
  </way>
  <way id='-38835106' action='modify'>
    <nd ref='-181815595' />
    <nd ref='-181815593' />
  </way>
  <way id='-38835107' action='modify'>
    <nd ref='-181815593' />
    <nd ref='-181815594' />
    <tag k='type' v='straight' />
  </way>
  <way id='-38835108' action='modify'>
    <nd ref='-181815594' />
    <nd ref='-181815597' />
  </way>
  <way id='-38835109' action='modify'>
    <nd ref='-181815597' />
    <nd ref='-181815598' />
    <tag k='type' v='straight' />
  </way>
  <way id='-38835110' action='modify'>
    <nd ref='-181815598' />
    <nd ref='-181815599' />
  </way>
  <way id='-38835111' action='modify'>
    <nd ref='-181815599' />
    <nd ref='-181815600' />
    <tag k='type' v='straight' />
  </way>
  <way id='-38835112' action='modify'>
    <nd ref='-181815600' />
    <nd ref='-181815601' />
  </way>
  <way id='-38835113' action='modify'>
    <nd ref='-181815601' />
    <nd ref='-181815602' />
    <tag k='type' v='straight' />
  </way>
  <way id='-38835114' action='modify'>
    <nd ref='-181815591' />
    <nd ref='-181815603' />
    <tag k='type' v='straight' />
  </way>
  <way id='-38835115' action='modify'>
    <nd ref='-181815603' />
    <nd ref='-181815604' />
  </way>
  <way id='-38835116' action='modify'>
    <nd ref='-181815604' />
    <nd ref='-181815605' />
    <tag k='type' v='straight' />
  </way>
  <way id='-38835117' action='modify'>
    <nd ref='-181815614' />
    <nd ref='-181815616' />
    <nd ref='-181815619' />
    <tag k='type' v='straight' />
  </way>
  <way id='-38835118' action='modify'>
    <nd ref='-181815615' />
    <nd ref='-181815820' />
    <nd ref='-181815616' />
    <tag k='type' v='straight' />
  </way>
  <way id='-38835119' action='modify'>
    <nd ref='-181814959' />
    <nd ref='-181814958' />
    <tag k='type' v='straight' />
  </way>
  <way id='-38835120' action='modify'>
    <nd ref='-181814958' />
    <nd ref='-181815611' />
  </way>
  <way id='-38835121' action='modify'>
    <nd ref='-181815611' />
    <nd ref='-181815610' />
    <tag k='type' v='straight' />
  </way>
  <way id='-38835122' action='modify'>
    <nd ref='-181815610' />
    <nd ref='-181815609' />
  </way>
  <way id='-38835123' action='modify'>
    <nd ref='-181815609' />
    <nd ref='-181815608' />
    <tag k='type' v='straight' />
  </way>
  <way id='-38835124' action='modify'>
    <nd ref='-181815608' />
    <nd ref='-181815698' />
    <nd ref='-181815606' />
  </way>
  <way id='-38835125' action='modify'>
    <nd ref='-181815606' />
    <nd ref='-181815613' />
    <tag k='type' v='straight' />
  </way>
  <way id='-38835126' action='modify'>
    <nd ref='-181815613' />
    <nd ref='-181815612' />
  </way>
  <way id='-38835127' action='modify'>
    <nd ref='-181815612' />
    <nd ref='-181815607' />
    <tag k='type' v='straight' />
  </way>
  <way id='-38835128' action='modify'>
    <nd ref='-181815607' />
    <nd ref='-181815614' />
  </way>
  <way id='-38835129' action='modify'>
    <nd ref='-181815619' />
    <nd ref='-181815618' />
  </way>
  <way id='-38835130' action='modify'>
    <nd ref='-181815618' />
    <nd ref='-181815617' />
    <tag k='type' v='straight' />
  </way>
  <way id='-38835131' action='modify'>
    <nd ref='-181815617' />
    <nd ref='-181815620' />
  </way>
  <way id='-38835132' action='modify'>
    <nd ref='-181815620' />
    <nd ref='-181815621' />
    <tag k='type' v='straight' />
  </way>
  <way id='-38835133' action='modify'>
    <nd ref='-181815621' />
    <nd ref='-181815622' />
  </way>
  <way id='-38835134' action='modify'>
    <nd ref='-181815622' />
    <nd ref='-181815623' />
    <tag k='type' v='straight' />
  </way>
  <way id='-38835135' action='modify'>
    <nd ref='-181815623' />
    <nd ref='-181815624' />
    <nd ref='-181815635' />
    <nd ref='-181815625' />
  </way>
  <way id='-38835136' action='modify'>
    <nd ref='-181815625' />
    <nd ref='-181815626' />
    <tag k='type' v='straight' />
  </way>
  <way id='-38835137' action='modify'>
    <nd ref='-181815626' />
    <nd ref='-181815627' />
  </way>
  <way id='-38835138' action='modify'>
    <nd ref='-181815627' />
    <nd ref='-181815628' />
    <tag k='type' v='straight' />
  </way>
  <way id='-38835139' action='modify'>
    <nd ref='-181815628' />
    <nd ref='-181815634' />
  </way>
  <way id='-38835140' action='modify'>
    <nd ref='-181815634' />
    <nd ref='-181815633' />
    <tag k='type' v='straight' />
  </way>
  <way id='-38835141' action='modify'>
    <nd ref='-181815633' />
    <nd ref='-181815632' />
  </way>
  <way id='-38835142' action='modify'>
    <nd ref='-181815632' />
    <nd ref='-181815631' />
    <tag k='type' v='straight' />
  </way>
  <way id='-38835143' action='modify'>
    <nd ref='-181815631' />
    <nd ref='-181815629' />
  </way>
  <way id='-38835144' action='modify'>
    <nd ref='-181815630' />
    <nd ref='-181815636' />
    <nd ref='-181815637' />
  </way>
  <way id='-38835145' action='modify'>
    <nd ref='-181815629' />
    <nd ref='-181815630' />
    <tag k='type' v='straight' />
  </way>
  <way id='-38835146' action='modify'>
    <nd ref='-181815637' />
    <nd ref='-181815638' />
    <tag k='type' v='straight' />
  </way>
  <way id='-38835147' action='modify'>
    <nd ref='-181815638' />
    <nd ref='-181816164' />
    <nd ref='-181815639' />
  </way>
  <way id='-38835148' action='modify'>
    <nd ref='-181816126' />
    <nd ref='-181816127' />
  </way>
  <way id='-38835149' action='modify'>
    <nd ref='-181815642' />
    <nd ref='-181815645' />
    <nd ref='-181815643' />
  </way>
  <way id='-38835150' action='modify'>
    <nd ref='-181815639' />
    <nd ref='-181815641' />
  </way>
  <way id='-38835151' action='modify'>
    <nd ref='-181815641' />
    <nd ref='-181815642' />
    <tag k='type' v='straight' />
  </way>
  <way id='-38835152' action='modify'>
    <nd ref='-181815648' />
    <nd ref='-181815649' />
    <nd ref='-181815650' />
    <nd ref='-181815651' />
    <nd ref='-181815652' />
  </way>
  <way id='-38835153' action='modify'>
    <nd ref='-181815643' />
    <nd ref='-181815644' />
    <tag k='type' v='straight' />
  </way>
  <way id='-38835154' action='modify'>
    <nd ref='-181815644' />
    <nd ref='-181815646' />
  </way>
  <way id='-38835155' action='modify'>
    <nd ref='-181815646' />
    <nd ref='-181815647' />
    <tag k='type' v='straight' />
  </way>
  <way id='-38835156' action='modify'>
    <nd ref='-181815647' />
    <nd ref='-181815648' />
    <tag k='type' v='straight' />
  </way>
  <way id='-38835157' action='modify'>
    <nd ref='-181815654' />
    <nd ref='-181815655' />
    <tag k='type' v='straight' />
  </way>
  <way id='-38835158' action='modify'>
    <nd ref='-181815652' />
    <nd ref='-181815653' />
    <tag k='type' v='straight' />
  </way>
  <way id='-38835159' action='modify'>
    <nd ref='-181815653' />
    <nd ref='-181815654' />
  </way>
  <way id='-38835160' action='modify'>
    <nd ref='-181815656' />
    <nd ref='-181815657' />
  </way>
  <way id='-38835161' action='modify'>
    <nd ref='-181815657' />
    <nd ref='-181815658' />
    <tag k='type' v='straight' />
  </way>
  <way id='-38835162' action='modify'>
    <nd ref='-181815658' />
    <nd ref='-181815659' />
  </way>
  <way id='-38835163' action='modify'>
    <nd ref='-181815667' />
    <nd ref='-181815664' />
    <tag k='type' v='straight' />
  </way>
  <way id='-38835164' action='modify'>
    <nd ref='-181815660' />
    <nd ref='-181815663' />
    <nd ref='-181815661' />
  </way>
  <way id='-38835165' action='modify'>
    <nd ref='-181815667' />
    <nd ref='-181815660' />
    <tag k='type' v='straight' />
  </way>
  <way id='-38835166' action='modify'>
    <nd ref='-181815661' />
    <nd ref='-181815666' />
    <nd ref='-181815662' />
    <tag k='type' v='straight' />
  </way>
  <way id='-38835167' action='modify'>
    <nd ref='-181815659' />
    <nd ref='-181815667' />
    <tag k='type' v='straight' />
  </way>
  <way id='-38835168' action='modify'>
    <nd ref='-181815664' />
    <nd ref='-181815665' />
  </way>
  <way id='-38835169' action='modify'>
    <nd ref='-181815665' />
    <nd ref='-181815666' />
    <tag k='type' v='straight' />
  </way>
  <way id='-38835170' action='modify'>
    <nd ref='-181815662' />
    <nd ref='-181815668' />
  </way>
  <way id='-38835171' action='modify'>
    <nd ref='-181815668' />
    <nd ref='-181816220' />
    <tag k='type' v='straight' />
  </way>
  <way id='-38835172' action='modify'>
    <nd ref='-181815670' />
    <nd ref='-181815671' />
    <nd ref='-181815674' />
  </way>
  <way id='-38835173' action='modify'>
    <nd ref='-181815674' />
    <nd ref='-181815676' />
    <nd ref='-181815675' />
    <tag k='type' v='straight' />
  </way>
  <way id='-38835174' action='modify'>
    <nd ref='-181815675' />
    <nd ref='-181815672' />
  </way>
  <way id='-38835175' action='modify'>
    <nd ref='-181815673' />
    <nd ref='-181815677' />
    <nd ref='-181815678' />
    <nd ref='-181815679' />
    <nd ref='-181815680' />
  </way>
  <way id='-38835176' action='modify'>
    <nd ref='-181815680' />
    <nd ref='-181815681' />
    <nd ref='-181815682' />
    <nd ref='-181815683' />
    <nd ref='-181815684' />
    <tag k='type' v='straight' />
  </way>
  <way id='-38835177' action='modify'>
    <nd ref='-181815672' />
    <nd ref='-181815673' />
    <tag k='type' v='straight' />
  </way>
  <way id='-38835178' action='modify'>
    <nd ref='-181815684' />
    <nd ref='-181815685' />
  </way>
  <way id='-38835179' action='modify'>
    <nd ref='-181815685' />
    <nd ref='-181815686' />
    <tag k='type' v='straight' />
  </way>
  <way id='-38835180' action='modify'>
    <nd ref='-181815686' />
    <nd ref='-181815687' />
    <nd ref='-181815688' />
  </way>
  <way id='-38835181' action='modify'>
    <nd ref='-181815690' />
    <nd ref='-181815695' />
    <nd ref='-181815696' />
    <nd ref='-181815697' />
    <nd ref='-181815694' />
    <nd ref='-181815691' />
  </way>
  <way id='-38835182' action='modify'>
    <nd ref='-181815688' />
    <nd ref='-181816333' />
    <nd ref='-181815689' />
    <nd ref='-181815690' />
    <tag k='type' v='straight' />
  </way>
  <way id='-38835183' action='modify'>
    <nd ref='-181815691' />
    <nd ref='-181815692' />
    <nd ref='-181815693' />
    <tag k='type' v='straight' />
  </way>
  <way id='-38835184' action='modify'>
    <nd ref='-181814976' />
    <nd ref='-181815699' />
    <tag k='type' v='straight' />
  </way>
  <way id='-38835185' action='modify'>
    <nd ref='-181815699' />
    <nd ref='-181815700' />
  </way>
  <way id='-38835186' action='modify'>
    <nd ref='-181815700' />
    <nd ref='-181815701' />
    <tag k='type' v='straight' />
  </way>
  <way id='-38835187' action='modify'>
    <nd ref='-181815701' />
    <nd ref='-181815704' />
  </way>
  <way id='-38835188' action='modify'>
    <nd ref='-181815704' />
    <nd ref='-181815705' />
    <tag k='type' v='straight' />
  </way>
  <way id='-38835189' action='modify'>
    <nd ref='-181815705' />
    <nd ref='-181815702' />
  </way>
  <way id='-38835190' action='modify'>
    <nd ref='-181815702' />
    <nd ref='-181815703' />
    <tag k='type' v='straight' />
  </way>
  <way id='-38835191' action='modify'>
    <nd ref='-181815703' />
    <nd ref='-181815706' />
  </way>
  <way id='-38835192' action='modify'>
    <nd ref='-181815706' />
    <nd ref='-181815707' />
    <nd ref='-181815789' />
    <tag k='type' v='straight' />
  </way>
  <way id='-38835193' action='modify'>
    <nd ref='-181815857' />
    <nd ref='-181815708' />
  </way>
  <way id='-38835194' action='modify'>
    <nd ref='-181815708' />
    <nd ref='-181815709' />
    <tag k='type' v='straight' />
  </way>
  <way id='-38835195' action='modify'>
    <nd ref='-181815709' />
    <nd ref='-181815710' />
  </way>
  <way id='-38835196' action='modify'>
    <nd ref='-181815711' />
    <nd ref='-181815714' />
    <nd ref='-181815867' />
    <nd ref='-181815712' />
  </way>
  <way id='-38835197' action='modify'>
    <nd ref='-181815710' />
    <nd ref='-181815711' />
    <tag k='type' v='straight' />
  </way>
  <way id='-38835198' action='modify'>
    <nd ref='-181815712' />
    <nd ref='-181815713' />
    <tag k='type' v='straight' />
  </way>
  <way id='-38835199' action='modify'>
    <nd ref='-181815713' />
    <nd ref='-181815715' />
  </way>
  <way id='-38835200' action='modify'>
    <nd ref='-181815716' />
    <nd ref='-181815924' />
    <nd ref='-181815717' />
  </way>
  <way id='-38835201' action='modify'>
    <nd ref='-181815719' />
    <nd ref='-181815720' />
    <tag k='type' v='straight' />
  </way>
  <way id='-38835202' action='modify'>
    <nd ref='-181815717' />
    <nd ref='-181815718' />
    <tag k='type' v='straight' />
  </way>
  <way id='-38835203' action='modify'>
    <nd ref='-181815718' />
    <nd ref='-181815719' />
  </way>
  <way id='-38835204' action='modify'>
    <nd ref='-181815801' />
    <nd ref='-181815721' />
    <tag k='type' v='straight' />
  </way>
  <way id='-38835205' action='modify'>
    <nd ref='-181815721' />
    <nd ref='-181815722' />
  </way>
  <way id='-38835206' action='modify'>
    <nd ref='-181815722' />
    <nd ref='-181815904' />
    <nd ref='-181815723' />
    <tag k='type' v='straight' />
  </way>
  <way id='-38835207' action='modify'>
    <nd ref='-181815723' />
    <nd ref='-181815724' />
  </way>
  <way id='-38835208' action='modify'>
    <nd ref='-181815725' />
    <nd ref='-181815945' />
  </way>
  <way id='-38835209' action='modify'>
    <nd ref='-181815705' />
    <nd ref='-181815726' />
    <tag k='type' v='straight' />
  </way>
  <way id='-38835210' action='modify'>
    <nd ref='-181815726' />
    <nd ref='-181815727' />
  </way>
  <way id='-38835211' action='modify'>
    <nd ref='-181815727' />
    <nd ref='-181815728' />
    <tag k='type' v='straight' />
  </way>
  <way id='-38835212' action='modify'>
    <nd ref='-181815728' />
    <nd ref='-181815729' />
  </way>
  <way id='-38835213' action='modify'>
    <nd ref='-181815729' />
    <nd ref='-181815730' />
    <tag k='type' v='straight' />
  </way>
  <way id='-38835214' action='modify'>
    <nd ref='-181815730' />
    <nd ref='-181815731' />
  </way>
  <way id='-38835215' action='modify'>
    <nd ref='-181815731' />
    <nd ref='-181815732' />
    <tag k='type' v='straight' />
  </way>
  <way id='-38835216' action='modify'>
    <nd ref='-181815732' />
    <nd ref='-181815733' />
  </way>
  <way id='-38835217' action='modify'>
    <nd ref='-181815733' />
    <nd ref='-181815734' />
    <tag k='type' v='straight' />
  </way>
  <way id='-38835218' action='modify'>
    <nd ref='-181815734' />
    <nd ref='-181815735' />
  </way>
  <way id='-38835219' action='modify'>
    <nd ref='-181815742' />
    <nd ref='-181815743' />
  </way>
  <way id='-38835220' action='modify'>
    <nd ref='-181815735' />
    <nd ref='-181815736' />
    <tag k='type' v='straight' />
  </way>
  <way id='-38835221' action='modify'>
    <nd ref='-181815736' />
    <nd ref='-181815737' />
  </way>
  <way id='-38835222' action='modify'>
    <nd ref='-181815737' />
    <nd ref='-181815738' />
    <tag k='type' v='straight' />
  </way>
  <way id='-38835223' action='modify'>
    <nd ref='-181815738' />
    <nd ref='-181815739' />
  </way>
  <way id='-38835224' action='modify'>
    <nd ref='-181815739' />
    <nd ref='-181815740' />
    <tag k='type' v='straight' />
  </way>
  <way id='-38835225' action='modify'>
    <nd ref='-181815740' />
    <nd ref='-181815741' />
  </way>
  <way id='-38835226' action='modify'>
    <nd ref='-181815741' />
    <nd ref='-181815742' />
    <tag k='type' v='straight' />
  </way>
  <way id='-38835227' action='modify'>
    <nd ref='-181815743' />
    <nd ref='-181815707' />
    <tag k='type' v='straight' />
  </way>
  <way id='-38835228' action='modify'>
    <nd ref='-181815734' />
    <nd ref='-181815744' />
    <tag k='type' v='straight' />
  </way>
  <way id='-38835229' action='modify'>
    <nd ref='-181815744' />
    <nd ref='-181815745' />
  </way>
  <way id='-38835230' action='modify'>
    <nd ref='-181815745' />
    <nd ref='-181815746' />
    <tag k='type' v='straight' />
  </way>
  <way id='-38835231' action='modify'>
    <nd ref='-181815705' />
    <nd ref='-181815747' />
    <tag k='type' v='straight' />
  </way>
  <way id='-38835232' action='modify'>
    <nd ref='-181815747' />
    <nd ref='-181815748' />
  </way>
  <way id='-38835233' action='modify'>
    <nd ref='-181815748' />
    <nd ref='-181815749' />
    <tag k='type' v='straight' />
  </way>
  <way id='-38835234' action='modify'>
    <nd ref='-181815749' />
    <nd ref='-181815750' />
  </way>
  <way id='-38835235' action='modify'>
    <nd ref='-181815750' />
    <nd ref='-181815751' />
    <tag k='type' v='straight' />
  </way>
  <way id='-38835236' action='modify'>
    <nd ref='-181815751' />
    <nd ref='-181815752' />
  </way>
  <way id='-38835237' action='modify'>
    <nd ref='-181815752' />
    <nd ref='-181815753' />
    <tag k='type' v='straight' />
  </way>
  <way id='-38835238' action='modify'>
    <nd ref='-181815753' />
    <nd ref='-181815754' />
  </way>
  <way id='-38835239' action='modify'>
    <nd ref='-181815754' />
    <nd ref='-181815755' />
    <tag k='type' v='straight' />
  </way>
  <way id='-38835240' action='modify'>
    <nd ref='-181815755' />
    <nd ref='-181815756' />
  </way>
  <way id='-38835241' action='modify'>
    <nd ref='-181815756' />
    <nd ref='-181815757' />
    <tag k='type' v='straight' />
  </way>
  <way id='-38835242' action='modify'>
    <nd ref='-181815757' />
    <nd ref='-181815758' />
  </way>
  <way id='-38835243' action='modify'>
    <nd ref='-181815758' />
    <nd ref='-181815759' />
    <tag k='type' v='straight' />
  </way>
  <way id='-38835244' action='modify'>
    <nd ref='-181815759' />
    <nd ref='-181815760' />
  </way>
  <way id='-38835245' action='modify'>
    <nd ref='-181815760' />
    <nd ref='-181815761' />
    <tag k='type' v='straight' />
  </way>
  <way id='-38835246' action='modify'>
    <nd ref='-181815761' />
    <nd ref='-181815762' />
  </way>
  <way id='-38835247' action='modify'>
    <nd ref='-181815762' />
    <nd ref='-181815763' />
    <tag k='type' v='straight' />
  </way>
  <way id='-38835248' action='modify'>
    <nd ref='-181815764' />
    <nd ref='-181815769' />
    <nd ref='-181815768' />
    <nd ref='-181815767' />
    <nd ref='-181815765' />
  </way>
  <way id='-38835249' action='modify'>
    <nd ref='-181815629' />
    <nd ref='-181815764' />
    <tag k='type' v='straight' />
  </way>
  <way id='-38835250' action='modify'>
    <nd ref='-181815765' />
    <nd ref='-181815766' />
    <tag k='type' v='straight' />
  </way>
  <way id='-38835251' action='modify'>
    <nd ref='-181815766' />
    <nd ref='-181815771' />
  </way>
  <way id='-38835252' action='modify'>
    <nd ref='-181815772' />
    <nd ref='-181816183' />
    <nd ref='-181815773' />
    <tag k='type' v='straight' />
  </way>
  <way id='-38835253' action='modify'>
    <nd ref='-181815773' />
    <nd ref='-181816019' />
  </way>
  <way id='-38835254' action='modify'>
    <nd ref='-181815774' />
    <nd ref='-181815777' />
    <nd ref='-181815775' />
  </way>
  <way id='-38835255' action='modify'>
    <nd ref='-181816019' />
    <nd ref='-181815774' />
    <tag k='type' v='straight' />
  </way>
  <way id='-38835256' action='modify'>
    <nd ref='-181815779' />
    <nd ref='-181815780' />
    <nd ref='-181815783' />
    <nd ref='-181815784' />
  </way>
  <way id='-38835257' action='modify'>
    <nd ref='-181815775' />
    <nd ref='-181815776' />
    <tag k='type' v='straight' />
  </way>
  <way id='-38835258' action='modify'>
    <nd ref='-181815776' />
    <nd ref='-181815778' />
    <nd ref='-181815779' />
  </way>
  <way id='-38835259' action='modify'>
    <nd ref='-181815781' />
    <nd ref='-181815912' />
    <nd ref='-181815784' />
    <tag k='type' v='straight' />
  </way>
  <way id='-38835260' action='modify'>
    <nd ref='-181815789' />
    <nd ref='-181815857' />
    <tag k='type' v='straight' />
  </way>
  <way id='-38835261' action='modify'>
    <nd ref='-181815782' />
    <nd ref='-181815785' />
    <nd ref='-181815786' />
  </way>
  <way id='-38835262' action='modify'>
    <nd ref='-181815786' />
    <nd ref='-181815823' />
    <tag k='type' v='straight' />
  </way>
  <way id='-38835263' action='modify'>
    <nd ref='-181815787' />
    <nd ref='-181815788' />
  </way>
  <way id='-38835264' action='modify'>
    <nd ref='-181815788' />
    <nd ref='-181815789' />
    <tag k='type' v='straight' />
  </way>
  <way id='-38835265' action='modify'>
    <nd ref='-181815720' />
    <nd ref='-181815800' />
    <tag k='type' v='straight' />
  </way>
  <way id='-38835266' action='modify'>
    <nd ref='-181815781' />
    <nd ref='-181815782' />
    <tag k='type' v='straight' />
  </way>
  <way id='-38835267' action='modify'>
    <nd ref='-181815784' />
    <nd ref='-181815796' />
    <tag k='type' v='straight' />
  </way>
  <way id='-38835268' action='modify'>
    <nd ref='-181815790' />
    <nd ref='-181815791' />
  </way>
  <way id='-38835269' action='modify'>
    <nd ref='-181815791' />
    <nd ref='-181815792' />
    <tag k='type' v='straight' />
  </way>
  <way id='-38835270' action='modify'>
    <nd ref='-181815792' />
    <nd ref='-181815793' />
  </way>
  <way id='-38835271' action='modify'>
    <nd ref='-181815793' />
    <nd ref='-181815794' />
    <tag k='type' v='straight' />
  </way>
  <way id='-38835272' action='modify'>
    <nd ref='-181815794' />
    <nd ref='-181815795' />
  </way>
  <way id='-38835273' action='modify'>
    <nd ref='-181815795' />
    <nd ref='-181815781' />
    <tag k='type' v='straight' />
  </way>
  <way id='-38835274' action='modify'>
    <nd ref='-181815798' />
    <nd ref='-181815797' />
  </way>
  <way id='-38835275' action='modify'>
    <nd ref='-181815797' />
    <nd ref='-181815790' />
    <tag k='type' v='straight' />
  </way>
  <way id='-38835276' action='modify'>
    <nd ref='-181815800' />
    <nd ref='-181815799' />
  </way>
  <way id='-38835277' action='modify'>
    <nd ref='-181815799' />
    <nd ref='-181815798' />
    <tag k='type' v='straight' />
  </way>
  <way id='-38835278' action='modify'>
    <nd ref='-181815720' />
    <nd ref='-181815801' />
  </way>
  <way id='-38835279' action='modify'>
    <nd ref='-181815796' />
    <nd ref='-181815808' />
  </way>
  <way id='-38835280' action='modify'>
    <nd ref='-181815808' />
    <nd ref='-181815807' />
    <tag k='type' v='straight' />
  </way>
  <way id='-38835281' action='modify'>
    <nd ref='-181815807' />
    <nd ref='-181815806' />
  </way>
  <way id='-38835282' action='modify'>
    <nd ref='-181815806' />
    <nd ref='-181816023' />
    <tag k='type' v='straight' />
  </way>
  <way id='-38835283' action='modify'>
    <nd ref='-181815805' />
    <nd ref='-181815810' />
  </way>
  <way id='-38835284' action='modify'>
    <nd ref='-181815802' />
    <nd ref='-181815803' />
    <tag k='type' v='straight' />
  </way>
  <way id='-38835285' action='modify'>
    <nd ref='-181815803' />
    <nd ref='-181815804' />
  </way>
  <way id='-38835286' action='modify'>
    <nd ref='-181815810' />
    <nd ref='-181815809' />
    <tag k='type' v='straight' />
  </way>
  <way id='-38835287' action='modify'>
    <nd ref='-181815809' />
    <nd ref='-181815802' />
  </way>
  <way id='-38835288' action='modify'>
    <nd ref='-181815804' />
    <nd ref='-181815811' />
    <tag k='type' v='straight' />
  </way>
  <way id='-38835289' action='modify'>
    <nd ref='-181815811' />
    <nd ref='-181815812' />
  </way>
  <way id='-38835290' action='modify'>
    <nd ref='-181815812' />
    <nd ref='-181815813' />
    <tag k='type' v='straight' />
  </way>
  <way id='-38835291' action='modify'>
    <nd ref='-181815813' />
    <nd ref='-181815814' />
  </way>
  <way id='-38835292' action='modify'>
    <nd ref='-181815814' />
    <nd ref='-181815819' />
    <tag k='type' v='straight' />
  </way>
  <way id='-38835293' action='modify'>
    <nd ref='-181815819' />
    <nd ref='-181815818' />
  </way>
  <way id='-38835294' action='modify'>
    <nd ref='-181815818' />
    <nd ref='-181815815' />
    <tag k='type' v='straight' />
  </way>
  <way id='-38835295' action='modify'>
    <nd ref='-181815815' />
    <nd ref='-181815821' />
    <nd ref='-181815816' />
  </way>
  <way id='-38835296' action='modify'>
    <nd ref='-181815816' />
    <nd ref='-181815817' />
    <tag k='type' v='straight' />
  </way>
  <way id='-38835297' action='modify'>
    <nd ref='-181815817' />
    <nd ref='-181815615' />
  </way>
  <way id='-38835298' action='modify'>
    <nd ref='-181815823' />
    <nd ref='-181815787' />
    <tag k='type' v='straight' />
  </way>
  <way id='-38835299' action='modify'>
    <nd ref='-181815822' />
    <nd ref='-181815826' />
    <nd ref='-181815827' />
    <nd ref='-181815824' />
  </way>
  <way id='-38835300' action='modify'>
    <nd ref='-181815823' />
    <nd ref='-181815822' />
    <tag k='type' v='straight' />
  </way>
  <way id='-38835301' action='modify'>
    <nd ref='-181816029' />
    <nd ref='-181815763' />
    <nd ref='-181815855' />
    <nd ref='-181816033' />
    <tag k='type' v='straight' />
  </way>
  <way id='-38835302' action='modify'>
    <nd ref='-181815825' />
    <nd ref='-181815835' />
    <nd ref='-181815828' />
  </way>
  <way id='-38835303' action='modify'>
    <nd ref='-181815828' />
    <nd ref='-181815829' />
    <tag k='type' v='straight' />
  </way>
  <way id='-38835304' action='modify'>
    <nd ref='-181815829' />
    <nd ref='-181815830' />
    <nd ref='-181815834' />
  </way>
  <way id='-38835305' action='modify'>
    <nd ref='-181815834' />
    <nd ref='-181815833' />
    <tag k='type' v='straight' />
  </way>
  <way id='-38835306' action='modify'>
    <nd ref='-181815833' />
    <nd ref='-181815831' />
  </way>
  <way id='-38835307' action='modify'>
    <nd ref='-181815831' />
    <nd ref='-181815832' />
    <tag k='type' v='straight' />
  </way>
  <way id='-38835308' action='modify'>
    <nd ref='-181815836' />
    <nd ref='-181815837' />
  </way>
  <way id='-38835309' action='modify'>
    <nd ref='-181815837' />
    <nd ref='-181815825' />
    <tag k='type' v='straight' />
  </way>
  <way id='-38835310' action='modify'>
    <nd ref='-181815832' />
    <nd ref='-181815838' />
  </way>
  <way id='-38835311' action='modify'>
    <nd ref='-181815838' />
    <nd ref='-181815839' />
    <tag k='type' v='straight' />
  </way>
  <way id='-38835312' action='modify'>
    <nd ref='-181815839' />
    <nd ref='-181815840' />
  </way>
  <way id='-38835313' action='modify'>
    <nd ref='-181815840' />
    <nd ref='-181815003' />
    <tag k='type' v='straight' />
  </way>
  <way id='-38835314' action='modify'>
    <nd ref='-181815830' />
    <nd ref='-181815841' />
    <tag k='type' v='straight' />
  </way>
  <way id='-38835315' action='modify'>
    <nd ref='-181815841' />
    <nd ref='-181815842' />
  </way>
  <way id='-38835316' action='modify'>
    <nd ref='-181815842' />
    <nd ref='-181815022' />
    <tag k='type' v='straight' />
  </way>
  <way id='-38835317' action='modify'>
    <nd ref='-181815844' />
    <nd ref='-181815847' />
    <nd ref='-181815848' />
    <nd ref='-181815849' />
    <nd ref='-181815850' />
  </way>
  <way id='-38835318' action='modify'>
    <nd ref='-181815820' />
    <nd ref='-181815846' />
    <tag k='type' v='straight' />
  </way>
  <way id='-38835319' action='modify'>
    <nd ref='-181815846' />
    <nd ref='-181815845' />
    <nd ref='-181815843' />
  </way>
  <way id='-38835320' action='modify'>
    <nd ref='-181815843' />
    <nd ref='-181815844' />
    <tag k='type' v='straight' />
  </way>
  <way id='-38835321' action='modify'>
    <nd ref='-181815850' />
    <nd ref='-181815851' />
    <tag k='type' v='straight' />
  </way>
  <way id='-38835322' action='modify'>
    <nd ref='-181815851' />
    <nd ref='-181815852' />
  </way>
  <way id='-38835323' action='modify'>
    <nd ref='-181815852' />
    <nd ref='-181815853' />
    <tag k='type' v='straight' />
  </way>
  <way id='-38835324' action='modify'>
    <nd ref='-181815853' />
    <nd ref='-181815854' />
  </way>
  <way id='-38835325' action='modify'>
    <nd ref='-181815854' />
    <nd ref='-181815855' />
    <tag k='type' v='straight' />
  </way>
  <way id='-38835326' action='modify'>
    <nd ref='-181815859' />
    <nd ref='-181815865' />
  </way>
  <way id='-38835327' action='modify'>
    <nd ref='-181815857' />
    <nd ref='-181815856' />
    <tag k='type' v='straight' />
  </way>
  <way id='-38835328' action='modify'>
    <nd ref='-181815856' />
    <nd ref='-181815858' />
  </way>
  <way id='-38835329' action='modify'>
    <nd ref='-181815858' />
    <nd ref='-181815859' />
    <tag k='type' v='straight' />
  </way>
  <way id='-38835330' action='modify'>
    <nd ref='-181815861' />
    <nd ref='-181815862' />
    <tag k='type' v='straight' />
  </way>
  <way id='-38835331' action='modify'>
    <nd ref='-181815863' />
    <nd ref='-181815861' />
  </way>
  <way id='-38835332' action='modify'>
    <nd ref='-181815860' />
    <nd ref='-181815863' />
    <tag k='type' v='straight' />
  </way>
  <way id='-38835333' action='modify'>
    <nd ref='-181815865' />
    <nd ref='-181815864' />
    <tag k='type' v='straight' />
  </way>
  <way id='-38835334' action='modify'>
    <nd ref='-181815864' />
    <nd ref='-181815860' />
  </way>
  <way id='-38835335' action='modify'>
    <nd ref='-181815871' />
    <nd ref='-181815872' />
    <nd ref='-181815873' />
    <nd ref='-181815874' />
  </way>
  <way id='-38835336' action='modify'>
    <nd ref='-181815714' />
    <nd ref='-181815866' />
    <tag k='type' v='straight' />
  </way>
  <way id='-38835337' action='modify'>
    <nd ref='-181815866' />
    <nd ref='-181815868' />
  </way>
  <way id='-38835338' action='modify'>
    <nd ref='-181815868' />
    <nd ref='-181815869' />
    <tag k='type' v='straight' />
  </way>
  <way id='-38835339' action='modify'>
    <nd ref='-181815869' />
    <nd ref='-181815870' />
  </way>
  <way id='-38835340' action='modify'>
    <nd ref='-181815870' />
    <nd ref='-181815871' />
    <tag k='type' v='straight' />
  </way>
  <way id='-38835341' action='modify'>
    <nd ref='-181815874' />
    <nd ref='-181815875' />
    <tag k='type' v='straight' />
  </way>
  <way id='-38835342' action='modify'>
    <nd ref='-181815875' />
    <nd ref='-181815876' />
    <nd ref='-181815877' />
  </way>
  <way id='-38835343' action='modify'>
    <nd ref='-181815877' />
    <nd ref='-181815878' />
    <tag k='type' v='straight' />
  </way>
  <way id='-38835344' action='modify'>
    <nd ref='-181815878' />
    <nd ref='-181815879' />
  </way>
  <way id='-38835345' action='modify'>
    <nd ref='-181815879' />
    <nd ref='-181815880' />
    <tag k='type' v='straight' />
  </way>
  <way id='-38835346' action='modify'>
    <nd ref='-181815880' />
    <nd ref='-181815881' />
  </way>
  <way id='-38835347' action='modify'>
    <nd ref='-181815881' />
    <nd ref='-181815882' />
    <tag k='type' v='straight' />
  </way>
  <way id='-38835348' action='modify'>
    <nd ref='-181815882' />
    <nd ref='-181815883' />
  </way>
  <way id='-38835349' action='modify'>
    <nd ref='-181815883' />
    <nd ref='-181815799' />
    <tag k='type' v='straight' />
  </way>
  <way id='-38835350' action='modify'>
    <nd ref='-181815908' />
    <nd ref='-181815907' />
    <nd ref='-181815905' />
    <nd ref='-181815906' />
    <nd ref='-181815910' />
    <nd ref='-181815901' />
  </way>
  <way id='-38835351' action='modify'>
    <nd ref='-181815657' />
    <nd ref='-181815887' />
  </way>
  <way id='-38835352' action='modify'>
    <nd ref='-181815887' />
    <nd ref='-181815886' />
    <tag k='type' v='straight' />
  </way>
  <way id='-38835353' action='modify'>
    <nd ref='-181815886' />
    <nd ref='-181815884' />
  </way>
  <way id='-38835354' action='modify'>
    <nd ref='-181815884' />
    <nd ref='-181815885' />
    <tag k='type' v='straight' />
  </way>
  <way id='-38835355' action='modify'>
    <nd ref='-181815885' />
    <nd ref='-181815889' />
  </way>
  <way id='-38835356' action='modify'>
    <nd ref='-181815889' />
    <nd ref='-181815888' />
    <tag k='type' v='straight' />
  </way>
  <way id='-38835357' action='modify'>
    <nd ref='-181815888' />
    <nd ref='-181815890' />
  </way>
  <way id='-38835358' action='modify'>
    <nd ref='-181815890' />
    <nd ref='-181815891' />
    <tag k='type' v='straight' />
  </way>
  <way id='-38835359' action='modify'>
    <nd ref='-181815891' />
    <nd ref='-181815892' />
    <nd ref='-181815922' />
    <nd ref='-181815893' />
  </way>
  <way id='-38835360' action='modify'>
    <nd ref='-181815893' />
    <nd ref='-181815894' />
    <tag k='type' v='straight' />
  </way>
  <way id='-38835361' action='modify'>
    <nd ref='-181815895' />
    <nd ref='-181816228' />
  </way>
  <way id='-38835362' action='modify'>
    <nd ref='-181815897' />
    <nd ref='-181815898' />
    <tag k='type' v='straight' />
  </way>
  <way id='-38835363' action='modify'>
    <nd ref='-181815898' />
    <nd ref='-181815899' />
  </way>
  <way id='-38835364' action='modify'>
    <nd ref='-181815899' />
    <nd ref='-181815900' />
    <tag k='type' v='straight' />
  </way>
  <way id='-38835365' action='modify'>
    <nd ref='-181815900' />
    <nd ref='-181815909' />
  </way>
  <way id='-38835366' action='modify'>
    <nd ref='-181815909' />
    <nd ref='-181815908' />
    <tag k='type' v='straight' />
  </way>
  <way id='-38835367' action='modify'>
    <nd ref='-181815901' />
    <nd ref='-181815902' />
    <tag k='type' v='straight' />
  </way>
  <way id='-38835368' action='modify'>
    <nd ref='-181815902' />
    <nd ref='-181815903' />
  </way>
  <way id='-38835369' action='modify'>
    <nd ref='-181815903' />
    <nd ref='-181815904' />
    <tag k='type' v='straight' />
  </way>
  <way id='-38835370' action='modify'>
    <nd ref='-181815912' />
    <nd ref='-181815911' />
    <tag k='type' v='straight' />
  </way>
  <way id='-38835371' action='modify'>
    <nd ref='-181815911' />
    <nd ref='-181815913' />
  </way>
  <way id='-38835372' action='modify'>
    <nd ref='-181815913' />
    <nd ref='-181815914' />
    <tag k='type' v='straight' />
  </way>
  <way id='-38835373' action='modify'>
    <nd ref='-181815914' />
    <nd ref='-181815915' />
  </way>
  <way id='-38835374' action='modify'>
    <nd ref='-181815915' />
    <nd ref='-181815916' />
    <tag k='type' v='straight' />
  </way>
  <way id='-38835375' action='modify'>
    <nd ref='-181815916' />
    <nd ref='-181815917' />
  </way>
  <way id='-38835376' action='modify'>
    <nd ref='-181815917' />
    <nd ref='-181815918' />
    <tag k='type' v='straight' />
  </way>
  <way id='-38835377' action='modify'>
    <nd ref='-181815918' />
    <nd ref='-181815919' />
  </way>
  <way id='-38835378' action='modify'>
    <nd ref='-181815919' />
    <nd ref='-181815920' />
    <tag k='type' v='straight' />
  </way>
  <way id='-38835379' action='modify'>
    <nd ref='-181815920' />
    <nd ref='-181815921' />
  </way>
  <way id='-38835380' action='modify'>
    <nd ref='-181815921' />
    <nd ref='-181816226' />
    <nd ref='-181815922' />
    <tag k='type' v='straight' />
  </way>
  <way id='-38835381' action='modify'>
    <nd ref='-181815927' />
    <nd ref='-181815932' />
    <nd ref='-181815928' />
    <tag k='type' v='straight' />
  </way>
  <way id='-38835382' action='modify'>
    <nd ref='-181815715' />
    <nd ref='-181815716' />
    <tag k='type' v='straight' />
  </way>
  <way id='-38835383' action='modify'>
    <nd ref='-181815939' />
    <nd ref='-181815940' />
    <nd ref='-181815942' />
  </way>
  <way id='-38835384' action='modify'>
    <nd ref='-181815924' />
    <nd ref='-181815923' />
    <tag k='type' v='straight' />
  </way>
  <way id='-38835385' action='modify'>
    <nd ref='-181815923' />
    <nd ref='-181815925' />
  </way>
  <way id='-38835386' action='modify'>
    <nd ref='-181815925' />
    <nd ref='-181815926' />
    <tag k='type' v='straight' />
  </way>
  <way id='-38835387' action='modify'>
    <nd ref='-181815926' />
    <nd ref='-181815930' />
  </way>
  <way id='-38835388' action='modify'>
    <nd ref='-181815930' />
    <nd ref='-181815929' />
    <tag k='type' v='straight' />
  </way>
  <way id='-38835389' action='modify'>
    <nd ref='-181815929' />
    <nd ref='-181815927' />
  </way>
  <way id='-38835390' action='modify'>
    <nd ref='-181815943' />
    <nd ref='-181815944' />
  </way>
  <way id='-38835391' action='modify'>
    <nd ref='-181815938' />
    <nd ref='-181815943' />
    <tag k='type' v='straight' />
  </way>
  <way id='-38835392' action='modify'>
    <nd ref='-181815942' />
    <nd ref='-181815941' />
    <tag k='type' v='straight' />
  </way>
  <way id='-38835393' action='modify'>
    <nd ref='-181815932' />
    <nd ref='-181815931' />
    <tag k='type' v='straight' />
  </way>
  <way id='-38835394' action='modify'>
    <nd ref='-181815931' />
    <nd ref='-181815933' />
  </way>
  <way id='-38835395' action='modify'>
    <nd ref='-181815933' />
    <nd ref='-181815934' />
    <tag k='type' v='straight' />
  </way>
  <way id='-38835396' action='modify'>
    <nd ref='-181815934' />
    <nd ref='-181815935' />
  </way>
  <way id='-38835397' action='modify'>
    <nd ref='-181815935' />
    <nd ref='-181815936' />
    <tag k='type' v='straight' />
  </way>
  <way id='-38835398' action='modify'>
    <nd ref='-181815936' />
    <nd ref='-181815937' />
    <nd ref='-181815938' />
  </way>
  <way id='-38835399' action='modify'>
    <nd ref='-181815938' />
    <nd ref='-181815939' />
    <tag k='type' v='straight' />
  </way>
  <way id='-38835400' action='modify'>
    <nd ref='-181815944' />
    <nd ref='-181815942' />
    <tag k='type' v='straight' />
  </way>
  <way id='-38835401' action='modify'>
    <nd ref='-181815724' />
    <nd ref='-181815725' />
    <tag k='type' v='straight' />
  </way>
  <way id='-38835402' action='modify'>
    <nd ref='-181815948' />
    <nd ref='-181815953' />
    <nd ref='-181815951' />
    <nd ref='-181815952' />
    <nd ref='-181815949' />
  </way>
  <way id='-38835403' action='modify'>
    <nd ref='-181815945' />
    <nd ref='-181815946' />
    <tag k='type' v='straight' />
  </way>
  <way id='-38835404' action='modify'>
    <nd ref='-181815946' />
    <nd ref='-181815947' />
  </way>
  <way id='-38835405' action='modify'>
    <nd ref='-181815947' />
    <nd ref='-181815948' />
    <tag k='type' v='straight' />
  </way>
  <way id='-38835406' action='modify'>
    <nd ref='-181815949' />
    <nd ref='-181815950' />
    <tag k='type' v='straight' />
  </way>
  <way id='-38835407' action='modify'>
    <nd ref='-181815950' />
    <nd ref='-181815954' />
  </way>
  <way id='-38835408' action='modify'>
    <nd ref='-181815955' />
    <nd ref='-181815958' />
    <nd ref='-181815956' />
  </way>
  <way id='-38835409' action='modify'>
    <nd ref='-181815954' />
    <nd ref='-181815955' />
    <tag k='type' v='straight' />
  </way>
  <way id='-38835410' action='modify'>
    <nd ref='-181815957' />
    <nd ref='-181815961' />
    <nd ref='-181815959' />
  </way>
  <way id='-38835411' action='modify'>
    <nd ref='-181815956' />
    <nd ref='-181815957' />
    <tag k='type' v='straight' />
  </way>
  <way id='-38835412' action='modify'>
    <nd ref='-181815959' />
    <nd ref='-181815960' />
    <tag k='type' v='straight' />
  </way>
  <way id='-38835413' action='modify'>
    <nd ref='-181815960' />
    <nd ref='-181815962' />
  </way>
  <way id='-38835414' action='modify'>
    <nd ref='-181815962' />
    <nd ref='-181815965' />
    <tag k='type' v='straight' />
  </way>
  <way id='-38835415' action='modify'>
    <nd ref='-181815967' />
    <nd ref='-181815973' />
    <nd ref='-181815972' />
    <nd ref='-181815968' />
  </way>
  <way id='-38835416' action='modify'>
    <nd ref='-181815965' />
    <nd ref='-181815963' />
    <tag k='type' v='straight' />
  </way>
  <way id='-38835417' action='modify'>
    <nd ref='-181815965' />
    <nd ref='-181815964' />
    <tag k='type' v='straight' />
  </way>
  <way id='-38835418' action='modify'>
    <nd ref='-181815964' />
    <nd ref='-181815966' />
  </way>
  <way id='-38835419' action='modify'>
    <nd ref='-181815966' />
    <nd ref='-181815967' />
    <tag k='type' v='straight' />
  </way>
  <way id='-38835420' action='modify'>
    <nd ref='-181815968' />
    <nd ref='-181815969' />
    <tag k='type' v='straight' />
  </way>
  <way id='-38835421' action='modify'>
    <nd ref='-181815969' />
    <nd ref='-181815970' />
  </way>
  <way id='-38835422' action='modify'>
    <nd ref='-181815970' />
    <nd ref='-181815971' />
    <tag k='type' v='straight' />
  </way>
  <way id='-38835423' action='modify'>
    <nd ref='-181815971' />
    <nd ref='-181815974' />
  </way>
  <way id='-38835424' action='modify'>
    <nd ref='-181815974' />
    <nd ref='-181815975' />
    <tag k='type' v='straight' />
  </way>
  <way id='-38835425' action='modify'>
    <nd ref='-181815975' />
    <nd ref='-181815976' />
  </way>
  <way id='-38835426' action='modify'>
    <nd ref='-181815976' />
    <nd ref='-181815977' />
    <tag k='type' v='straight' />
  </way>
  <way id='-38835427' action='modify'>
    <nd ref='-181815977' />
    <nd ref='-181815978' />
  </way>
  <way id='-38835428' action='modify'>
    <nd ref='-181815978' />
    <nd ref='-181815979' />
    <tag k='type' v='straight' />
  </way>
  <way id='-38835429' action='modify'>
    <nd ref='-181815979' />
    <nd ref='-181815980' />
  </way>
  <way id='-38835430' action='modify'>
    <nd ref='-181815980' />
    <nd ref='-181815981' />
    <tag k='type' v='straight' />
  </way>
  <way id='-38835431' action='modify'>
    <nd ref='-181815985' />
    <nd ref='-181815986' />
    <nd ref='-181815989' />
    <tag k='type' v='straight' />
  </way>
  <way id='-38835432' action='modify'>
    <nd ref='-181815989' />
    <nd ref='-181815988' />
  </way>
  <way id='-38835433' action='modify'>
    <nd ref='-181815988' />
    <nd ref='-181815987' />
    <tag k='type' v='straight' />
  </way>
  <way id='-38835434' action='modify'>
    <nd ref='-181815987' />
    <nd ref='-181815990' />
  </way>
  <way id='-38835435' action='modify'>
    <nd ref='-181815990' />
    <nd ref='-181815996' />
    <tag k='type' v='straight' />
  </way>
  <way id='-38835436' action='modify'>
    <nd ref='-181815992' />
    <nd ref='-181815991' />
    <tag k='type' v='straight' />
  </way>
  <way id='-38835437' action='modify'>
    <nd ref='-181815991' />
    <nd ref='-181815993' />
  </way>
  <way id='-38835438' action='modify'>
    <nd ref='-181815993' />
    <nd ref='-181815995' />
    <tag k='type' v='straight' />
  </way>
  <way id='-38835439' action='modify'>
    <nd ref='-181815995' />
    <nd ref='-181815994' />
  </way>
  <way id='-38835440' action='modify'>
    <nd ref='-181815994' />
    <nd ref='-181815981' />
    <tag k='type' v='straight' />
  </way>
  <way id='-38835441' action='modify'>
    <nd ref='-181815996' />
    <nd ref='-181815992' />
  </way>
  <way id='-38835442' action='modify'>
    <nd ref='-181815683' />
    <nd ref='-181815982' />
    <tag k='type' v='straight' />
  </way>
  <way id='-38835443' action='modify'>
    <nd ref='-181815982' />
    <nd ref='-181815983' />
  </way>
  <way id='-38835444' action='modify'>
    <nd ref='-181815983' />
    <nd ref='-181815984' />
    <tag k='type' v='straight' />
  </way>
  <way id='-38835445' action='modify'>
    <nd ref='-181815984' />
    <nd ref='-181815985' />
  </way>
  <way id='-38835446' action='modify'>
    <nd ref='-181815624' />
    <nd ref='-181815997' />
    <tag k='type' v='straight' />
  </way>
  <way id='-38835447' action='modify'>
    <nd ref='-181815997' />
    <nd ref='-181815998' />
  </way>
  <way id='-38835448' action='modify'>
    <nd ref='-181815998' />
    <nd ref='-181815999' />
    <tag k='type' v='straight' />
  </way>
  <way id='-38835449' action='modify'>
    <nd ref='-181815999' />
    <nd ref='-181816000' />
  </way>
  <way id='-38835450' action='modify'>
    <nd ref='-181816000' />
    <nd ref='-181816001' />
    <tag k='type' v='straight' />
  </way>
  <way id='-38835451' action='modify'>
    <nd ref='-181816001' />
    <nd ref='-181816002' />
  </way>
  <way id='-38835452' action='modify'>
    <nd ref='-181816002' />
    <nd ref='-181816003' />
    <tag k='type' v='straight' />
  </way>
  <way id='-38835453' action='modify'>
    <nd ref='-181816003' />
    <nd ref='-181816004' />
  </way>
  <way id='-38835454' action='modify'>
    <nd ref='-181816004' />
    <nd ref='-181816005' />
    <tag k='type' v='straight' />
  </way>
  <way id='-38835455' action='modify'>
    <nd ref='-181816011' />
    <nd ref='-181816012' />
    <nd ref='-181816013' />
  </way>
  <way id='-38835456' action='modify'>
    <nd ref='-181815655' />
    <nd ref='-181815656' />
    <tag k='type' v='straight' />
  </way>
  <way id='-38835457' action='modify'>
    <nd ref='-181815771' />
    <nd ref='-181815770' />
    <tag k='type' v='straight' />
  </way>
  <way id='-38835458' action='modify'>
    <nd ref='-181815770' />
    <nd ref='-181815772' />
    <tag k='type' v='straight' />
  </way>
  <way id='-38835459' action='modify'>
    <nd ref='-181815655' />
    <nd ref='-181816006' />
  </way>
  <way id='-38835460' action='modify'>
    <nd ref='-181816006' />
    <nd ref='-181816007' />
    <tag k='type' v='straight' />
  </way>
  <way id='-38835461' action='modify'>
    <nd ref='-181816007' />
    <nd ref='-181816017' />
  </way>
  <way id='-38835462' action='modify'>
    <nd ref='-181816017' />
    <nd ref='-181816016' />
    <tag k='type' v='straight' />
  </way>
  <way id='-38835463' action='modify'>
    <nd ref='-181816016' />
    <nd ref='-181816008' />
  </way>
  <way id='-38835464' action='modify'>
    <nd ref='-181816008' />
    <nd ref='-181816009' />
    <tag k='type' v='straight' />
  </way>
  <way id='-38835465' action='modify'>
    <nd ref='-181816009' />
    <nd ref='-181816010' />
  </way>
  <way id='-38835466' action='modify'>
    <nd ref='-181816010' />
    <nd ref='-181816011' />
    <tag k='type' v='straight' />
  </way>
  <way id='-38835467' action='modify'>
    <nd ref='-181816013' />
    <nd ref='-181816014' />
    <tag k='type' v='straight' />
  </way>
  <way id='-38835468' action='modify'>
    <nd ref='-181816014' />
    <nd ref='-181816015' />
    <nd ref='-181815770' />
  </way>
  <way id='-38835469' action='modify'>
    <nd ref='-181816019' />
    <nd ref='-181816018' />
    <tag k='type' v='straight' />
  </way>
  <way id='-38835470' action='modify'>
    <nd ref='-181816023' />
    <nd ref='-181815805' />
    <tag k='type' v='straight' />
  </way>
  <way id='-38835471' action='modify'>
    <nd ref='-181816018' />
    <nd ref='-181816020' />
  </way>
  <way id='-38835472' action='modify'>
    <nd ref='-181816020' />
    <nd ref='-181816021' />
    <tag k='type' v='straight' />
  </way>
  <way id='-38835473' action='modify'>
    <nd ref='-181816021' />
    <nd ref='-181816027' />
    <nd ref='-181816022' />
  </way>
  <way id='-38835474' action='modify'>
    <nd ref='-181816022' />
    <nd ref='-181816023' />
    <tag k='type' v='straight' />
  </way>
  <way id='-38835475' action='modify'>
    <nd ref='-181815809' />
    <nd ref='-181816026' />
    <nd ref='-181816024' />
  </way>
  <way id='-38835476' action='modify'>
    <nd ref='-181816025' />
    <nd ref='-181816030' />
    <nd ref='-181816031' />
    <nd ref='-181816028' />
  </way>
  <way id='-38835477' action='modify'>
    <nd ref='-181816024' />
    <nd ref='-181816025' />
    <tag k='type' v='straight' />
  </way>
  <way id='-38835478' action='modify'>
    <nd ref='-181816028' />
    <nd ref='-181816029' />
    <tag k='type' v='straight' />
  </way>
  <way id='-38835479' action='modify'>
    <nd ref='-181816033' />
    <nd ref='-181816032' />
    <tag k='type' v='straight' />
  </way>
  <way id='-38835480' action='modify'>
    <nd ref='-181816033' />
    <nd ref='-181815836' />
    <tag k='type' v='straight' />
  </way>
  <way id='-38835481' action='modify'>
    <nd ref='-181815824' />
    <nd ref='-181816029' />
    <tag k='type' v='straight' />
  </way>
  <way id='-38835482' action='modify'>
    <nd ref='-181816032' />
    <nd ref='-181816034' />
  </way>
  <way id='-38835483' action='modify'>
    <nd ref='-181816034' />
    <nd ref='-181816035' />
    <tag k='type' v='straight' />
  </way>
  <way id='-38835484' action='modify'>
    <nd ref='-181816035' />
    <nd ref='-181816036' />
  </way>
  <way id='-38835485' action='modify'>
    <nd ref='-181816036' />
    <nd ref='-181816037' />
    <tag k='type' v='straight' />
  </way>
  <way id='-38835486' action='modify'>
    <nd ref='-181816037' />
    <nd ref='-181816038' />
  </way>
  <way id='-38835487' action='modify'>
    <nd ref='-181816038' />
    <nd ref='-181816039' />
    <tag k='type' v='straight' />
  </way>
  <way id='-38835488' action='modify'>
    <nd ref='-181815635' />
    <nd ref='-181816040' />
    <nd ref='-181816041' />
    <tag k='type' v='straight' />
  </way>
  <way id='-38835489' action='modify'>
    <nd ref='-181816049' />
    <nd ref='-181816052' />
    <tag k='type' v='straight' />
  </way>
  <way id='-38835490' action='modify'>
    <nd ref='-181816052' />
    <nd ref='-181816050' />
  </way>
  <way id='-38835491' action='modify'>
    <nd ref='-181816050' />
    <nd ref='-181816051' />
    <tag k='type' v='straight' />
  </way>
  <way id='-38835492' action='modify'>
    <nd ref='-181816051' />
    <nd ref='-181816053' />
  </way>
  <way id='-38835493' action='modify'>
    <nd ref='-181816053' />
    <nd ref='-181816054' />
    <tag k='type' v='straight' />
  </way>
  <way id='-38835494' action='modify'>
    <nd ref='-181816054' />
    <nd ref='-181816055' />
  </way>
  <way id='-38835495' action='modify'>
    <nd ref='-181816055' />
    <nd ref='-181816056' />
    <tag k='type' v='straight' />
  </way>
  <way id='-38835496' action='modify'>
    <nd ref='-181816056' />
    <nd ref='-181816057' />
    <nd ref='-181816058' />
  </way>
  <way id='-38835497' action='modify'>
    <nd ref='-181816058' />
    <nd ref='-181816059' />
    <tag k='type' v='straight' />
  </way>
  <way id='-38835498' action='modify'>
    <nd ref='-181816059' />
    <nd ref='-181815804' />
  </way>
  <way id='-38835499' action='modify'>
    <nd ref='-181816041' />
    <nd ref='-181816042' />
  </way>
  <way id='-38835500' action='modify'>
    <nd ref='-181816042' />
    <nd ref='-181816043' />
    <tag k='type' v='straight' />
  </way>
  <way id='-38835501' action='modify'>
    <nd ref='-181816043' />
    <nd ref='-181816044' />
  </way>
  <way id='-38835502' action='modify'>
    <nd ref='-181816044' />
    <nd ref='-181816045' />
    <nd ref='-181816046' />
    <tag k='type' v='straight' />
  </way>
  <way id='-38835503' action='modify'>
    <nd ref='-181816046' />
    <nd ref='-181816047' />
  </way>
  <way id='-38835504' action='modify'>
    <nd ref='-181816047' />
    <nd ref='-181816048' />
    <tag k='type' v='straight' />
  </way>
  <way id='-38835505' action='modify'>
    <nd ref='-181816048' />
    <nd ref='-181816049' />
  </way>
  <way id='-38835506' action='modify'>
    <nd ref='-181816045' />
    <nd ref='-181816060' />
    <tag k='type' v='straight' />
  </way>
  <way id='-38835507' action='modify'>
    <nd ref='-181816060' />
    <nd ref='-181816061' />
  </way>
  <way id='-38835508' action='modify'>
    <nd ref='-181816061' />
    <nd ref='-181816062' />
    <tag k='type' v='straight' />
  </way>
  <way id='-38835509' action='modify'>
    <nd ref='-181816062' />
    <nd ref='-181816063' />
  </way>
  <way id='-38835510' action='modify'>
    <nd ref='-181816063' />
    <nd ref='-181816064' />
    <tag k='type' v='straight' />
  </way>
  <way id='-38835511' action='modify'>
    <nd ref='-181816064' />
    <nd ref='-181816065' />
  </way>
  <way id='-38835512' action='modify'>
    <nd ref='-181816065' />
    <nd ref='-181816066' />
    <tag k='type' v='straight' />
  </way>
  <way id='-38835513' action='modify'>
    <nd ref='-181816066' />
    <nd ref='-181816067' />
  </way>
  <way id='-38835514' action='modify'>
    <nd ref='-181816067' />
    <nd ref='-181816027' />
    <tag k='type' v='straight' />
  </way>
  <way id='-38835515' action='modify'>
    <nd ref='-181816070' />
    <nd ref='-181816071' />
    <nd ref='-181816072' />
    <nd ref='-181816075' />
    <nd ref='-181816073' />
  </way>
  <way id='-38835516' action='modify'>
    <nd ref='-181816040' />
    <nd ref='-181816068' />
    <tag k='type' v='straight' />
  </way>
  <way id='-38835517' action='modify'>
    <nd ref='-181816068' />
    <nd ref='-181816069' />
  </way>
  <way id='-38835518' action='modify'>
    <nd ref='-181816069' />
    <nd ref='-181816070' />
    <tag k='type' v='straight' />
  </way>
  <way id='-38835519' action='modify'>
    <nd ref='-181816073' />
    <nd ref='-181816074' />
    <tag k='type' v='straight' />
  </way>
  <way id='-38835520' action='modify'>
    <nd ref='-181816074' />
    <nd ref='-181816076' />
  </way>
  <way id='-38835521' action='modify'>
    <nd ref='-181816076' />
    <nd ref='-181816084' />
    <tag k='type' v='straight' />
  </way>
  <way id='-38835522' action='modify'>
    <nd ref='-181816084' />
    <nd ref='-181816077' />
    <tag k='type' v='straight' />
  </way>
  <way id='-38835523' action='modify'>
    <nd ref='-181816077' />
    <nd ref='-181816080' />
    <nd ref='-181816078' />
  </way>
  <way id='-38835524' action='modify'>
    <nd ref='-181816078' />
    <nd ref='-181816079' />
    <tag k='type' v='straight' />
  </way>
  <way id='-38835525' action='modify'>
    <nd ref='-181816079' />
    <nd ref='-181816083' />
  </way>
  <way id='-38835526' action='modify'>
    <nd ref='-181816083' />
    <nd ref='-181816082' />
    <tag k='type' v='straight' />
  </way>
  <way id='-38835527' action='modify'>
    <nd ref='-181816082' />
    <nd ref='-181816081' />
  </way>
  <way id='-38835528' action='modify'>
    <nd ref='-181816081' />
    <nd ref='-181815772' />
    <tag k='type' v='straight' />
  </way>
  <way id='-38835529' action='modify'>
    <nd ref='-181816095' />
    <nd ref='-181816100' />
    <nd ref='-181816098' />
  </way>
  <way id='-38835530' action='modify'>
    <nd ref='-181816098' />
    <nd ref='-181816099' />
    <tag k='type' v='straight' />
  </way>
  <way id='-38835531' action='modify'>
    <nd ref='-181816099' />
    <nd ref='-181816101' />
  </way>
  <way id='-38835532' action='modify'>
    <nd ref='-181816101' />
    <nd ref='-181815637' />
    <tag k='type' v='straight' />
  </way>
  <way id='-38835533' action='modify'>
    <nd ref='-181816085' />
    <nd ref='-181816086' />
    <tag k='type' v='straight' />
  </way>
  <way id='-38835534' action='modify'>
    <nd ref='-181816086' />
    <nd ref='-181816089' />
  </way>
  <way id='-38835535' action='modify'>
    <nd ref='-181816089' />
    <nd ref='-181816087' />
    <tag k='type' v='straight' />
  </way>
  <way id='-38835536' action='modify'>
    <nd ref='-181816087' />
    <nd ref='-181816088' />
    <tag k='type' v='straight' />
  </way>
  <way id='-38835537' action='modify'>
    <nd ref='-181816088' />
    <nd ref='-181816092' />
  </way>
  <way id='-38835538' action='modify'>
    <nd ref='-181816092' />
    <nd ref='-181816093' />
    <tag k='type' v='straight' />
  </way>
  <way id='-38835539' action='modify'>
    <nd ref='-181816093' />
    <nd ref='-181816090' />
  </way>
  <way id='-38835540' action='modify'>
    <nd ref='-181816090' />
    <nd ref='-181816091' />
    <tag k='type' v='straight' />
  </way>
  <way id='-38835541' action='modify'>
    <nd ref='-181816091' />
    <nd ref='-181816096' />
  </way>
  <way id='-38835542' action='modify'>
    <nd ref='-181816096' />
    <nd ref='-181816097' />
    <tag k='type' v='straight' />
  </way>
  <way id='-38835543' action='modify'>
    <nd ref='-181816097' />
    <nd ref='-181816094' />
  </way>
  <way id='-38835544' action='modify'>
    <nd ref='-181816094' />
    <nd ref='-181816095' />
    <tag k='type' v='straight' />
  </way>
  <way id='-38835545' action='modify'>
    <nd ref='-181816103' />
    <nd ref='-181816113' />
    <nd ref='-181816112' />
    <nd ref='-181816114' />
    <nd ref='-181816115' />
    <nd ref='-181816116' />
    <nd ref='-181816111' />
  </way>
  <way id='-38835546' action='modify'>
    <nd ref='-181815624' />
    <nd ref='-181816104' />
    <tag k='type' v='straight' />
  </way>
  <way id='-38835547' action='modify'>
    <nd ref='-181816104' />
    <nd ref='-181816102' />
  </way>
  <way id='-38835548' action='modify'>
    <nd ref='-181816102' />
    <nd ref='-181816103' />
    <tag k='type' v='straight' />
  </way>
  <way id='-38835549' action='modify'>
    <nd ref='-181816111' />
    <nd ref='-181816110' />
    <tag k='type' v='straight' />
  </way>
  <way id='-38835550' action='modify'>
    <nd ref='-181816110' />
    <nd ref='-181816109' />
  </way>
  <way id='-38835551' action='modify'>
    <nd ref='-181816109' />
    <nd ref='-181816108' />
    <tag k='type' v='straight' />
  </way>
  <way id='-38835552' action='modify'>
    <nd ref='-181816108' />
    <nd ref='-181816105' />
  </way>
  <way id='-38835553' action='modify'>
    <nd ref='-181816105' />
    <nd ref='-181816106' />
    <tag k='type' v='straight' />
  </way>
  <way id='-38835554' action='modify'>
    <nd ref='-181816106' />
    <nd ref='-181816107' />
  </way>
  <way id='-38835555' action='modify'>
    <nd ref='-181816107' />
    <nd ref='-181816087' />
    <tag k='type' v='straight' />
  </way>
  <way id='-38835556' action='modify'>
    <nd ref='-181815639' />
    <nd ref='-181815640' />
    <tag k='type' v='straight' />
  </way>
  <way id='-38835557' action='modify'>
    <nd ref='-181815640' />
    <nd ref='-181816117' />
  </way>
  <way id='-38835558' action='modify'>
    <nd ref='-181816117' />
    <nd ref='-181816140' />
    <nd ref='-181816118' />
    <tag k='type' v='straight' />
  </way>
  <way id='-38835559' action='modify'>
    <nd ref='-181816118' />
    <nd ref='-181816119' />
  </way>
  <way id='-38835560' action='modify'>
    <nd ref='-181816119' />
    <nd ref='-181816120' />
    <tag k='type' v='straight' />
  </way>
  <way id='-38835561' action='modify'>
    <nd ref='-181816120' />
    <nd ref='-181816121' />
  </way>
  <way id='-38835562' action='modify'>
    <nd ref='-181816121' />
    <nd ref='-181816122' />
    <tag k='type' v='straight' />
  </way>
  <way id='-38835563' action='modify'>
    <nd ref='-181816122' />
    <nd ref='-181816123' />
  </way>
  <way id='-38835564' action='modify'>
    <nd ref='-181816123' />
    <nd ref='-181816124' />
    <tag k='type' v='straight' />
  </way>
  <way id='-38835565' action='modify'>
    <nd ref='-181816124' />
    <nd ref='-181816125' />
  </way>
  <way id='-38835566' action='modify'>
    <nd ref='-181816125' />
    <nd ref='-181816126' />
    <tag k='type' v='straight' />
  </way>
  <way id='-38835567' action='modify'>
    <nd ref='-181816127' />
    <nd ref='-181816128' />
    <tag k='type' v='straight' />
  </way>
  <way id='-38835568' action='modify'>
    <nd ref='-181816128' />
    <nd ref='-181816129' />
  </way>
  <way id='-38835569' action='modify'>
    <nd ref='-181816129' />
    <nd ref='-181816130' />
    <tag k='type' v='straight' />
  </way>
  <way id='-38835570' action='modify'>
    <nd ref='-181816130' />
    <nd ref='-181816141' />
    <nd ref='-181816131' />
    <tag k='type' v='straight' />
  </way>
  <way id='-38835571' action='modify'>
    <nd ref='-181816131' />
    <nd ref='-181816137' />
  </way>
  <way id='-38835572' action='modify'>
    <nd ref='-181816137' />
    <nd ref='-181816136' />
    <tag k='type' v='straight' />
  </way>
  <way id='-38835573' action='modify'>
    <nd ref='-181816136' />
    <nd ref='-181816135' />
  </way>
  <way id='-38835574' action='modify'>
    <nd ref='-181816135' />
    <nd ref='-181816134' />
    <tag k='type' v='straight' />
  </way>
  <way id='-38835575' action='modify'>
    <nd ref='-181816134' />
    <nd ref='-181816132' />
  </way>
  <way id='-38835576' action='modify'>
    <nd ref='-181816132' />
    <nd ref='-181816133' />
    <tag k='type' v='straight' />
  </way>
  <way id='-38835577' action='modify'>
    <nd ref='-181816133' />
    <nd ref='-181816138' />
    <tag k='type' v='straight' />
  </way>
  <way id='-38835578' action='modify'>
    <nd ref='-181816138' />
    <nd ref='-181816139' />
    <tag k='type' v='straight' />
  </way>
  <way id='-38835579' action='modify'>
    <nd ref='-181816141' />
    <nd ref='-181816142' />
    <tag k='type' v='straight' />
  </way>
  <way id='-38835580' action='modify'>
    <nd ref='-181816142' />
    <nd ref='-181816143' />
  </way>
  <way id='-38835581' action='modify'>
    <nd ref='-181816143' />
    <nd ref='-181816144' />
    <tag k='type' v='straight' />
  </way>
  <way id='-38835582' action='modify'>
    <nd ref='-181816144' />
    <nd ref='-181816145' />
  </way>
  <way id='-38835583' action='modify'>
    <nd ref='-181816145' />
    <nd ref='-181816146' />
    <tag k='type' v='straight' />
  </way>
  <way id='-38835584' action='modify'>
    <nd ref='-181816146' />
    <nd ref='-181816147' />
  </way>
  <way id='-38835585' action='modify'>
    <nd ref='-181816147' />
    <nd ref='-181816148' />
    <tag k='type' v='straight' />
  </way>
  <way id='-38835586' action='modify'>
    <nd ref='-181816148' />
    <nd ref='-181816149' />
  </way>
  <way id='-38835587' action='modify'>
    <nd ref='-181816149' />
    <nd ref='-181816150' />
    <tag k='type' v='straight' />
  </way>
  <way id='-38835588' action='modify'>
    <nd ref='-181816150' />
    <nd ref='-181816151' />
  </way>
  <way id='-38835589' action='modify'>
    <nd ref='-181816151' />
    <nd ref='-181816152' />
    <tag k='type' v='straight' />
  </way>
  <way id='-38835590' action='modify'>
    <nd ref='-181816152' />
    <nd ref='-181816153' />
  </way>
  <way id='-38835591' action='modify'>
    <nd ref='-181816153' />
    <nd ref='-181816154' />
    <tag k='type' v='straight' />
  </way>
  <way id='-38835592' action='modify'>
    <nd ref='-181816154' />
    <nd ref='-181816155' />
  </way>
  <way id='-38835593' action='modify'>
    <nd ref='-181816155' />
    <nd ref='-181816156' />
    <tag k='type' v='straight' />
  </way>
  <way id='-38835594' action='modify'>
    <nd ref='-181816156' />
    <nd ref='-181816157' />
  </way>
  <way id='-38835595' action='modify'>
    <nd ref='-181816157' />
    <nd ref='-181816158' />
    <tag k='type' v='straight' />
  </way>
  <way id='-38835596' action='modify'>
    <nd ref='-181816160' />
    <nd ref='-181816161' />
    <nd ref='-181816162' />
  </way>
  <way id='-38835597' action='modify'>
    <nd ref='-181816159' />
    <nd ref='-181816160' />
    <tag k='type' v='straight' />
  </way>
  <way id='-38835598' action='modify'>
    <nd ref='-181816162' />
    <nd ref='-181816134' />
    <tag k='type' v='straight' />
  </way>
  <way id='-38835599' action='modify'>
    <nd ref='-181816166' />
    <nd ref='-181816168' />
    <nd ref='-181816169' />
    <nd ref='-181816170' />
  </way>
  <way id='-38835600' action='modify'>
    <nd ref='-181816164' />
    <nd ref='-181816163' />
    <tag k='type' v='straight' />
  </way>
  <way id='-38835601' action='modify'>
    <nd ref='-181816163' />
    <nd ref='-181816167' />
    <nd ref='-181816165' />
  </way>
  <way id='-38835602' action='modify'>
    <nd ref='-181816165' />
    <nd ref='-181816166' />
    <tag k='type' v='straight' />
  </way>
  <way id='-38835603' action='modify'>
    <nd ref='-181816170' />
    <nd ref='-181816171' />
    <tag k='type' v='straight' />
  </way>
  <way id='-38835604' action='modify'>
    <nd ref='-181816171' />
    <nd ref='-181816172' />
  </way>
  <way id='-38835605' action='modify'>
    <nd ref='-181816172' />
    <nd ref='-181816173' />
    <tag k='type' v='straight' />
  </way>
  <way id='-38835606' action='modify'>
    <nd ref='-181816173' />
    <nd ref='-181816174' />
  </way>
  <way id='-38835607' action='modify'>
    <nd ref='-181816174' />
    <nd ref='-181816175' />
    <tag k='type' v='straight' />
  </way>
  <way id='-38835608' action='modify'>
    <nd ref='-181816174' />
    <nd ref='-181816176' />
  </way>
  <way id='-38835609' action='modify'>
    <nd ref='-181816176' />
    <nd ref='-181816177' />
    <tag k='type' v='straight' />
  </way>
  <way id='-38835610' action='modify'>
    <nd ref='-181816177' />
    <nd ref='-181816017' />
  </way>
  <way id='-38835611' action='modify'>
    <nd ref='-181816183' />
    <nd ref='-181816182' />
    <tag k='type' v='straight' />
  </way>
  <way id='-38835612' action='modify'>
    <nd ref='-181816182' />
    <nd ref='-181816178' />
  </way>
  <way id='-38835613' action='modify'>
    <nd ref='-181816178' />
    <nd ref='-181816179' />
    <tag k='type' v='straight' />
  </way>
  <way id='-38835614' action='modify'>
    <nd ref='-181816179' />
    <nd ref='-181816180' />
  </way>
  <way id='-38835615' action='modify'>
    <nd ref='-181816180' />
    <nd ref='-181816181' />
    <tag k='type' v='straight' />
  </way>
  <way id='-38835616' action='modify'>
    <nd ref='-181816181' />
    <nd ref='-181816184' />
  </way>
  <way id='-38835617' action='modify'>
    <nd ref='-181816184' />
    <nd ref='-181816185' />
    <tag k='type' v='straight' />
  </way>
  <way id='-38835618' action='modify'>
    <nd ref='-181816185' />
    <nd ref='-181816186' />
  </way>
  <way id='-38835619' action='modify'>
    <nd ref='-181816186' />
    <nd ref='-181816187' />
    <tag k='type' v='straight' />
  </way>
  <way id='-38835620' action='modify'>
    <nd ref='-181816187' />
    <nd ref='-181816188' />
  </way>
  <way id='-38835621' action='modify'>
    <nd ref='-181816188' />
    <nd ref='-181815888' />
    <tag k='type' v='straight' />
  </way>
  <way id='-38835622' action='modify'>
    <nd ref='-181815663' />
    <nd ref='-181816189' />
    <tag k='type' v='straight' />
  </way>
  <way id='-38835623' action='modify'>
    <nd ref='-181816189' />
    <nd ref='-181816190' />
  </way>
  <way id='-38835624' action='modify'>
    <nd ref='-181816190' />
    <nd ref='-181816191' />
    <tag k='type' v='straight' />
  </way>
  <way id='-38835625' action='modify'>
    <nd ref='-181816191' />
    <nd ref='-181816192' />
  </way>
  <way id='-38835626' action='modify'>
    <nd ref='-181816192' />
    <nd ref='-181816193' />
    <tag k='type' v='straight' />
  </way>
  <way id='-38835627' action='modify'>
    <nd ref='-181816193' />
    <nd ref='-181816194' />
  </way>
  <way id='-38835628' action='modify'>
    <nd ref='-181816194' />
    <nd ref='-181816130' />
    <tag k='type' v='straight' />
  </way>
  <way id='-38835629' action='modify'>
    <nd ref='-181816207' />
    <nd ref='-181816206' />
    <nd ref='-181816205' />
  </way>
  <way id='-38835630' action='modify'>
    <nd ref='-181816196' />
    <nd ref='-181816197' />
  </way>
  <way id='-38835631' action='modify'>
    <nd ref='-181816197' />
    <nd ref='-181816198' />
    <tag k='type' v='straight' />
  </way>
  <way id='-38835632' action='modify'>
    <nd ref='-181816198' />
    <nd ref='-181816199' />
  </way>
  <way id='-38835633' action='modify'>
    <nd ref='-181816199' />
    <nd ref='-181816200' />
    <tag k='type' v='straight' />
  </way>
  <way id='-38835634' action='modify'>
    <nd ref='-181816200' />
    <nd ref='-181816201' />
  </way>
  <way id='-38835635' action='modify'>
    <nd ref='-181816201' />
    <nd ref='-181816202' />
    <tag k='type' v='straight' />
  </way>
  <way id='-38835636' action='modify'>
    <nd ref='-181816202' />
    <nd ref='-181816203' />
  </way>
  <way id='-38835637' action='modify'>
    <nd ref='-181816203' />
    <nd ref='-181816204' />
    <tag k='type' v='straight' />
  </way>
  <way id='-38835638' action='modify'>
    <nd ref='-181816195' />
    <nd ref='-181816207' />
    <tag k='type' v='straight' />
  </way>
  <way id='-38835639' action='modify'>
    <nd ref='-181816205' />
    <nd ref='-181816196' />
    <tag k='type' v='straight' />
  </way>
  <way id='-38835640' action='modify'>
    <nd ref='-181816208' />
    <nd ref='-181816209' />
    <tag k='type' v='straight' />
  </way>
  <way id='-38835641' action='modify'>
    <nd ref='-181816220' />
    <nd ref='-181815669' />
    <tag k='type' v='straight' />
  </way>
  <way id='-38835642' action='modify'>
    <nd ref='-181815669' />
    <nd ref='-181815670' />
    <tag k='type' v='straight' />
  </way>
  <way id='-38835643' action='modify'>
    <nd ref='-181816209' />
    <nd ref='-181816216' />
    <nd ref='-181816215' />
  </way>
  <way id='-38835644' action='modify'>
    <nd ref='-181816215' />
    <nd ref='-181816214' />
    <tag k='type' v='straight' />
  </way>
  <way id='-38835645' action='modify'>
    <nd ref='-181816214' />
    <nd ref='-181816210' />
  </way>
  <way id='-38835646' action='modify'>
    <nd ref='-181816210' />
    <nd ref='-181816211' />
    <tag k='type' v='straight' />
  </way>
  <way id='-38835647' action='modify'>
    <nd ref='-181816211' />
    <nd ref='-181816212' />
  </way>
  <way id='-38835648' action='modify'>
    <nd ref='-181816212' />
    <nd ref='-181816213' />
    <tag k='type' v='straight' />
  </way>
  <way id='-38835649' action='modify'>
    <nd ref='-181816213' />
    <nd ref='-181815669' />
  </way>
  <way id='-38835650' action='modify'>
    <nd ref='-181816220' />
    <nd ref='-181816217' />
    <tag k='type' v='straight' />
  </way>
  <way id='-38835651' action='modify'>
    <nd ref='-181816217' />
    <nd ref='-181816218' />
  </way>
  <way id='-38835652' action='modify'>
    <nd ref='-181816218' />
    <nd ref='-181816219' />
    <tag k='type' v='straight' />
  </way>
  <way id='-38835653' action='modify'>
    <nd ref='-181816219' />
    <nd ref='-181816221' />
  </way>
  <way id='-38835654' action='modify'>
    <nd ref='-181816221' />
    <nd ref='-181816222' />
    <tag k='type' v='straight' />
  </way>
  <way id='-38835655' action='modify'>
    <nd ref='-181816222' />
    <nd ref='-181816223' />
  </way>
  <way id='-38835656' action='modify'>
    <nd ref='-181816223' />
    <nd ref='-181816224' />
    <tag k='type' v='straight' />
  </way>
  <way id='-38835657' action='modify'>
    <nd ref='-181816224' />
    <nd ref='-181816225' />
  </way>
  <way id='-38835658' action='modify'>
    <nd ref='-181816225' />
    <nd ref='-181816226' />
    <tag k='type' v='straight' />
  </way>
  <way id='-38835659' action='modify'>
    <nd ref='-181815894' />
    <nd ref='-181816227' />
  </way>
  <way id='-38835660' action='modify'>
    <nd ref='-181816227' />
    <nd ref='-181816229' />
    <tag k='type' v='straight' />
  </way>
  <way id='-38835661' action='modify'>
    <nd ref='-181816228' />
    <nd ref='-181815896' />
    <tag k='type' v='straight' />
  </way>
  <way id='-38835662' action='modify'>
    <nd ref='-181815896' />
    <nd ref='-181815897' />
  </way>
  <way id='-38835663' action='modify'>
    <nd ref='-181816229' />
    <nd ref='-181815895' />
    <tag k='type' v='straight' />
  </way>
  <way id='-38835664' action='modify'>
    <nd ref='-181816229' />
    <nd ref='-181816230' />
  </way>
  <way id='-38835665' action='modify'>
    <nd ref='-181816231' />
    <nd ref='-181816232' />
    <nd ref='-181816233' />
  </way>
  <way id='-38835666' action='modify'>
    <nd ref='-181816230' />
    <nd ref='-181816231' />
    <tag k='type' v='straight' />
  </way>
  <way id='-38835667' action='modify'>
    <nd ref='-181816236' />
    <nd ref='-181816243' />
    <nd ref='-181816237' />
  </way>
  <way id='-38835668' action='modify'>
    <nd ref='-181816238' />
    <nd ref='-181816240' />
  </way>
  <way id='-38835669' action='modify'>
    <nd ref='-181816240' />
    <nd ref='-181816239' />
    <tag k='type' v='straight' />
  </way>
  <way id='-38835670' action='modify'>
    <nd ref='-181816233' />
    <nd ref='-181816234' />
    <tag k='type' v='straight' />
  </way>
  <way id='-38835671' action='modify'>
    <nd ref='-181816234' />
    <nd ref='-181816241' />
    <nd ref='-181816242' />
    <nd ref='-181816235' />
  </way>
  <way id='-38835672' action='modify'>
    <nd ref='-181816235' />
    <nd ref='-181816236' />
    <tag k='type' v='straight' />
  </way>
  <way id='-38835673' action='modify'>
    <nd ref='-181816237' />
    <nd ref='-181816238' />
    <tag k='type' v='straight' />
  </way>
  <way id='-38835674' action='modify'>
    <nd ref='-181816251' />
    <nd ref='-181816252' />
    <tag k='type' v='straight' />
  </way>
  <way id='-38835675' action='modify'>
    <nd ref='-181815676' />
    <nd ref='-181816244' />
    <tag k='type' v='straight' />
  </way>
  <way id='-38835676' action='modify'>
    <nd ref='-181816244' />
    <nd ref='-181816245' />
  </way>
  <way id='-38835677' action='modify'>
    <nd ref='-181816245' />
    <nd ref='-181816246' />
    <tag k='type' v='straight' />
  </way>
  <way id='-38835678' action='modify'>
    <nd ref='-181816246' />
    <nd ref='-181816247' />
  </way>
  <way id='-38835679' action='modify'>
    <nd ref='-181816247' />
    <nd ref='-181816248' />
    <tag k='type' v='straight' />
  </way>
  <way id='-38835680' action='modify'>
    <nd ref='-181816248' />
    <nd ref='-181816249' />
    <nd ref='-181816239' />
  </way>
  <way id='-38835681' action='modify'>
    <nd ref='-181816239' />
    <nd ref='-181816250' />
    <tag k='type' v='straight' />
  </way>
  <way id='-38835682' action='modify'>
    <nd ref='-181816250' />
    <nd ref='-181816251' />
  </way>
  <way id='-38835683' action='modify'>
    <nd ref='-181816254' />
    <nd ref='-181816259' />
    <nd ref='-181816258' />
  </way>
  <way id='-38835684' action='modify'>
    <nd ref='-181816258' />
    <nd ref='-181816257' />
    <tag k='type' v='straight' />
  </way>
  <way id='-38835685' action='modify'>
    <nd ref='-181816257' />
    <nd ref='-181816255' />
  </way>
  <way id='-38835686' action='modify'>
    <nd ref='-181816255' />
    <nd ref='-181816256' />
    <tag k='type' v='straight' />
  </way>
  <way id='-38835687' action='modify'>
    <nd ref='-181815908' />
    <nd ref='-181816265' />
    <nd ref='-181816260' />
    <tag k='type' v='straight' />
  </way>
  <way id='-38835688' action='modify'>
    <nd ref='-181816260' />
    <nd ref='-181816261' />
  </way>
  <way id='-38835689' action='modify'>
    <nd ref='-181816261' />
    <nd ref='-181816262' />
    <tag k='type' v='straight' />
  </way>
  <way id='-38835690' action='modify'>
    <nd ref='-181816262' />
    <nd ref='-181816266' />
    <nd ref='-181816263' />
  </way>
  <way id='-38835691' action='modify'>
    <nd ref='-181816263' />
    <nd ref='-181816264' />
    <tag k='type' v='straight' />
  </way>
  <way id='-38835692' action='modify'>
    <nd ref='-181816265' />
    <nd ref='-181816267' />
    <tag k='type' v='straight' />
  </way>
  <way id='-38835693' action='modify'>
    <nd ref='-181816273' />
    <nd ref='-181816274' />
    <tag k='type' v='straight' />
  </way>
  <way id='-38835694' action='modify'>
    <nd ref='-181816274' />
    <nd ref='-181816275' />
  </way>
  <way id='-38835695' action='modify'>
    <nd ref='-181816275' />
    <nd ref='-181816276' />
    <tag k='type' v='straight' />
  </way>
  <way id='-38835696' action='modify'>
    <nd ref='-181816267' />
    <nd ref='-181816268' />
    <nd ref='-181816269' />
    <nd ref='-181816270' />
    <nd ref='-181816271' />
    <nd ref='-181816272' />
    <nd ref='-181816273' />
  </way>
  <way id='-38835697' action='modify'>
    <nd ref='-181816279' />
    <nd ref='-181816280' />
    <nd ref='-181816281' />
  </way>
  <way id='-38835698' action='modify'>
    <nd ref='-181816252' />
    <nd ref='-181816253' />
    <tag k='type' v='straight' />
  </way>
  <way id='-38835699' action='modify'>
    <nd ref='-181816253' />
    <nd ref='-181816254' />
    <tag k='type' v='straight' />
  </way>
  <way id='-38835700' action='modify'>
    <nd ref='-181816288' />
    <nd ref='-181816289' />
    <nd ref='-181816290' />
  </way>
  <way id='-38835701' action='modify'>
    <nd ref='-181815679' />
    <nd ref='-181816277' />
    <tag k='type' v='straight' />
  </way>
  <way id='-38835702' action='modify'>
    <nd ref='-181816277' />
    <nd ref='-181816278' />
  </way>
  <way id='-38835703' action='modify'>
    <nd ref='-181816278' />
    <nd ref='-181816279' />
    <tag k='type' v='straight' />
  </way>
  <way id='-38835704' action='modify'>
    <nd ref='-181816281' />
    <nd ref='-181816282' />
    <tag k='type' v='straight' />
  </way>
  <way id='-38835705' action='modify'>
    <nd ref='-181816282' />
    <nd ref='-181816285' />
  </way>
  <way id='-38835706' action='modify'>
    <nd ref='-181816285' />
    <nd ref='-181816284' />
    <tag k='type' v='straight' />
  </way>
  <way id='-38835707' action='modify'>
    <nd ref='-181816284' />
    <nd ref='-181816283' />
  </way>
  <way id='-38835708' action='modify'>
    <nd ref='-181816283' />
    <nd ref='-181816253' />
    <tag k='type' v='straight' />
  </way>
  <way id='-38835709' action='modify'>
    <nd ref='-181816252' />
    <nd ref='-181816286' />
    <tag k='type' v='straight' />
  </way>
  <way id='-38835710' action='modify'>
    <nd ref='-181816286' />
    <nd ref='-181816287' />
  </way>
  <way id='-38835711' action='modify'>
    <nd ref='-181816287' />
    <nd ref='-181816288' />
    <tag k='type' v='straight' />
  </way>
  <way id='-38835712' action='modify'>
    <nd ref='-181816290' />
    <nd ref='-181816291' />
    <tag k='type' v='straight' />
  </way>
  <way id='-38835713' action='modify'>
    <nd ref='-181815680' />
    <nd ref='-181816292' />
    <tag k='type' v='straight' />
  </way>
  <way id='-38835714' action='modify'>
    <nd ref='-181816292' />
    <nd ref='-181816306' />
  </way>
  <way id='-38835715' action='modify'>
    <nd ref='-181816293' />
    <nd ref='-181816294' />
    <tag k='type' v='straight' />
  </way>
  <way id='-38835716' action='modify'>
    <nd ref='-181816295' />
    <nd ref='-181816296' />
  </way>
  <way id='-38835717' action='modify'>
    <nd ref='-181816293' />
    <nd ref='-181816295' />
    <tag k='type' v='straight' />
  </way>
  <way id='-38835718' action='modify'>
    <nd ref='-181816296' />
    <nd ref='-181816297' />
    <tag k='type' v='straight' />
  </way>
  <way id='-38835719' action='modify'>
    <nd ref='-181816297' />
    <nd ref='-181816298' />
  </way>
  <way id='-38835720' action='modify'>
    <nd ref='-181816298' />
    <nd ref='-181816299' />
    <tag k='type' v='straight' />
  </way>
  <way id='-38835721' action='modify'>
    <nd ref='-181816299' />
    <nd ref='-181816300' />
  </way>
  <way id='-38835722' action='modify'>
    <nd ref='-181816300' />
    <nd ref='-181816301' />
    <tag k='type' v='straight' />
  </way>
  <way id='-38835723' action='modify'>
    <nd ref='-181816301' />
    <nd ref='-181816302' />
  </way>
  <way id='-38835724' action='modify'>
    <nd ref='-181816302' />
    <nd ref='-181816303' />
    <tag k='type' v='straight' />
  </way>
  <way id='-38835725' action='modify'>
    <nd ref='-181816303' />
    <nd ref='-181816304' />
  </way>
  <way id='-38835726' action='modify'>
    <nd ref='-181816304' />
    <nd ref='-181816305' />
    <tag k='type' v='straight' />
  </way>
  <way id='-38835727' action='modify'>
    <nd ref='-181816305' />
    <nd ref='-181816204' />
  </way>
  <way id='-38835728' action='modify'>
    <nd ref='-181816306' />
    <nd ref='-181816293' />
    <tag k='type' v='straight' />
  </way>
  <way id='-38835729' action='modify'>
    <nd ref='-181815683' />
    <nd ref='-181816307' />
    <tag k='type' v='straight' />
  </way>
  <way id='-38835730' action='modify'>
    <nd ref='-181816308' />
    <nd ref='-181816309' />
    <nd ref='-181816310' />
  </way>
  <way id='-38835731' action='modify'>
    <nd ref='-181815682' />
    <nd ref='-181816308' />
    <tag k='type' v='straight' />
  </way>
  <way id='-38835732' action='modify'>
    <nd ref='-181816310' />
    <nd ref='-181816311' />
    <tag k='type' v='straight' />
  </way>
  <way id='-38835733' action='modify'>
    <nd ref='-181816311' />
    <nd ref='-181816312' />
  </way>
  <way id='-38835734' action='modify'>
    <nd ref='-181816312' />
    <nd ref='-181816313' />
    <tag k='type' v='straight' />
  </way>
  <way id='-38835735' action='modify'>
    <nd ref='-181816313' />
    <nd ref='-181816314' />
  </way>
  <way id='-38835736' action='modify'>
    <nd ref='-181816314' />
    <nd ref='-181816315' />
    <tag k='type' v='straight' />
  </way>
  <way id='-38835737' action='modify'>
    <nd ref='-181816315' />
    <nd ref='-181816326' />
  </way>
  <way id='-38835738' action='modify'>
    <nd ref='-181816326' />
    <nd ref='-181816327' />
    <tag k='type' v='straight' />
  </way>
  <way id='-38835739' action='modify'>
    <nd ref='-181816327' />
    <nd ref='-181816316' />
  </way>
  <way id='-38835740' action='modify'>
    <nd ref='-181816316' />
    <nd ref='-181816317' />
    <tag k='type' v='straight' />
  </way>
  <way id='-38835741' action='modify'>
    <nd ref='-181816317' />
    <nd ref='-181816318' />
  </way>
  <way id='-38835742' action='modify'>
    <nd ref='-181816318' />
    <nd ref='-181816319' />
    <tag k='type' v='straight' />
  </way>
  <way id='-38835743' action='modify'>
    <nd ref='-181816319' />
    <nd ref='-181816320' />
  </way>
  <way id='-38835744' action='modify'>
    <nd ref='-181816320' />
    <nd ref='-181816321' />
    <tag k='type' v='straight' />
  </way>
  <way id='-38835745' action='modify'>
    <nd ref='-181816322' />
    <nd ref='-181816323' />
  </way>
  <way id='-38835746' action='modify'>
    <nd ref='-181816323' />
    <nd ref='-181816324' />
    <tag k='type' v='straight' />
  </way>
  <way id='-38835747' action='modify'>
    <nd ref='-181816324' />
    <nd ref='-181816325' />
  </way>
  <way id='-38835748' action='modify'>
    <nd ref='-181816325' />
    <nd ref='-181815693' />
    <tag k='type' v='straight' />
  </way>
  <way id='-38835749' action='modify'>
    <nd ref='-181816327' />
    <nd ref='-181816329' />
    <tag k='type' v='straight' />
  </way>
  <way id='-38835750' action='modify'>
    <nd ref='-181816329' />
    <nd ref='-181816330' />
  </way>
  <way id='-38835751' action='modify'>
    <nd ref='-181816330' />
    <nd ref='-181816331' />
    <tag k='type' v='straight' />
  </way>
  <way id='-38835752' action='modify'>
    <nd ref='-181816331' />
    <nd ref='-181816332' />
  </way>
  <way id='-38835753' action='modify'>
    <nd ref='-181816332' />
    <nd ref='-181816328' />
    <tag k='type' v='straight' />
  </way>
  <way id='-38835754' action='modify'>
    <nd ref='-181816336' />
    <nd ref='-181816337' />
    <nd ref='-181816338' />
    <nd ref='-181816339' />
    <nd ref='-181816340' />
  </way>
  <way id='-38835755' action='modify'>
    <nd ref='-181816321' />
    <nd ref='-181816341' />
  </way>
  <way id='-38835756' action='modify'>
    <nd ref='-181816341' />
    <nd ref='-181816322' />
    <tag k='type' v='straight' />
  </way>
  <way id='-38835757' action='modify'>
    <nd ref='-181816333' />
    <nd ref='-181816334' />
    <tag k='type' v='straight' />
  </way>
  <way id='-38835758' action='modify'>
    <nd ref='-181816334' />
    <nd ref='-181816335' />
  </way>
  <way id='-38835759' action='modify'>
    <nd ref='-181816335' />
    <nd ref='-181816336' />
    <tag k='type' v='straight' />
  </way>
  <way id='-38835760' action='modify'>
    <nd ref='-181816340' />
    <nd ref='-181816321' />
    <tag k='type' v='straight' />
  </way>
  <way id='-38835761' action='modify'>
    <nd ref='-181816344' />
    <nd ref='-181816345' />
    <nd ref='-181816346' />
    <nd ref='-181816347' />
    <nd ref='-181816348' />
    <nd ref='-181816349' />
    <nd ref='-181816350' />
  </way>
  <way id='-38835762' action='modify'>
    <nd ref='-181816309' />
    <nd ref='-181816342' />
    <tag k='type' v='straight' />
  </way>
  <way id='-38835763' action='modify'>
    <nd ref='-181816342' />
    <nd ref='-181816343' />
  </way>
  <way id='-38835764' action='modify'>
    <nd ref='-181816343' />
    <nd ref='-181816344' />
    <tag k='type' v='straight' />
  </way>
  <way id='-38835765' action='modify'>
    <nd ref='-181816350' />
    <nd ref='-181816338' />
    <tag k='type' v='straight' />
  </way>
  <way id='-38835766' action='modify'>
    <nd ref='-181816358' />
    <nd ref='-181816366' />
    <nd ref='-181816365' />
  </way>
  <way id='-38835767' action='modify'>
    <nd ref='-181816351' />
    <nd ref='-181816352' />
    <tag k='type' v='straight' />
  </way>
  <way id='-38835768' action='modify'>
    <nd ref='-181816352' />
    <nd ref='-181816353' />
  </way>
  <way id='-38835769' action='modify'>
    <nd ref='-181816353' />
    <nd ref='-181816354' />
    <tag k='type' v='straight' />
  </way>
  <way id='-38835770' action='modify'>
    <nd ref='-181816354' />
    <nd ref='-181816355' />
  </way>
  <way id='-38835771' action='modify'>
    <nd ref='-181816355' />
    <nd ref='-181816356' />
    <tag k='type' v='straight' />
  </way>
  <way id='-38835772' action='modify'>
    <nd ref='-181816356' />
    <nd ref='-181816357' />
  </way>
  <way id='-38835773' action='modify'>
    <nd ref='-181816357' />
    <nd ref='-181816358' />
    <tag k='type' v='straight' />
  </way>
  <way id='-38835774' action='modify'>
    <nd ref='-181816365' />
    <nd ref='-181816364' />
    <tag k='type' v='straight' />
  </way>
  <way id='-38835775' action='modify'>
    <nd ref='-181816364' />
    <nd ref='-181816359' />
  </way>
  <way id='-38835776' action='modify'>
    <nd ref='-181816359' />
    <nd ref='-181816360' />
    <tag k='type' v='straight' />
  </way>
  <way id='-38835777' action='modify'>
    <nd ref='-181816360' />
    <nd ref='-181816361' />
  </way>
  <way id='-38835778' action='modify'>
    <nd ref='-181816361' />
    <nd ref='-181816362' />
    <tag k='type' v='straight' />
  </way>
  <way id='-38835779' action='modify'>
    <nd ref='-181816362' />
    <nd ref='-181816363' />
  </way>
  <way id='-38835780' action='modify'>
    <nd ref='-181816363' />
    <nd ref='-181815986' />
    <tag k='type' v='straight' />
  </way>
  <way id='-38835781' action='modify'>
    <nd ref='-181815689' />
    <nd ref='-181816351' />
    <nd ref='-181816367' />
    <tag k='type' v='straight' />
  </way>
  <way id='-38835782' action='modify'>
    <nd ref='-181816367' />
    <nd ref='-181816368' />
  </way>
  <way id='-38835783' action='modify'>
    <nd ref='-181816368' />
    <nd ref='-181816369' />
    <tag k='type' v='straight' />
  </way>
  <way id='-38835784' action='modify'>
    <nd ref='-181816369' />
    <nd ref='-181816373' />
  </way>
  <way id='-38835785' action='modify'>
    <nd ref='-181816373' />
    <nd ref='-181816372' />
    <tag k='type' v='straight' />
  </way>
  <way id='-38835786' action='modify'>
    <nd ref='-181816372' />
    <nd ref='-181816370' />
  </way>
  <way id='-38835787' action='modify'>
    <nd ref='-181816370' />
    <nd ref='-181816371' />
    <tag k='type' v='straight' />
  </way>
  <way id='-38859766' action='modify'>
    <nd ref='-181815692' />
    <nd ref='-182019101' />
    <tag k='type' v='straight' />
  </way>
  <way id='-38859782' action='modify'>
    <nd ref='-182019101' />
    <nd ref='-182019133' />
  </way>
  <way id='-38859783' action='modify'>
    <nd ref='-182019102' />
    <nd ref='-182019103' />
    <tag k='type' v='straight' />
  </way>
  <way id='-38859784' action='modify'>
    <nd ref='-182019103' />
    <nd ref='-182019104' />
  </way>
  <way id='-38859785' action='modify'>
    <nd ref='-182019104' />
    <nd ref='-182019105' />
    <tag k='type' v='straight' />
  </way>
  <way id='-38859804' action='modify'>
    <nd ref='-182019133' />
    <nd ref='-182019137' />
    <tag k='type' v='straight' />
  </way>
  <way id='-38859805' action='modify'>
    <nd ref='-182019137' />
    <nd ref='-182019102' />
  </way>
  <relation id='-14491135' action='modify'>
    <member type='way' ref='-38834575' role='' />
    <member type='way' ref='-38834574' role='' />
    <member type='way' ref='-38834587' role='' />
    <member type='way' ref='-38834588' role='' />
    <member type='way' ref='-38834553' role='' />
    <member type='way' ref='-38834552' role='' />
    <member type='way' ref='-38834550' role='' />
    <member type='way' ref='-38834548' role='' />
    <member type='way' ref='-38834549' role='' />
    <member type='way' ref='-38834547' role='' />
    <member type='way' ref='-38834546' role='' />
    <member type='way' ref='-38834543' role='' />
    <member type='way' ref='-38834545' role='' />
    <member type='way' ref='-38834541' role='' />
    <member type='way' ref='-38834554' role='' />
    <member type='way' ref='-38834542' role='' />
    <member type='way' ref='-38834589' role='' />
    <tag k='key' v='d1.dk.fpb' />
    <tag k='name' v='D1 DK FPB' />
    <tag k='type' v='path' />
  </relation>
  <relation id='-14491136' action='modify'>
    <member type='way' ref='-38834556' role='reverse' />
    <member type='way' ref='-38834597' role='' />
    <member type='way' ref='-38834568' role='' />
    <member type='way' ref='-38834694' role='' />
    <member type='way' ref='-38834558' role='' />
    <member type='way' ref='-38834557' role='' />
    <member type='way' ref='-38834559' role='' />
    <member type='way' ref='-38834600' role='' />
    <member type='way' ref='-38834560' role='' />
    <member type='way' ref='-38834562' role='' />
    <member type='way' ref='-38834563' role='' />
    <member type='way' ref='-38834561' role='' />
    <member type='way' ref='-38834564' role='' />
    <member type='way' ref='-38834565' role='' />
    <member type='way' ref='-38834601' role='' />
    <member type='way' ref='-38834602' role='' />
    <member type='way' ref='-38834603' role='' />
    <member type='way' ref='-38834604' role='' />
    <member type='way' ref='-38834605' role='' />
    <member type='way' ref='-38834606' role='' />
    <member type='way' ref='-38835030' role='' />
    <member type='way' ref='-38834566' role='' />
    <member type='way' ref='-38834611' role='' />
    <member type='way' ref='-38834612' role='' />
    <member type='way' ref='-38834609' role='' />
    <member type='way' ref='-38834610' role='' />
    <member type='way' ref='-38834607' role='' />
    <member type='way' ref='-38834608' role='' />
    <member type='way' ref='-38834613' role='' />
    <member type='way' ref='-38834615' role='' />
    <member type='way' ref='-38834616' role='' />
    <member type='way' ref='-38834614' role='' />
    <member type='way' ref='-38834617' role='' />
    <member type='way' ref='-38834618' role='' />
    <member type='way' ref='-38834619' role='' />
    <member type='way' ref='-38834620' role='' />
    <member type='way' ref='-38834621' role='' />
    <member type='way' ref='-38834586' role='' />
    <member type='way' ref='-38834567' role='' />
    <tag k='key' v='d1.dk.kfa' />
    <tag k='name' v='D1 DK KFA' />
    <tag k='type' v='path' />
  </relation>
  <relation id='-14491137' action='modify'>
    <member type='way' ref='-38834556' role='' />
    <member type='way' ref='-38834622' role='' />
    <member type='way' ref='-38834623' role='' />
    <member type='way' ref='-38834624' role='' />
    <member type='way' ref='-38834626' role='' />
    <member type='way' ref='-38834627' role='' />
    <member type='way' ref='-38834625' role='' />
    <member type='way' ref='-38834570' role='' />
    <member type='way' ref='-38834628' role='' />
    <member type='way' ref='-38834629' role='' />
    <member type='way' ref='-38834630' role='' />
    <member type='way' ref='-38834631' role='' />
    <member type='way' ref='-38834569' role='' />
    <tag k='key' v='d1.dk.khr' />
    <tag k='name' v='D1 DK KHR' />
    <tag k='type' v='path' />
  </relation>
  <relation id='-14491138' action='modify'>
    <member type='way' ref='-38834555' role='' />
    <member type='way' ref='-38834571' role='' />
    <member type='way' ref='-38834637' role='' />
    <member type='way' ref='-38834572' role='' />
    <member type='way' ref='-38834573' role='' />
    <member type='way' ref='-38834632' role='' />
    <member type='way' ref='-38834633' role='' />
    <member type='way' ref='-38834634' role='' />
    <tag k='key' v='d1.dk.kph' />
    <tag k='name' v='D1 DK KPH' />
    <tag k='type' v='path' />
  </relation>
  <relation id='-14491139' action='modify'>
    <member type='way' ref='-38834551' role='' />
    <member type='way' ref='-38834590' role='' />
    <member type='way' ref='-38834594' role='' />
    <member type='way' ref='-38834595' role='' />
    <member type='way' ref='-38834592' role='' />
    <member type='way' ref='-38834593' role='' />
    <member type='way' ref='-38834577' role='' />
    <member type='way' ref='-38834591' role='' />
    <member type='way' ref='-38834576' role='' />
    <tag k='key' v='d1.dk.les.1' />
    <tag k='name' v='D1 DK LES (1)' />
    <tag k='type' v='path' />
  </relation>
  <relation id='-14491140' action='modify'>
    <member type='way' ref='-38834578' role='' />
    <tag k='key' v='d1.dk.sht' />
    <tag k='name' v='D1 DK SHT' />
    <tag k='type' v='path' />
  </relation>
  <relation id='-14491141' action='modify'>
    <member type='way' ref='-38834580' role='' />
    <member type='way' ref='-38834581' role='' />
    <member type='way' ref='-38834582' role='' />
    <member type='way' ref='-38834638' role='' />
    <member type='way' ref='-38834639' role='' />
    <member type='way' ref='-38834579' role='' />
    <tag k='key' v='d1.dk.vrs' />
    <tag k='name' v='D1 DK VRS' />
    <tag k='type' v='path' />
  </relation>
  <relation id='-14491142' action='modify'>
    <member type='way' ref='-38834583' role='' />
    <member type='way' ref='-38834640' role='' />
    <member type='way' ref='-38834641' role='' />
    <member type='way' ref='-38834642' role='' />
    <member type='way' ref='-38834643' role='' />
    <member type='way' ref='-38834644' role='' />
    <member type='way' ref='-38834645' role='' />
    <member type='way' ref='-38834585' role='' />
    <member type='way' ref='-38834924' role='' />
    <member type='way' ref='-38834925' role='' />
    <member type='way' ref='-38834646' role='' />
    <member type='way' ref='-38834647' role='' />
    <member type='way' ref='-38834584' role='' />
    <tag k='key' v='d1.dk.rsr' />
    <tag k='name' v='D1 DK RSR' />
    <tag k='type' v='path' />
  </relation>
  <relation id='-14491143' action='modify'>
    <member type='way' ref='-38834635' role='' />
    <member type='way' ref='-38834596' role='' />
    <tag k='key' v='d1.dk.kvh' />
    <tag k='name' v='D1 DK KVH' />
    <tag k='type' v='path' />
  </relation>
  <relation id='-14491144' action='modify'>
    <member type='way' ref='-38834649' role='' />
    <member type='way' ref='-38834650' role='' />
    <member type='way' ref='-38834651' role='' />
    <member type='way' ref='-38834652' role='' />
    <member type='way' ref='-38834653' role='' />
    <member type='way' ref='-38834654' role='' />
    <member type='way' ref='-38834655' role='' />
    <member type='way' ref='-38834656' role='' />
    <member type='way' ref='-38834657' role='' />
    <member type='way' ref='-38834658' role='' />
    <member type='way' ref='-38834659' role='' />
    <member type='way' ref='-38834648' role='' />
    <member type='way' ref='-38834660' role='' />
    <tag k='key' v='d1.dk.brt' />
    <tag k='name' v='D1 DK BRT' />
    <tag k='type' v='path' />
  </relation>
  <relation id='-14491145' action='modify'>
    <member type='way' ref='-38834661' role='' />
    <member type='way' ref='-38834662' role='' />
    <member type='way' ref='-38834663' role='' />
    <member type='way' ref='-38834664' role='' />
    <member type='way' ref='-38834665' role='' />
    <member type='way' ref='-38834666' role='' />
    <member type='way' ref='-38834667' role='' />
    <member type='way' ref='-38834668' role='' />
    <member type='way' ref='-38834669' role='' />
    <member type='way' ref='-38834670' role='' />
    <member type='way' ref='-38834671' role='' />
    <tag k='key' v='d1.dk.kfs' />
    <tag k='name' v='D1 DK KFS' />
    <tag k='type' v='path' />
  </relation>
  <relation id='-14491146' action='modify'>
    <member type='way' ref='-38834672' role='' />
    <member type='way' ref='-38834673' role='' />
    <member type='way' ref='-38834674' role='' />
    <member type='way' ref='-38834675' role='' />
    <member type='way' ref='-38834598' role='' />
    <member type='way' ref='-38834676' role='' />
    <member type='way' ref='-38834677' role='' />
    <member type='way' ref='-38834678' role='' />
    <member type='way' ref='-38834679' role='' />
    <member type='way' ref='-38834680' role='' />
    <member type='way' ref='-38834681' role='' />
    <member type='way' ref='-38834682' role='' />
    <member type='way' ref='-38834683' role='' />
    <tag k='key' v='d1.dk.rkn' />
    <tag k='name' v='D1 DK RKN' />
    <tag k='type' v='path' />
  </relation>
  <relation id='-14491147' action='modify'>
    <member type='way' ref='-38834684' role='' />
    <member type='way' ref='-38834685' role='' />
    <member type='way' ref='-38834686' role='' />
    <member type='way' ref='-38834687' role='' />
    <member type='way' ref='-38834688' role='' />
    <member type='way' ref='-38834689' role='' />
    <member type='way' ref='-38834690' role='' />
    <tag k='key' v='d1.dk.khk' />
    <tag k='name' v='D1 DK KHK' />
    <tag k='type' v='path' />
  </relation>
  <relation id='-14491148' action='modify'>
    <member type='way' ref='-38834636' role='' />
    <member type='way' ref='-38834691' role='' />
    <member type='way' ref='-38834692' role='' />
    <tag k='key' v='d1.dk.vkb' />
    <tag k='name' v='D1 DK VKB' />
    <tag k='type' v='path' />
  </relation>
  <relation id='-14491149' action='modify'>
    <member type='way' ref='-38834695' role='' />
    <member type='way' ref='-38834693' role='' />
    <member type='way' ref='-38834698' role='' />
    <member type='way' ref='-38834696' role='' />
    <member type='way' ref='-38834697' role='' />
    <tag k='key' v='d1.dk.vlh' />
    <tag k='name' v='D1 DK VLH' />
    <tag k='type' v='path' />
  </relation>
  <relation id='-14491150' action='modify'>
    <member type='way' ref='-38834699' role='' />
    <member type='way' ref='-38834700' role='' />
    <member type='way' ref='-38834701' role='' />
    <member type='way' ref='-38834702' role='' />
    <member type='way' ref='-38834704' role='' />
    <member type='way' ref='-38834705' role='' />
    <member type='way' ref='-38834706' role='' />
    <member type='way' ref='-38834703' role='' />
    <member type='way' ref='-38834707' role='' />
    <tag k='key' v='d1.dk.sms' />
    <tag k='name' v='D1 DK SMS' />
    <tag k='type' v='path' />
  </relation>
  <relation id='-14491151' action='modify'>
    <member type='way' ref='-38834708' role='' />
    <member type='way' ref='-38834709' role='' />
    <member type='way' ref='-38834710' role='' />
    <member type='way' ref='-38834711' role='' />
    <member type='way' ref='-38834712' role='' />
    <member type='way' ref='-38834713' role='' />
    <member type='way' ref='-38834714' role='' />
    <member type='way' ref='-38834715' role='' />
    <member type='way' ref='-38834716' role='' />
    <member type='way' ref='-38834717' role='' />
    <member type='way' ref='-38834718' role='' />
    <member type='way' ref='-38834719' role='' />
    <member type='way' ref='-38834720' role='' />
    <member type='way' ref='-38834721' role='' />
    <member type='way' ref='-38834722' role='' />
    <member type='way' ref='-38834723' role='' />
    <member type='way' ref='-38834724' role='' />
    <member type='way' ref='-38834725' role='' />
    <member type='way' ref='-38834726' role='' />
    <member type='way' ref='-38834727' role='' />
    <member type='way' ref='-38834728' role='' />
    <member type='way' ref='-38834729' role='' />
    <member type='way' ref='-38834730' role='' />
    <member type='way' ref='-38834731' role='' />
    <member type='way' ref='-38834630' role='' />
    <tag k='key' v='d1.dk.hhs' />
    <tag k='name' v='D1 DK HHS' />
    <tag k='type' v='path' />
  </relation>
  <relation id='-14491152' action='modify'>
    <member type='way' ref='-38834732' role='' />
    <member type='way' ref='-38834733' role='' />
    <member type='way' ref='-38834734' role='' />
    <member type='way' ref='-38834735' role='' />
    <member type='way' ref='-38834736' role='' />
    <member type='way' ref='-38834737' role='' />
    <member type='way' ref='-38834738' role='' />
    <tag k='key' v='d1.dk.jbv' />
    <tag k='name' v='D1 DK JBV' />
    <tag k='type' v='path' />
  </relation>
  <relation id='-14491153' action='modify'>
    <member type='way' ref='-38834740' role='' />
    <member type='way' ref='-38834741' role='' />
    <member type='way' ref='-38834742' role='' />
    <member type='way' ref='-38834743' role='' />
    <member type='way' ref='-38834744' role='' />
    <member type='way' ref='-38834745' role='' />
    <member type='way' ref='-38834746' role='' />
    <member type='way' ref='-38834747' role='' />
    <member type='way' ref='-38834748' role='' />
    <member type='way' ref='-38834749' role='' />
    <member type='way' ref='-38834739' role='' />
    <member type='way' ref='-38834750' role='' />
    <member type='way' ref='-38834751' role='' />
    <member type='way' ref='-38834752' role='' />
    <member type='way' ref='-38834753' role='' />
    <member type='way' ref='-38834754' role='' />
    <member type='way' ref='-38834755' role='' />
    <member type='way' ref='-38834756' role='' />
    <tag k='key' v='d1.dk.hfh' />
    <tag k='name' v='D1 DK HFH' />
    <tag k='type' v='path' />
  </relation>
  <relation id='-14491154' action='modify'>
    <member type='way' ref='-38834720' role='reverse' />
    <member type='way' ref='-38834757' role='' />
    <member type='way' ref='-38834758' role='' />
    <member type='way' ref='-38834759' role='' />
    <member type='way' ref='-38834760' role='' />
    <tag k='key' v='d1.dk.hrs' />
    <tag k='name' v='D1 DK HRS' />
    <tag k='type' v='path' />
  </relation>
  <relation id='-14491155' action='modify'>
    <member type='way' ref='-38834763' role='' />
    <member type='way' ref='-38834764' role='' />
    <member type='way' ref='-38834765' role='' />
    <member type='way' ref='-38834766' role='' />
    <member type='way' ref='-38834767' role='' />
    <member type='way' ref='-38834768' role='' />
    <member type='way' ref='-38834761' role='' />
    <member type='way' ref='-38834769' role='' />
    <member type='way' ref='-38834770' role='' />
    <member type='way' ref='-38834771' role='' />
    <member type='way' ref='-38834772' role='' />
    <member type='way' ref='-38834773' role='' />
    <member type='way' ref='-38834774' role='' />
    <member type='way' ref='-38834775' role='' />
    <member type='way' ref='-38834776' role='' />
    <member type='way' ref='-38834777' role='' />
    <member type='way' ref='-38834778' role='' />
    <member type='way' ref='-38834779' role='' />
    <member type='way' ref='-38834780' role='' />
    <tag k='key' v='d1.dk.hkg' />
    <tag k='name' v='D1 DK HKG' />
    <tag k='type' v='path' />
  </relation>
  <relation id='-14491156' action='modify'>
    <member type='way' ref='-38834781' role='' />
    <member type='way' ref='-38834782' role='' />
    <member type='way' ref='-38834783' role='' />
    <member type='way' ref='-38834762' role='' />
    <member type='way' ref='-38834784' role='' />
    <tag k='key' v='d1.dk.ktd' />
    <tag k='name' v='D1 DK KTD' />
    <tag k='type' v='path' />
  </relation>
  <relation id='-14491157' action='modify'>
    <member type='way' ref='-38834569' role='' />
    <member type='way' ref='-38834786' role='' />
    <member type='way' ref='-38834787' role='' />
    <member type='way' ref='-38834785' role='' />
    <member type='way' ref='-38834788' role='' />
    <member type='way' ref='-38834789' role='' />
    <member type='way' ref='-38834790' role='' />
    <member type='way' ref='-38834791' role='' />
    <member type='way' ref='-38834792' role='' />
    <member type='way' ref='-38834793' role='' />
    <member type='way' ref='-38834780' role='reverse' />
    <tag k='key' v='d1.dk.hrg' />
    <tag k='name' v='D1 DK HRG' />
    <tag k='type' v='path' />
  </relation>
  <relation id='-14491158' action='modify'>
    <member type='way' ref='-38834794' role='' />
    <member type='way' ref='-38834795' role='' />
    <member type='way' ref='-38834796' role='' />
    <member type='way' ref='-38834797' role='' />
    <member type='way' ref='-38834798' role='' />
    <member type='way' ref='-38834820' role='' />
    <member type='way' ref='-38834799' role='' />
    <member type='way' ref='-38834599' role='' />
    <member type='way' ref='-38834800' role='' />
    <member type='way' ref='-38834803' role='' />
    <member type='way' ref='-38834804' role='' />
    <member type='way' ref='-38834805' role='' />
    <member type='way' ref='-38834806' role='' />
    <member type='way' ref='-38834807' role='' />
    <member type='way' ref='-38834801' role='' />
    <member type='way' ref='-38834808' role='' />
    <member type='way' ref='-38834809' role='' />
    <member type='way' ref='-38834810' role='' />
    <member type='way' ref='-38834811' role='' />
    <member type='way' ref='-38834814' role='' />
    <member type='way' ref='-38834815' role='' />
    <member type='way' ref='-38834812' role='' />
    <member type='way' ref='-38834816' role='' />
    <member type='way' ref='-38834817' role='' />
    <member type='way' ref='-38834818' role='' />
    <member type='way' ref='-38834813' role='' />
    <tag k='key' v='d1.dk.rkb' />
    <tag k='name' v='D1 DK RKB' />
    <tag k='type' v='path' />
  </relation>
  <relation id='-14491159' action='modify'>
    <member type='way' ref='-38834829' role='' />
    <member type='way' ref='-38834830' role='' />
    <member type='way' ref='-38834831' role='' />
    <member type='way' ref='-38834832' role='' />
    <member type='way' ref='-38834833' role='' />
    <member type='way' ref='-38834820' role='reverse' />
    <member type='way' ref='-38834819' role='' />
    <member type='way' ref='-38834822' role='' />
    <member type='way' ref='-38834821' role='' />
    <member type='way' ref='-38834823' role='' />
    <member type='way' ref='-38834824' role='' />
    <member type='way' ref='-38834826' role='' />
    <member type='way' ref='-38834827' role='' />
    <member type='way' ref='-38834825' role='' />
    <member type='way' ref='-38834828' role='' />
    <member type='way' ref='-38834707' role='reverse' />
    <tag k='key' v='d1.dk.rfh' />
    <tag k='name' v='D1 DK RFH' />
    <tag k='type' v='path' />
  </relation>
  <relation id='-14491160' action='modify'>
    <member type='way' ref='-38834835' role='' />
    <member type='way' ref='-38834836' role='' />
    <member type='way' ref='-38834834' role='' />
    <member type='way' ref='-38834837' role='' />
    <member type='way' ref='-38834838' role='' />
    <member type='way' ref='-38834839' role='' />
    <member type='way' ref='-38834840' role='' />
    <tag k='key' v='d1.dk.svl' />
    <tag k='name' v='D1 DK SVL' />
    <tag k='type' v='path' />
  </relation>
  <relation id='-14491161' action='modify'>
    <member type='way' ref='-38834842' role='' />
    <member type='way' ref='-38834843' role='' />
    <member type='way' ref='-38834841' role='' />
    <member type='way' ref='-38834844' role='' />
    <member type='way' ref='-38834845' role='' />
    <member type='way' ref='-38834846' role='' />
    <member type='way' ref='-38834847' role='' />
    <tag k='key' v='d1.dk.htl' />
    <tag k='name' v='D1 DK HTL' />
    <tag k='type' v='path' />
  </relation>
  <relation id='-14491162' action='modify'>
    <member type='way' ref='-38834848' role='' />
    <member type='way' ref='-38834849' role='' />
    <member type='way' ref='-38834850' role='' />
    <member type='way' ref='-38834851' role='' />
    <member type='way' ref='-38834852' role='' />
    <member type='way' ref='-38834853' role='' />
    <member type='way' ref='-38834854' role='' />
    <tag k='key' v='d1.dk.srv' />
    <tag k='name' v='D1 DK SRV' />
    <tag k='type' v='path' />
  </relation>
  <relation id='-14491163' action='modify'>
    <member type='way' ref='-38834855' role='' />
    <member type='way' ref='-38834856' role='' />
    <member type='way' ref='-38834857' role='' />
    <member type='way' ref='-38834858' role='' />
    <member type='way' ref='-38834859' role='' />
    <member type='way' ref='-38834802' role='' />
    <member type='way' ref='-38834860' role='' />
    <member type='way' ref='-38834861' role='' />
    <member type='way' ref='-38834863' role='' />
    <member type='way' ref='-38834862' role='' />
    <member type='way' ref='-38834865' role='' />
    <member type='way' ref='-38834864' role='' />
    <member type='way' ref='-38834866' role='' />
    <member type='way' ref='-38834867' role='' />
    <member type='way' ref='-38834868' role='' />
    <tag k='key' v='d1.dk.hns' />
    <tag k='name' v='D1 DK HNS' />
    <tag k='type' v='path' />
  </relation>
  <relation id='-14491164' action='modify'>
    <member type='way' ref='-38834870' role='' />
    <member type='way' ref='-38834871' role='' />
    <member type='way' ref='-38834872' role='' />
    <member type='way' ref='-38834869' role='' />
    <member type='way' ref='-38834873' role='' />
    <tag k='key' v='d1.dk.hvl' />
    <tag k='name' v='D1 DK HVL' />
    <tag k='type' v='path' />
  </relation>
  <relation id='-14491165' action='modify'>
    <member type='way' ref='-38834874' role='' />
    <member type='way' ref='-38834875' role='' />
    <member type='way' ref='-38834876' role='' />
    <member type='way' ref='-38834877' role='' />
    <member type='way' ref='-38834878' role='' />
    <tag k='key' v='d1.dk.snv' />
    <tag k='name' v='D1 DK SNV' />
    <tag k='type' v='path' />
  </relation>
  <relation id='-14491166' action='modify'>
    <member type='way' ref='-38834876' role='' />
    <member type='way' ref='-38834879' role='' />
    <member type='way' ref='-38834880' role='' />
    <member type='way' ref='-38834881' role='' />
    <member type='way' ref='-38834882' role='' />
    <tag k='key' v='d1.dk.dms' />
    <tag k='name' v='D1 DK DMS' />
    <tag k='type' v='path' />
  </relation>
  <relation id='-14491167' action='modify'>
    <member type='way' ref='-38834884' role='' />
    <member type='way' ref='-38834885' role='' />
    <member type='way' ref='-38834886' role='' />
    <member type='way' ref='-38834887' role='' />
    <member type='way' ref='-38834888' role='' />
    <member type='way' ref='-38834883' role='' />
    <member type='way' ref='-38834889' role='' />
    <tag k='key' v='d1.dk.krs' />
    <tag k='name' v='D1 DK KRS' />
    <tag k='type' v='path' />
  </relation>
  <relation id='-14491168' action='modify'>
    <member type='way' ref='-38834890' role='' />
    <member type='way' ref='-38834891' role='' />
    <member type='way' ref='-38834892' role='' />
    <member type='way' ref='-38834893' role='' />
    <member type='way' ref='-38834894' role='' />
    <member type='way' ref='-38834895' role='' />
    <member type='way' ref='-38834896' role='' />
    <member type='way' ref='-38834897' role='' />
    <member type='way' ref='-38834898' role='' />
    <tag k='key' v='d1.dk.kfx' />
    <tag k='name' v='D1 DK KFX' />
    <tag k='type' v='path' />
  </relation>
  <relation id='-14491169' action='modify'>
    <member type='way' ref='-38834899' role='' />
    <member type='way' ref='-38834900' role='' />
    <member type='way' ref='-38834901' role='' />
    <member type='way' ref='-38834902' role='' />
    <member type='way' ref='-38834903' role='' />
    <tag k='key' v='d1.dk.hlr' />
    <tag k='name' v='D1 DK HLR' />
    <tag k='type' v='path' />
  </relation>
  <relation id='-14491170' action='modify'>
    <member type='way' ref='-38834904' role='' />
    <member type='way' ref='-38834905' role='' />
    <member type='way' ref='-38834906' role='' />
    <member type='way' ref='-38834907' role='' />
    <member type='way' ref='-38834908' role='' />
    <member type='way' ref='-38834909' role='' />
    <member type='way' ref='-38834910' role='' />
    <tag k='key' v='d1.dk.npm.1' />
    <tag k='name' v='D1 DK NPM (1)' />
    <tag k='type' v='path' />
  </relation>
  <relation id='-14491171' action='modify'>
    <member type='way' ref='-38834911' role='' />
    <member type='way' ref='-38834912' role='' />
    <member type='way' ref='-38834913' role='' />
    <tag k='key' v='d1.dk.npm.2' />
    <tag k='name' v='D1 DK NPM (2)' />
    <tag k='type' v='path' />
  </relation>
  <relation id='-14491172' action='modify'>
    <member type='way' ref='-38834914' role='' />
    <member type='way' ref='-38834915' role='' />
    <member type='way' ref='-38834916' role='' />
    <member type='way' ref='-38834917' role='' />
    <member type='way' ref='-38834918' role='' />
    <member type='way' ref='-38834919' role='' />
    <member type='way' ref='-38834920' role='' />
    <member type='way' ref='-38834921' role='' />
    <member type='way' ref='-38834922' role='' />
    <tag k='key' v='d1.dk.mkh' />
    <tag k='name' v='D1 DK MKH' />
    <tag k='type' v='path' />
  </relation>
  <relation id='-14491173' action='modify'>
    <member type='way' ref='-38834923' role='' />
    <member type='way' ref='-38834927' role='' />
    <member type='way' ref='-38834928' role='' />
    <member type='way' ref='-38834929' role='' />
    <member type='way' ref='-38834930' role='' />
    <member type='way' ref='-38834931' role='' />
    <member type='way' ref='-38834932' role='' />
    <member type='way' ref='-38834924' role='' />
    <member type='way' ref='-38834926' role='' />
    <member type='way' ref='-38834933' role='' />
    <member type='way' ref='-38834934' role='' />
    <member type='way' ref='-38834935' role='' />
    <member type='way' ref='-38834936' role='' />
    <tag k='key' v='d1.dk.snn' />
    <tag k='name' v='D1 DK SNN' />
    <tag k='type' v='path' />
  </relation>
  <relation id='-14491174' action='modify'>
    <member type='way' ref='-38834937' role='' />
    <member type='way' ref='-38834938' role='' />
    <member type='way' ref='-38834939' role='' />
    <member type='way' ref='-38834940' role='' />
    <member type='way' ref='-38834941' role='' />
    <member type='way' ref='-38834942' role='' />
    <member type='way' ref='-38834943' role='' />
    <tag k='key' v='d1.dk.nkg' />
    <tag k='name' v='D1 DK NKG' />
    <tag k='type' v='path' />
  </relation>
  <relation id='-14491175' action='modify'>
    <member type='way' ref='-38834945' role='' />
    <member type='way' ref='-38834944' role='' />
    <member type='way' ref='-38834974' role='' />
    <member type='way' ref='-38834975' role='' />
    <member type='way' ref='-38834946' role='' />
    <member type='way' ref='-38834947' role='' />
    <member type='way' ref='-38834948' role='' />
    <member type='way' ref='-38834949' role='' />
    <member type='way' ref='-38834956' role='' />
    <tag k='key' v='d1.dk.nns' />
    <tag k='name' v='D1 DK NNS' />
    <tag k='type' v='path' />
  </relation>
  <relation id='-14491176' action='modify'>
    <member type='way' ref='-38834951' role='' />
    <member type='way' ref='-38834952' role='' />
    <member type='way' ref='-38834953' role='' />
    <member type='way' ref='-38834954' role='' />
    <member type='way' ref='-38834955' role='' />
    <tag k='key' v='d1.dk.mbh' />
    <tag k='name' v='D1 DK MBH' />
    <tag k='type' v='path' />
  </relation>
  <relation id='-14491177' action='modify'>
    <member type='way' ref='-38834956' role='' />
    <member type='way' ref='-38834957' role='' />
    <member type='way' ref='-38834958' role='' />
    <member type='way' ref='-38834959' role='' />
    <member type='way' ref='-38834960' role='' />
    <member type='way' ref='-38834950' role='' />
    <member type='way' ref='-38834961' role='' />
    <tag k='key' v='d1.dk.nkn' />
    <tag k='name' v='D1 DK NKN' />
    <tag k='type' v='path' />
  </relation>
  <relation id='-14491178' action='modify'>
    <member type='way' ref='-38834962' role='' />
    <member type='way' ref='-38834963' role='' />
    <member type='way' ref='-38834964' role='' />
    <member type='way' ref='-38834965' role='' />
    <member type='way' ref='-38834966' role='' />
    <member type='way' ref='-38834967' role='' />
    <member type='way' ref='-38834968' role='' />
    <member type='way' ref='-38834969' role='' />
    <member type='way' ref='-38834970' role='' />
    <member type='way' ref='-38834971' role='' />
    <member type='way' ref='-38834972' role='' />
    <tag k='key' v='d1.dk.mtr' />
    <tag k='name' v='D1 DK MTR' />
    <tag k='type' v='path' />
  </relation>
  <relation id='-14491179' action='modify'>
    <member type='way' ref='-38834973' role='' />
    <member type='way' ref='-38834976' role='' />
    <member type='way' ref='-38834977' role='' />
    <member type='way' ref='-38834978' role='' />
    <member type='way' ref='-38834979' role='' />
    <member type='way' ref='-38834980' role='' />
    <tag k='key' v='d1.dk.mrh' />
    <tag k='name' v='D1 DK MRH' />
    <tag k='type' v='path' />
  </relation>
  <relation id='-14491180' action='modify'>
    <member type='way' ref='-38834982' role='' />
    <member type='way' ref='-38834983' role='' />
    <member type='way' ref='-38834984' role='' />
    <member type='way' ref='-38834985' role='' />
    <member type='way' ref='-38834986' role='' />
    <member type='way' ref='-38834987' role='' />
    <member type='way' ref='-38834988' role='' />
    <member type='way' ref='-38834989' role='' />
    <member type='way' ref='-38834990' role='' />
    <member type='way' ref='-38834981' role='' />
    <member type='way' ref='-38834991' role='' />
    <tag k='key' v='d1.dk.nry' />
    <tag k='name' v='D1 DK NRY' />
    <tag k='type' v='path' />
  </relation>
  <relation id='-14491181' action='modify'>
    <member type='way' ref='-38834992' role='' />
    <tag k='key' v='d1.dk.ssk' />
    <tag k='name' v='D1 DK SSK' />
    <tag k='type' v='path' />
  </relation>
  <relation id='-14491182' action='modify'>
    <member type='way' ref='-38834994' role='' />
    <member type='way' ref='-38834995' role='' />
    <member type='way' ref='-38834996' role='' />
    <member type='way' ref='-38835002' role='' />
    <member type='way' ref='-38834993' role='' />
    <member type='way' ref='-38834997' role='' />
    <member type='way' ref='-38834998' role='' />
    <member type='way' ref='-38834999' role='' />
    <member type='way' ref='-38835000' role='' />
    <tag k='key' v='d1.dk.osb' />
    <tag k='name' v='D1 DK OSB' />
    <tag k='type' v='path' />
  </relation>
  <relation id='-14491183' action='modify'>
    <member type='way' ref='-38835004' role='' />
    <member type='way' ref='-38835005' role='' />
    <member type='way' ref='-38835006' role='' />
    <member type='way' ref='-38835001' role='' />
    <member type='way' ref='-38835007' role='' />
    <member type='way' ref='-38835008' role='' />
    <member type='way' ref='-38835002' role='' />
    <member type='way' ref='-38835009' role='' />
    <member type='way' ref='-38835010' role='' />
    <member type='way' ref='-38835011' role='' />
    <member type='way' ref='-38835003' role='' />
    <member type='way' ref='-38835012' role='' />
    <member type='way' ref='-38835013' role='' />
    <member type='way' ref='-38835014' role='' />
    <member type='way' ref='-38835015' role='' />
    <member type='way' ref='-38835016' role='' />
    <tag k='key' v='d1.dk.nrf' />
    <tag k='name' v='D1 DK NRF' />
    <tag k='type' v='path' />
  </relation>
  <relation id='-14491184' action='modify'>
    <member type='way' ref='-38835000' role='' />
    <member type='way' ref='-38835017' role='' />
    <member type='way' ref='-38835018' role='' />
    <member type='way' ref='-38835019' role='' />
    <member type='way' ref='-38835020' role='' />
    <member type='way' ref='-38835021' role='' />
    <member type='way' ref='-38835022' role='' />
    <member type='way' ref='-38835023' role='' />
    <member type='way' ref='-38835024' role='' />
    <member type='way' ref='-38835025' role='' />
    <member type='way' ref='-38835026' role='' />
    <member type='way' ref='-38835027' role='' />
    <member type='way' ref='-38835028' role='' />
    <member type='way' ref='-38835029' role='' />
    <member type='way' ref='-38835030' role='' />
    <tag k='key' v='d1.dk.snb' />
    <tag k='name' v='D1 DK SNB' />
    <tag k='type' v='path' />
  </relation>
  <relation id='-14491185' action='modify'>
    <member type='way' ref='-38835031' role='' />
    <member type='way' ref='-38835032' role='' />
    <member type='way' ref='-38835033' role='' />
    <member type='way' ref='-38835034' role='' />
    <member type='way' ref='-38835035' role='' />
    <member type='way' ref='-38835036' role='' />
    <member type='way' ref='-38835037' role='' />
    <member type='way' ref='-38835038' role='' />
    <member type='way' ref='-38835039' role='' />
    <tag k='key' v='d1.dk.sbf' />
    <tag k='name' v='D1 DK SBF' />
    <tag k='type' v='path' />
  </relation>
  <relation id='-14491186' action='modify'>
    <member type='way' ref='-38835041' role='' />
    <member type='way' ref='-38835042' role='' />
    <member type='way' ref='-38835043' role='' />
    <member type='way' ref='-38835044' role='' />
    <member type='way' ref='-38835045' role='' />
    <member type='way' ref='-38835040' role='' />
    <member type='way' ref='-38835046' role='' />
    <member type='way' ref='-38835047' role='' />
    <member type='way' ref='-38835048' role='' />
    <member type='way' ref='-38835049' role='' />
    <member type='way' ref='-38835050' role='' />
    <member type='way' ref='-38835051' role='' />
    <member type='way' ref='-38835016' role='reverse' />
    <tag k='key' v='d1.dk.onf' />
    <tag k='name' v='D1 DK ONF' />
    <tag k='type' v='path' />
  </relation>
  <relation id='-14491187' action='modify'>
    <member type='way' ref='-38835053' role='' />
    <member type='way' ref='-38835054' role='' />
    <member type='way' ref='-38835055' role='' />
    <member type='way' ref='-38835052' role='' />
    <member type='way' ref='-38835056' role='' />
    <member type='way' ref='-38835057' role='' />
    <member type='way' ref='-38835058' role='' />
    <tag k='key' v='d1.dk.tas' />
    <tag k='name' v='D1 DK TAS' />
    <tag k='type' v='path' />
  </relation>
  <relation id='-14491188' action='modify'>
    <member type='way' ref='-38835059' role='' />
    <member type='way' ref='-38835060' role='' />
    <member type='way' ref='-38835061' role='' />
    <member type='way' ref='-38835062' role='' />
    <member type='way' ref='-38835063' role='' />
    <member type='way' ref='-38835064' role='' />
    <member type='way' ref='-38835065' role='' />
    <member type='way' ref='-38835066' role='' />
    <member type='way' ref='-38835067' role='' />
    <tag k='key' v='d1.dk.okm' />
    <tag k='name' v='D1 DK OKM' />
    <tag k='type' v='path' />
  </relation>
  <relation id='-14491189' action='modify'>
    <member type='way' ref='-38835080' role='' />
    <member type='way' ref='-38835070' role='' />
    <member type='way' ref='-38835071' role='' />
    <member type='way' ref='-38835072' role='' />
    <member type='way' ref='-38835073' role='' />
    <member type='way' ref='-38835074' role='' />
    <member type='way' ref='-38835075' role='' />
    <member type='way' ref='-38835076' role='' />
    <member type='way' ref='-38835077' role='' />
    <member type='way' ref='-38835078' role='' />
    <member type='way' ref='-38835068' role='' />
    <tag k='key' v='d1.dk.obo' />
    <tag k='name' v='D1 DK OBO' />
    <tag k='type' v='path' />
  </relation>
  <relation id='-14491190' action='modify'>
    <member type='way' ref='-38835081' role='' />
    <member type='way' ref='-38835082' role='' />
    <member type='way' ref='-38835083' role='' />
    <member type='way' ref='-38835084' role='' />
    <member type='way' ref='-38835085' role='' />
    <member type='way' ref='-38835086' role='' />
    <member type='way' ref='-38835087' role='' />
    <member type='way' ref='-38835069' role='' />
    <member type='way' ref='-38835088' role='' />
    <member type='way' ref='-38835094' role='' />
    <member type='way' ref='-38835090' role='' />
    <member type='way' ref='-38835091' role='' />
    <member type='way' ref='-38835092' role='' />
    <member type='way' ref='-38835093' role='' />
    <tag k='key' v='d1.dk.omf' />
    <tag k='name' v='D1 DK OMF' />
    <tag k='type' v='path' />
  </relation>
  <relation id='-14491191' action='modify'>
    <member type='way' ref='-38835095' role='' />
    <member type='way' ref='-38835089' role='' />
    <member type='way' ref='-38835096' role='' />
    <member type='way' ref='-38835097' role='' />
    <member type='way' ref='-38835098' role='' />
    <tag k='key' v='d1.dk.brb' />
    <tag k='name' v='D1 DK BRB' />
    <tag k='type' v='path' />
  </relation>
  <relation id='-14491192' action='modify'>
    <member type='way' ref='-38835079' role='' />
    <member type='way' ref='-38835099' role='' />
    <member type='way' ref='-38835100' role='' />
    <tag k='key' v='d1.dk.mfs' />
    <tag k='name' v='D1 DK MFS' />
    <tag k='type' v='path' />
  </relation>
  <relation id='-14491193' action='modify'>
    <member type='way' ref='-38835101' role='' />
    <member type='way' ref='-38835102' role='' />
    <member type='way' ref='-38835103' role='' />
    <member type='way' ref='-38835104' role='' />
    <member type='way' ref='-38835105' role='' />
    <member type='way' ref='-38835106' role='' />
    <member type='way' ref='-38835107' role='' />
    <member type='way' ref='-38835108' role='' />
    <member type='way' ref='-38835109' role='' />
    <member type='way' ref='-38835110' role='' />
    <member type='way' ref='-38835111' role='' />
    <member type='way' ref='-38835112' role='' />
    <member type='way' ref='-38835113' role='' />
    <tag k='key' v='d1.dk.rbk' />
    <tag k='name' v='D1 DK RBK' />
    <tag k='type' v='path' />
  </relation>
  <relation id='-14491194' action='modify'>
    <member type='way' ref='-38835114' role='' />
    <member type='way' ref='-38835115' role='' />
    <member type='way' ref='-38835116' role='' />
    <tag k='key' v='d1.dk.sls' />
    <tag k='name' v='D1 DL SLS' />
    <tag k='type' v='path' />
  </relation>
  <relation id='-14491195' action='modify'>
    <member type='way' ref='-38835119' role='' />
    <member type='way' ref='-38835120' role='' />
    <member type='way' ref='-38835121' role='' />
    <member type='way' ref='-38835122' role='' />
    <member type='way' ref='-38835123' role='' />
    <member type='way' ref='-38835124' role='' />
    <member type='way' ref='-38835125' role='' />
    <member type='way' ref='-38835126' role='' />
    <member type='way' ref='-38835127' role='' />
    <member type='way' ref='-38835128' role='' />
    <member type='way' ref='-38835117' role='' />
    <member type='way' ref='-38835129' role='' />
    <member type='way' ref='-38835130' role='' />
    <member type='way' ref='-38835131' role='' />
    <member type='way' ref='-38835132' role='' />
    <member type='way' ref='-38835133' role='' />
    <member type='way' ref='-38835134' role='' />
    <member type='way' ref='-38835135' role='' />
    <member type='way' ref='-38835136' role='' />
    <member type='way' ref='-38835137' role='' />
    <member type='way' ref='-38835138' role='' />
    <member type='way' ref='-38835139' role='' />
    <member type='way' ref='-38835140' role='' />
    <member type='way' ref='-38835141' role='' />
    <member type='way' ref='-38835142' role='' />
    <member type='way' ref='-38835143' role='' />
    <member type='way' ref='-38835145' role='' />
    <member type='way' ref='-38835144' role='' />
    <member type='way' ref='-38835146' role='' />
    <member type='way' ref='-38835147' role='' />
    <member type='way' ref='-38835556' role='' />
    <tag k='key' v='d1.dk.ffh.1' />
    <tag k='name' v='D1 DK FFH (1)' />
    <tag k='type' v='path' />
  </relation>
  <relation id='-14491196' action='modify'>
    <member type='way' ref='-38835556' role='reverse' />
    <member type='way' ref='-38835150' role='' />
    <member type='way' ref='-38835151' role='' />
    <member type='way' ref='-38835149' role='' />
    <member type='way' ref='-38835153' role='' />
    <member type='way' ref='-38835154' role='' />
    <member type='way' ref='-38835155' role='' />
    <member type='way' ref='-38835156' role='' />
    <member type='way' ref='-38835152' role='' />
    <member type='way' ref='-38835158' role='' />
    <member type='way' ref='-38835159' role='' />
    <member type='way' ref='-38835157' role='' />
    <member type='way' ref='-38835456' role='' />
    <member type='way' ref='-38835160' role='' />
    <member type='way' ref='-38835161' role='' />
    <member type='way' ref='-38835162' role='' />
    <member type='way' ref='-38835167' role='' />
    <member type='way' ref='-38835165' role='' />
    <member type='way' ref='-38835164' role='' />
    <member type='way' ref='-38835166' role='' />
    <member type='way' ref='-38835170' role='' />
    <member type='way' ref='-38835171' role='' />
    <member type='way' ref='-38835641' role='' />
    <member type='way' ref='-38835642' role='' />
    <member type='way' ref='-38835172' role='' />
    <member type='way' ref='-38835173' role='' />
    <member type='way' ref='-38835174' role='' />
    <member type='way' ref='-38835177' role='' />
    <member type='way' ref='-38835175' role='' />
    <member type='way' ref='-38835176' role='' />
    <member type='way' ref='-38835178' role='' />
    <member type='way' ref='-38835179' role='' />
    <member type='way' ref='-38835180' role='' />
    <member type='way' ref='-38835182' role='' />
    <member type='way' ref='-38835181' role='' />
    <member type='way' ref='-38835183' role='' />
    <tag k='key' v='d1.dk.ffh.2' />
    <tag k='name' v='D1 DK FFH (2)' />
    <tag k='type' v='path' />
  </relation>
  <relation id='-14491197' action='modify'>
    <member type='way' ref='-38835163' role='' />
    <member type='way' ref='-38835168' role='' />
    <member type='way' ref='-38835169' role='' />
    <tag k='key' v='d1.dk.ffh.ste' />
    <tag k='name' v='D1 DK FFH (Ste)' />
    <tag k='type' v='path' />
  </relation>
  <relation id='-14491198' action='modify'>
    <member type='way' ref='-38835184' role='' />
    <member type='way' ref='-38835185' role='' />
    <member type='way' ref='-38835186' role='' />
    <member type='way' ref='-38835187' role='' />
    <member type='way' ref='-38835188' role='' />
    <member type='way' ref='-38835189' role='' />
    <member type='way' ref='-38835190' role='' />
    <member type='way' ref='-38835191' role='' />
    <member type='way' ref='-38835192' role='' />
    <member type='way' ref='-38835260' role='' />
    <member type='way' ref='-38835193' role='' />
    <member type='way' ref='-38835194' role='' />
    <member type='way' ref='-38835195' role='' />
    <member type='way' ref='-38835197' role='' />
    <member type='way' ref='-38835196' role='' />
    <member type='way' ref='-38835198' role='' />
    <member type='way' ref='-38835199' role='' />
    <member type='way' ref='-38835382' role='' />
    <member type='way' ref='-38835200' role='' />
    <member type='way' ref='-38835202' role='' />
    <member type='way' ref='-38835203' role='' />
    <member type='way' ref='-38835201' role='' />
    <member type='way' ref='-38835278' role='' />
    <member type='way' ref='-38835204' role='' />
    <member type='way' ref='-38835205' role='' />
    <member type='way' ref='-38835206' role='' />
    <member type='way' ref='-38835207' role='' />
    <member type='way' ref='-38835401' role='' />
    <tag k='key' v='d1.dk.les.2' />
    <tag k='name' v='D1 DK LES (2)' />
    <tag k='type' v='path' />
  </relation>
  <relation id='-14491199' action='modify'>
    <member type='way' ref='-38835209' role='' />
    <member type='way' ref='-38835210' role='' />
    <member type='way' ref='-38835211' role='' />
    <member type='way' ref='-38835212' role='' />
    <member type='way' ref='-38835213' role='' />
    <member type='way' ref='-38835214' role='' />
    <member type='way' ref='-38835215' role='' />
    <member type='way' ref='-38835216' role='' />
    <member type='way' ref='-38835217' role='' />
    <member type='way' ref='-38835218' role='' />
    <member type='way' ref='-38835220' role='' />
    <member type='way' ref='-38835221' role='' />
    <member type='way' ref='-38835222' role='' />
    <member type='way' ref='-38835223' role='' />
    <member type='way' ref='-38835224' role='' />
    <member type='way' ref='-38835225' role='' />
    <member type='way' ref='-38835226' role='' />
    <member type='way' ref='-38835219' role='' />
    <member type='way' ref='-38835227' role='' />
    <tag k='key' v='d1.dk.vnt' />
    <tag k='name' v='D1 DK VNT' />
    <tag k='type' v='path' />
  </relation>
  <relation id='-14491200' action='modify'>
    <member type='way' ref='-38835228' role='' />
    <member type='way' ref='-38835229' role='' />
    <member type='way' ref='-38835230' role='' />
    <tag k='key' v='d1.dk.nnn' />
    <tag k='name' v='D1 DK NNN' />
    <tag k='type' v='path' />
  </relation>
  <relation id='-14491201' action='modify'>
    <member type='way' ref='-38835231' role='' />
    <member type='way' ref='-38835232' role='' />
    <member type='way' ref='-38835233' role='' />
    <member type='way' ref='-38835234' role='' />
    <member type='way' ref='-38835235' role='' />
    <member type='way' ref='-38835236' role='' />
    <member type='way' ref='-38835237' role='' />
    <member type='way' ref='-38835238' role='' />
    <member type='way' ref='-38835239' role='' />
    <member type='way' ref='-38835240' role='' />
    <member type='way' ref='-38835241' role='' />
    <member type='way' ref='-38835242' role='' />
    <member type='way' ref='-38835243' role='' />
    <member type='way' ref='-38835244' role='' />
    <member type='way' ref='-38835245' role='' />
    <member type='way' ref='-38835246' role='' />
    <member type='way' ref='-38835247' role='' />
    <tag k='key' v='d1.dk.vgs' />
    <tag k='name' v='D1 DK VGS' />
    <tag k='type' v='path' />
  </relation>
  <relation id='-14491202' action='modify'>
    <member type='way' ref='-38835249' role='' />
    <member type='way' ref='-38835248' role='' />
    <member type='way' ref='-38835250' role='' />
    <member type='way' ref='-38835251' role='' />
    <member type='way' ref='-38835457' role='' />
    <member type='way' ref='-38835458' role='' />
    <member type='way' ref='-38835252' role='' />
    <member type='way' ref='-38835253' role='' />
    <member type='way' ref='-38835255' role='' />
    <member type='way' ref='-38835254' role='' />
    <member type='way' ref='-38835257' role='' />
    <member type='way' ref='-38835258' role='' />
    <member type='way' ref='-38835256' role='' />
    <member type='way' ref='-38835259' role='reverse' />
    <member type='way' ref='-38835266' role='' />
    <member type='way' ref='-38835261' role='' />
    <member type='way' ref='-38835262' role='' />
    <member type='way' ref='-38835298' role='' />
    <member type='way' ref='-38835263' role='' />
    <member type='way' ref='-38835264' role='' />
    <tag k='key' v='d1.dk.sbs' />
    <tag k='name' v='D1 DK SBS' />
    <tag k='type' v='path' />
  </relation>
  <relation id='-14491203' action='modify'>
    <member type='way' ref='-38835265' role='' />
    <member type='way' ref='-38835276' role='' />
    <member type='way' ref='-38835277' role='' />
    <member type='way' ref='-38835274' role='' />
    <member type='way' ref='-38835275' role='' />
    <member type='way' ref='-38835268' role='' />
    <member type='way' ref='-38835269' role='' />
    <member type='way' ref='-38835270' role='' />
    <member type='way' ref='-38835271' role='' />
    <member type='way' ref='-38835272' role='' />
    <member type='way' ref='-38835273' role='' />
    <member type='way' ref='-38835259' role='' />
    <member type='way' ref='-38835267' role='' />
    <member type='way' ref='-38835279' role='' />
    <member type='way' ref='-38835280' role='' />
    <member type='way' ref='-38835281' role='' />
    <member type='way' ref='-38835282' role='' />
    <member type='way' ref='-38835470' role='' />
    <member type='way' ref='-38835283' role='' />
    <member type='way' ref='-38835286' role='' />
    <member type='way' ref='-38835287' role='' />
    <member type='way' ref='-38835284' role='' />
    <member type='way' ref='-38835285' role='' />
    <member type='way' ref='-38835288' role='' />
    <member type='way' ref='-38835289' role='' />
    <member type='way' ref='-38835290' role='' />
    <member type='way' ref='-38835291' role='' />
    <member type='way' ref='-38835292' role='' />
    <member type='way' ref='-38835293' role='' />
    <member type='way' ref='-38835294' role='' />
    <member type='way' ref='-38835295' role='' />
    <member type='way' ref='-38835296' role='' />
    <member type='way' ref='-38835297' role='' />
    <member type='way' ref='-38835118' role='' />
    <tag k='key' v='d1.dk.hbv' />
    <tag k='name' v='D1 DK HBV' />
    <tag k='type' v='path' />
  </relation>
  <relation id='-14491204' action='modify'>
    <member type='way' ref='-38835300' role='' />
    <member type='way' ref='-38835299' role='' />
    <member type='way' ref='-38835481' role='' />
    <member type='way' ref='-38835301' role='' />
    <member type='way' ref='-38835480' role='' />
    <member type='way' ref='-38835308' role='' />
    <member type='way' ref='-38835309' role='' />
    <member type='way' ref='-38835302' role='' />
    <member type='way' ref='-38835303' role='' />
    <member type='way' ref='-38835304' role='' />
    <member type='way' ref='-38835305' role='' />
    <member type='way' ref='-38835306' role='' />
    <member type='way' ref='-38835307' role='' />
    <member type='way' ref='-38835310' role='' />
    <member type='way' ref='-38835311' role='' />
    <member type='way' ref='-38835312' role='' />
    <member type='way' ref='-38835313' role='' />
    <tag k='key' v='d1.dk.thk' />
    <tag k='name' v='D1 DK THK' />
    <tag k='type' v='path' />
  </relation>
  <relation id='-14491205' action='modify'>
    <member type='way' ref='-38835314' role='' />
    <member type='way' ref='-38835315' role='' />
    <member type='way' ref='-38835316' role='' />
    <tag k='key' v='d1.dk.gtv' />
    <tag k='name' v='D1 DK GTV' />
    <tag k='type' v='path' />
  </relation>
  <relation id='-14491206' action='modify'>
    <member type='way' ref='-38835318' role='' />
    <member type='way' ref='-38835319' role='' />
    <member type='way' ref='-38835320' role='' />
    <member type='way' ref='-38835317' role='' />
    <member type='way' ref='-38835321' role='' />
    <member type='way' ref='-38835322' role='' />
    <member type='way' ref='-38835323' role='' />
    <member type='way' ref='-38835324' role='' />
    <member type='way' ref='-38835325' role='' />
    <tag k='key' v='d1.dk.vvg' />
    <tag k='name' v='D1 DK VVG' />
    <tag k='type' v='path' />
  </relation>
  <relation id='-14491207' action='modify'>
    <member type='way' ref='-38835327' role='' />
    <member type='way' ref='-38835328' role='' />
    <member type='way' ref='-38835329' role='' />
    <member type='way' ref='-38835326' role='' />
    <member type='way' ref='-38835333' role='' />
    <member type='way' ref='-38835334' role='' />
    <member type='way' ref='-38835332' role='' />
    <member type='way' ref='-38835331' role='' />
    <member type='way' ref='-38835330' role='' />
    <tag k='key' v='d1.dk.svb' />
    <tag k='name' v='D1 DK SVB' />
    <tag k='type' v='path' />
  </relation>
  <relation id='-14491208' action='modify'>
    <member type='way' ref='-38835336' role='' />
    <member type='way' ref='-38835337' role='' />
    <member type='way' ref='-38835338' role='' />
    <member type='way' ref='-38835339' role='' />
    <member type='way' ref='-38835340' role='' />
    <member type='way' ref='-38835335' role='' />
    <member type='way' ref='-38835341' role='' />
    <member type='way' ref='-38835342' role='' />
    <member type='way' ref='-38835343' role='' />
    <member type='way' ref='-38835344' role='' />
    <member type='way' ref='-38835345' role='' />
    <member type='way' ref='-38835346' role='' />
    <member type='way' ref='-38835347' role='' />
    <member type='way' ref='-38835348' role='' />
    <member type='way' ref='-38835349' role='' />
    <tag k='key' v='d1.dk.roh' />
    <tag k='name' v='D1 DK ROH' />
    <tag k='type' v='path' />
  </relation>
  <relation id='-14491209' action='modify'>
    <member type='way' ref='-38835161' role='reverse' />
    <member type='way' ref='-38835351' role='' />
    <member type='way' ref='-38835352' role='' />
    <member type='way' ref='-38835353' role='' />
    <member type='way' ref='-38835354' role='' />
    <member type='way' ref='-38835355' role='' />
    <member type='way' ref='-38835356' role='' />
    <member type='way' ref='-38835357' role='' />
    <member type='way' ref='-38835358' role='' />
    <member type='way' ref='-38835359' role='' />
    <member type='way' ref='-38835360' role='' />
    <member type='way' ref='-38835659' role='' />
    <member type='way' ref='-38835660' role='' />
    <member type='way' ref='-38835663' role='' />
    <member type='way' ref='-38835361' role='' />
    <member type='way' ref='-38835661' role='' />
    <member type='way' ref='-38835662' role='' />
    <member type='way' ref='-38835362' role='' />
    <member type='way' ref='-38835363' role='' />
    <member type='way' ref='-38835364' role='' />
    <member type='way' ref='-38835365' role='' />
    <member type='way' ref='-38835366' role='' />
    <member type='way' ref='-38835350' role='' />
    <member type='way' ref='-38835367' role='' />
    <member type='way' ref='-38835368' role='' />
    <member type='way' ref='-38835369' role='' />
    <tag k='key' v='d1.dk.lst' />
    <tag k='name' v='D1 DK LST' />
    <tag k='type' v='path' />
  </relation>
  <relation id='-14491210' action='modify'>
    <member type='way' ref='-38835370' role='' />
    <member type='way' ref='-38835371' role='' />
    <member type='way' ref='-38835372' role='' />
    <member type='way' ref='-38835373' role='' />
    <member type='way' ref='-38835374' role='' />
    <member type='way' ref='-38835375' role='' />
    <member type='way' ref='-38835376' role='' />
    <member type='way' ref='-38835377' role='' />
    <member type='way' ref='-38835378' role='' />
    <member type='way' ref='-38835379' role='' />
    <member type='way' ref='-38835380' role='' />
    <tag k='key' v='d1.dk.hvi' />
    <tag k='name' v='D1 DK HVI' />
    <tag k='type' v='path' />
  </relation>
  <relation id='-14491211' action='modify'>
    <member type='way' ref='-38835384' role='' />
    <member type='way' ref='-38835385' role='' />
    <member type='way' ref='-38835386' role='' />
    <member type='way' ref='-38835387' role='' />
    <member type='way' ref='-38835388' role='' />
    <member type='way' ref='-38835389' role='' />
    <member type='way' ref='-38835381' role='' />
    <tag k='key' v='d1.dk.vlv' />
    <tag k='name' v='D1 DK VLV' />
    <tag k='type' v='path' />
  </relation>
  <relation id='-14491212' action='modify'>
    <member type='way' ref='-38835393' role='' />
    <member type='way' ref='-38835394' role='' />
    <member type='way' ref='-38835395' role='' />
    <member type='way' ref='-38835396' role='' />
    <member type='way' ref='-38835397' role='' />
    <member type='way' ref='-38835398' role='' />
    <member type='way' ref='-38835399' role='' />
    <member type='way' ref='-38835383' role='' />
    <member type='way' ref='-38835392' role='' />
    <tag k='key' v='d1.dk.lty' />
    <tag k='name' v='D1 DK LTY' />
    <tag k='type' v='path' />
  </relation>
  <relation id='-14491213' action='modify'>
    <member type='way' ref='-38835391' role='' />
    <member type='way' ref='-38835390' role='' />
    <member type='way' ref='-38835400' role='' />
    <tag k='key' v='d1.dk.lty.kno' />
    <tag k='name' v='D1 DK LTY KNO' />
    <tag k='type' v='path' />
  </relation>
  <relation id='-14491214' action='modify'>
    <member type='way' ref='-38835401' role='' />
    <member type='way' ref='-38835208' role='' />
    <member type='way' ref='-38835403' role='' />
    <member type='way' ref='-38835404' role='' />
    <member type='way' ref='-38835405' role='' />
    <member type='way' ref='-38835402' role='' />
    <member type='way' ref='-38835406' role='' />
    <member type='way' ref='-38835407' role='' />
    <member type='way' ref='-38835409' role='' />
    <member type='way' ref='-38835408' role='' />
    <member type='way' ref='-38835411' role='' />
    <member type='way' ref='-38835410' role='' />
    <member type='way' ref='-38835412' role='' />
    <member type='way' ref='-38835413' role='' />
    <member type='way' ref='-38835414' role='' />
    <member type='way' ref='-38835416' role='' />
    <tag k='key' v='d1.dk.sts' />
    <tag k='name' v='D1 DK STS' />
    <tag k='type' v='path' />
  </relation>
  <relation id='-14491215' action='modify'>
    <member type='way' ref='-38835417' role='' />
    <member type='way' ref='-38835418' role='' />
    <member type='way' ref='-38835419' role='' />
    <member type='way' ref='-38835415' role='' />
    <member type='way' ref='-38835420' role='' />
    <member type='way' ref='-38835421' role='' />
    <member type='way' ref='-38835422' role='' />
    <member type='way' ref='-38835423' role='' />
    <member type='way' ref='-38835424' role='' />
    <member type='way' ref='-38835425' role='' />
    <member type='way' ref='-38835426' role='' />
    <member type='way' ref='-38835427' role='' />
    <member type='way' ref='-38835428' role='' />
    <member type='way' ref='-38835429' role='' />
    <member type='way' ref='-38835430' role='' />
    <tag k='key' v='d1.dk.tfl' />
    <tag k='name' v='D1 DK TFL' />
    <tag k='type' v='path' />
  </relation>
  <relation id='-14491216' action='modify'>
    <member type='way' ref='-38835442' role='' />
    <member type='way' ref='-38835443' role='' />
    <member type='way' ref='-38835444' role='' />
    <member type='way' ref='-38835445' role='' />
    <member type='way' ref='-38835431' role='' />
    <member type='way' ref='-38835432' role='' />
    <member type='way' ref='-38835433' role='' />
    <member type='way' ref='-38835434' role='' />
    <member type='way' ref='-38835435' role='' />
    <member type='way' ref='-38835441' role='' />
    <member type='way' ref='-38835436' role='' />
    <member type='way' ref='-38835437' role='' />
    <member type='way' ref='-38835438' role='' />
    <member type='way' ref='-38835439' role='' />
    <member type='way' ref='-38835440' role='' />
    <tag k='key' v='d1.dk.nsf' />
    <tag k='name' v='D1 DK NSF' />
    <tag k='type' v='path' />
  </relation>
  <relation id='-14491217' action='modify'>
    <member type='way' ref='-38835446' role='' />
    <member type='way' ref='-38835447' role='' />
    <member type='way' ref='-38835448' role='' />
    <member type='way' ref='-38835449' role='' />
    <member type='way' ref='-38835450' role='' />
    <member type='way' ref='-38835451' role='' />
    <member type='way' ref='-38835452' role='' />
    <member type='way' ref='-38835453' role='' />
    <member type='way' ref='-38835454' role='' />
    <tag k='key' v='d1.dk.hjm' />
    <tag k='name' v='D1 DK HJM' />
    <tag k='type' v='path' />
  </relation>
  <relation id='-14491218' action='modify'>
    <member type='way' ref='-38835456' role='reverse' />
    <member type='way' ref='-38835459' role='' />
    <member type='way' ref='-38835460' role='' />
    <member type='way' ref='-38835461' role='' />
    <member type='way' ref='-38835462' role='' />
    <member type='way' ref='-38835463' role='' />
    <member type='way' ref='-38835464' role='' />
    <member type='way' ref='-38835465' role='' />
    <member type='way' ref='-38835466' role='' />
    <member type='way' ref='-38835455' role='' />
    <member type='way' ref='-38835467' role='' />
    <member type='way' ref='-38835468' role='' />
    <member type='way' ref='-38835458' role='' />
    <tag k='key' v='d1.dk.lbs' />
    <tag k='name' v='D1 DK LBS' />
    <tag k='type' v='path' />
  </relation>
  <relation id='-14491219' action='modify'>
    <member type='way' ref='-38835469' role='' />
    <member type='way' ref='-38835471' role='' />
    <member type='way' ref='-38835472' role='' />
    <member type='way' ref='-38835473' role='' />
    <member type='way' ref='-38835474' role='' />
    <member type='way' ref='-38835470' role='' />
    <member type='way' ref='-38835283' role='' />
    <member type='way' ref='-38835286' role='' />
    <member type='way' ref='-38835475' role='' />
    <member type='way' ref='-38835477' role='' />
    <member type='way' ref='-38835476' role='' />
    <member type='way' ref='-38835478' role='' />
    <member type='way' ref='-38835301' role='' />
    <member type='way' ref='-38835479' role='' />
    <member type='way' ref='-38835482' role='' />
    <member type='way' ref='-38835483' role='' />
    <member type='way' ref='-38835484' role='' />
    <member type='way' ref='-38835485' role='' />
    <member type='way' ref='-38835486' role='' />
    <member type='way' ref='-38835487' role='' />
    <tag k='key' v='d1.dk.fbm' />
    <tag k='name' v='D1 DK FBM' />
    <tag k='type' v='path' />
  </relation>
  <relation id='-14491220' action='modify'>
    <member type='way' ref='-38835488' role='' />
    <member type='way' ref='-38835499' role='' />
    <member type='way' ref='-38835500' role='' />
    <member type='way' ref='-38835501' role='' />
    <member type='way' ref='-38835502' role='' />
    <member type='way' ref='-38835503' role='' />
    <member type='way' ref='-38835504' role='' />
    <member type='way' ref='-38835505' role='' />
    <member type='way' ref='-38835489' role='' />
    <member type='way' ref='-38835490' role='' />
    <member type='way' ref='-38835491' role='' />
    <member type='way' ref='-38835492' role='' />
    <member type='way' ref='-38835493' role='' />
    <member type='way' ref='-38835494' role='' />
    <member type='way' ref='-38835495' role='' />
    <member type='way' ref='-38835496' role='' />
    <member type='way' ref='-38835497' role='' />
    <member type='way' ref='-38835498' role='' />
    <member type='way' ref='-38835288' role='' />
    <tag k='key' v='d1.dk.htg' />
    <tag k='name' v='D1 DK HTG' />
    <tag k='type' v='path' />
  </relation>
  <relation id='-14491221' action='modify'>
    <member type='way' ref='-38835506' role='' />
    <member type='way' ref='-38835507' role='' />
    <member type='way' ref='-38835508' role='' />
    <member type='way' ref='-38835509' role='' />
    <member type='way' ref='-38835510' role='' />
    <member type='way' ref='-38835511' role='' />
    <member type='way' ref='-38835512' role='' />
    <member type='way' ref='-38835513' role='' />
    <member type='way' ref='-38835514' role='' />
    <tag k='key' v='d1.dk.rme' />
    <tag k='name' v='D1 DK RME' />
    <tag k='type' v='path' />
  </relation>
  <relation id='-14491222' action='modify'>
    <member type='way' ref='-38835516' role='' />
    <member type='way' ref='-38835517' role='' />
    <member type='way' ref='-38835518' role='' />
    <member type='way' ref='-38835515' role='' />
    <member type='way' ref='-38835519' role='' />
    <member type='way' ref='-38835520' role='' />
    <member type='way' ref='-38835521' role='' />
    <member type='way' ref='-38835522' role='' />
    <member type='way' ref='-38835523' role='' />
    <member type='way' ref='-38835524' role='' />
    <member type='way' ref='-38835525' role='' />
    <member type='way' ref='-38835526' role='' />
    <member type='way' ref='-38835527' role='' />
    <member type='way' ref='-38835528' role='' />
    <tag k='key' v='d1.dk.hbs' />
    <tag k='name' v='D1 DK HBS' />
    <tag k='type' v='path' />
  </relation>
  <relation id='-14491223' action='modify'>
    <member type='way' ref='-38835533' role='' />
    <member type='way' ref='-38835534' role='' />
    <member type='way' ref='-38835535' role='' />
    <member type='way' ref='-38835536' role='' />
    <member type='way' ref='-38835537' role='' />
    <member type='way' ref='-38835538' role='' />
    <member type='way' ref='-38835539' role='' />
    <member type='way' ref='-38835540' role='' />
    <member type='way' ref='-38835541' role='' />
    <member type='way' ref='-38835542' role='' />
    <member type='way' ref='-38835543' role='' />
    <member type='way' ref='-38835544' role='' />
    <member type='way' ref='-38835529' role='' />
    <member type='way' ref='-38835530' role='' />
    <member type='way' ref='-38835531' role='' />
    <member type='way' ref='-38835532' role='' />
    <tag k='key' v='d1.dk.hoa' />
    <tag k='name' v='D1 DK HOA' />
    <tag k='type' v='path' />
  </relation>
  <relation id='-14491224' action='modify'>
    <member type='way' ref='-38835546' role='' />
    <member type='way' ref='-38835547' role='' />
    <member type='way' ref='-38835548' role='' />
    <member type='way' ref='-38835545' role='' />
    <member type='way' ref='-38835549' role='' />
    <member type='way' ref='-38835550' role='' />
    <member type='way' ref='-38835551' role='' />
    <member type='way' ref='-38835552' role='' />
    <member type='way' ref='-38835553' role='' />
    <member type='way' ref='-38835554' role='' />
    <member type='way' ref='-38835555' role='' />
    <tag k='key' v='d1.dk.hso' />
    <tag k='name' v='D1 DK HSO' />
    <tag k='type' v='path' />
  </relation>
  <relation id='-14491225' action='modify'>
    <member type='way' ref='-38835556' role='' />
    <member type='way' ref='-38835557' role='' />
    <member type='way' ref='-38835558' role='' />
    <member type='way' ref='-38835559' role='' />
    <member type='way' ref='-38835560' role='' />
    <member type='way' ref='-38835561' role='' />
    <member type='way' ref='-38835562' role='' />
    <member type='way' ref='-38835563' role='' />
    <member type='way' ref='-38835564' role='' />
    <member type='way' ref='-38835565' role='' />
    <member type='way' ref='-38835566' role='' />
    <member type='way' ref='-38835148' role='' />
    <member type='way' ref='-38835567' role='' />
    <member type='way' ref='-38835568' role='' />
    <member type='way' ref='-38835569' role='' />
    <member type='way' ref='-38835570' role='' />
    <member type='way' ref='-38835571' role='' />
    <member type='way' ref='-38835572' role='' />
    <member type='way' ref='-38835573' role='' />
    <member type='way' ref='-38835574' role='' />
    <member type='way' ref='-38835575' role='' />
    <member type='way' ref='-38835576' role='' />
    <member type='way' ref='-38835577' role='' />
    <member type='way' ref='-38835578' role='' />
    <tag k='key' v='d1.dk.ahg' />
    <tag k='name' v='D1 DK AHG' />
    <tag k='type' v='path' />
  </relation>
  <relation id='-14491226' action='modify'>
    <member type='way' ref='-38835579' role='' />
    <member type='way' ref='-38835580' role='' />
    <member type='way' ref='-38835581' role='' />
    <member type='way' ref='-38835582' role='' />
    <member type='way' ref='-38835583' role='' />
    <member type='way' ref='-38835584' role='' />
    <member type='way' ref='-38835585' role='' />
    <member type='way' ref='-38835586' role='' />
    <member type='way' ref='-38835587' role='' />
    <member type='way' ref='-38835588' role='' />
    <member type='way' ref='-38835589' role='' />
    <member type='way' ref='-38835590' role='' />
    <member type='way' ref='-38835591' role='' />
    <member type='way' ref='-38835592' role='' />
    <member type='way' ref='-38835593' role='' />
    <member type='way' ref='-38835594' role='' />
    <member type='way' ref='-38835595' role='' />
    <tag k='key' v='d1.dk.rgg' />
    <tag k='name' v='D1 DK RGG' />
    <tag k='type' v='path' />
  </relation>
  <relation id='-14491227' action='modify'>
    <member type='way' ref='-38835597' role='' />
    <member type='way' ref='-38835596' role='' />
    <member type='way' ref='-38835598' role='' />
    <tag k='key' v='d1.dk.ett' />
    <tag k='name' v='D1 DK ETT' />
    <tag k='type' v='path' />
  </relation>
  <relation id='-14491228' action='modify'>
    <member type='way' ref='-38835600' role='' />
    <member type='way' ref='-38835601' role='' />
    <member type='way' ref='-38835602' role='' />
    <member type='way' ref='-38835599' role='' />
    <member type='way' ref='-38835603' role='' />
    <member type='way' ref='-38835604' role='' />
    <member type='way' ref='-38835605' role='' />
    <member type='way' ref='-38835606' role='' />
    <member type='way' ref='-38835607' role='' />
    <tag k='key' v='d1.dk.aht.1' />
    <tag k='name' v='D1 DK AHT (1)' />
    <tag k='type' v='path' />
  </relation>
  <relation id='-14491229' action='modify'>
    <member type='way' ref='-38835607' role='reverse' />
    <member type='way' ref='-38835608' role='' />
    <member type='way' ref='-38835609' role='' />
    <member type='way' ref='-38835610' role='' />
    <member type='way' ref='-38835462' role='' />
    <tag k='key' v='d1.dk.aht.2' />
    <tag k='name' v='D1 DK AHT (2)' />
    <tag k='type' v='path' />
  </relation>
  <relation id='-14491230' action='modify'>
    <member type='way' ref='-38835611' role='' />
    <member type='way' ref='-38835612' role='' />
    <member type='way' ref='-38835613' role='' />
    <member type='way' ref='-38835614' role='' />
    <member type='way' ref='-38835615' role='' />
    <member type='way' ref='-38835616' role='' />
    <member type='way' ref='-38835617' role='' />
    <member type='way' ref='-38835618' role='' />
    <member type='way' ref='-38835619' role='' />
    <member type='way' ref='-38835620' role='' />
    <member type='way' ref='-38835621' role='' />
    <tag k='key' v='d1.dk.skr' />
    <tag k='name' v='D1 DK SKR' />
    <tag k='type' v='path' />
  </relation>
  <relation id='-14491231' action='modify'>
    <member type='way' ref='-38835622' role='' />
    <member type='way' ref='-38835623' role='' />
    <member type='way' ref='-38835624' role='' />
    <member type='way' ref='-38835625' role='' />
    <member type='way' ref='-38835626' role='' />
    <member type='way' ref='-38835627' role='' />
    <member type='way' ref='-38835628' role='' />
    <tag k='key' v='d1.dk.rar' />
    <tag k='name' v='D1 DK RAR' />
    <tag k='type' v='path' />
  </relation>
  <relation id='-14491232' action='modify'>
    <member type='way' ref='-38835638' role='' />
    <member type='way' ref='-38835629' role='' />
    <member type='way' ref='-38835639' role='' />
    <member type='way' ref='-38835630' role='' />
    <member type='way' ref='-38835631' role='' />
    <member type='way' ref='-38835632' role='' />
    <member type='way' ref='-38835633' role='' />
    <member type='way' ref='-38835634' role='' />
    <member type='way' ref='-38835635' role='' />
    <member type='way' ref='-38835636' role='' />
    <member type='way' ref='-38835637' role='' />
    <tag k='key' v='d1.dk.rhs' />
    <tag k='name' v='D1 DK RHS' />
    <tag k='type' v='path' />
  </relation>
  <relation id='-14491233' action='modify'>
    <member type='way' ref='-38835640' role='' />
    <member type='way' ref='-38835643' role='' />
    <member type='way' ref='-38835644' role='' />
    <member type='way' ref='-38835645' role='' />
    <member type='way' ref='-38835646' role='' />
    <member type='way' ref='-38835647' role='' />
    <member type='way' ref='-38835648' role='' />
    <member type='way' ref='-38835649' role='' />
    <member type='way' ref='-38835641' role='reverse' />
    <tag k='key' v='d1.dk.maf' />
    <tag k='name' v='D1 DK MAF' />
    <tag k='type' v='path' />
  </relation>
  <relation id='-14491234' action='modify'>
    <member type='way' ref='-38835650' role='' />
    <member type='way' ref='-38835651' role='' />
    <member type='way' ref='-38835652' role='' />
    <member type='way' ref='-38835653' role='' />
    <member type='way' ref='-38835654' role='' />
    <member type='way' ref='-38835655' role='' />
    <member type='way' ref='-38835656' role='' />
    <member type='way' ref='-38835657' role='' />
    <member type='way' ref='-38835658' role='' />
    <tag k='key' v='d1.dk.fvb' />
    <tag k='name' v='D1 DK FVB' />
    <tag k='type' v='path' />
  </relation>
  <relation id='-14491235' action='modify'>
    <member type='way' ref='-38835660' role='' />
    <member type='way' ref='-38835664' role='' />
    <member type='way' ref='-38835666' role='' />
    <member type='way' ref='-38835665' role='' />
    <member type='way' ref='-38835670' role='' />
    <member type='way' ref='-38835671' role='' />
    <member type='way' ref='-38835672' role='' />
    <member type='way' ref='-38835667' role='' />
    <member type='way' ref='-38835673' role='' />
    <member type='way' ref='-38835668' role='' />
    <member type='way' ref='-38835669' role='' />
    <tag k='key' v='d1.dk.vba' />
    <tag k='name' v='D1 DK VBA' />
    <tag k='type' v='path' />
  </relation>
  <relation id='-14491236' action='modify'>
    <member type='way' ref='-38835675' role='' />
    <member type='way' ref='-38835676' role='' />
    <member type='way' ref='-38835677' role='' />
    <member type='way' ref='-38835678' role='' />
    <member type='way' ref='-38835679' role='' />
    <member type='way' ref='-38835680' role='' />
    <member type='way' ref='-38835681' role='' />
    <member type='way' ref='-38835682' role='' />
    <member type='way' ref='-38835674' role='' />
    <member type='way' ref='-38835698' role='' />
    <member type='way' ref='-38835699' role='' />
    <member type='way' ref='-38835683' role='' />
    <member type='way' ref='-38835684' role='' />
    <member type='way' ref='-38835685' role='' />
    <member type='way' ref='-38835686' role='' />
    <tag k='key' v='d1.dk.hls' />
    <tag k='name' v='D1 DK HLS' />
    <tag k='type' v='path' />
  </relation>
  <relation id='-14491237' action='modify'>
    <member type='way' ref='-38835687' role='' />
    <member type='way' ref='-38835688' role='' />
    <member type='way' ref='-38835689' role='' />
    <member type='way' ref='-38835690' role='' />
    <member type='way' ref='-38835691' role='' />
    <tag k='key' v='d1.dk.sgg' />
    <tag k='name' v='D1 DK SGG' />
    <tag k='type' v='path' />
  </relation>
  <relation id='-14491238' action='modify'>
    <member type='way' ref='-38835692' role='' />
    <member type='way' ref='-38835696' role='' />
    <member type='way' ref='-38835693' role='' />
    <member type='way' ref='-38835694' role='' />
    <member type='way' ref='-38835695' role='' />
    <tag k='key' v='d1.dk.svs' />
    <tag k='name' v='D1 DK SVS' />
    <tag k='type' v='path' />
  </relation>
  <relation id='-14491239' action='modify'>
    <member type='way' ref='-38835701' role='' />
    <member type='way' ref='-38835702' role='' />
    <member type='way' ref='-38835703' role='' />
    <member type='way' ref='-38835697' role='' />
    <member type='way' ref='-38835704' role='' />
    <member type='way' ref='-38835705' role='' />
    <member type='way' ref='-38835706' role='' />
    <member type='way' ref='-38835707' role='' />
    <member type='way' ref='-38835708' role='' />
    <member type='way' ref='-38835698' role='reverse' />
    <member type='way' ref='-38835709' role='' />
    <member type='way' ref='-38835710' role='' />
    <member type='way' ref='-38835711' role='' />
    <member type='way' ref='-38835700' role='' />
    <member type='way' ref='-38835712' role='' />
    <tag k='key' v='d1.dk.ahs' />
    <tag k='name' v='D1 DK AHS' />
    <tag k='type' v='path' />
  </relation>
  <relation id='-14491240' action='modify'>
    <member type='way' ref='-38835713' role='' />
    <member type='way' ref='-38835714' role='' />
    <member type='way' ref='-38835728' role='' />
    <member type='way' ref='-38835715' role='' />
    <tag k='key' v='d1.dk.aoh' />
    <tag k='name' v='D1 DK AOH' />
    <tag k='type' v='path' />
  </relation>
  <relation id='-14491241' action='modify'>
    <member type='way' ref='-38835717' role='' />
    <member type='way' ref='-38835716' role='' />
    <member type='way' ref='-38835718' role='' />
    <member type='way' ref='-38835719' role='' />
    <member type='way' ref='-38835720' role='' />
    <member type='way' ref='-38835721' role='' />
    <member type='way' ref='-38835722' role='' />
    <member type='way' ref='-38835723' role='' />
    <member type='way' ref='-38835724' role='' />
    <member type='way' ref='-38835725' role='' />
    <member type='way' ref='-38835726' role='' />
    <member type='way' ref='-38835727' role='' />
    <member type='way' ref='-38835637' role='reverse' />
    <tag k='key' v='d1.dk.abh' />
    <tag k='name' v='D1 DK ABH' />
    <tag k='type' v='path' />
  </relation>
  <relation id='-14491242' action='modify'>
    <member type='way' ref='-38835729' role='' />
    <tag k='key' v='d1.dk.lal' />
    <tag k='name' v='D1 DK LAL' />
    <tag k='type' v='path' />
  </relation>
  <relation id='-14491243' action='modify'>
    <member type='way' ref='-38835731' role='' />
    <member type='way' ref='-38835730' role='' />
    <member type='way' ref='-38835732' role='' />
    <member type='way' ref='-38835733' role='' />
    <member type='way' ref='-38835734' role='' />
    <member type='way' ref='-38835735' role='' />
    <member type='way' ref='-38835736' role='' />
    <member type='way' ref='-38835737' role='' />
    <member type='way' ref='-38835738' role='' />
    <member type='way' ref='-38835739' role='' />
    <member type='way' ref='-38835740' role='' />
    <member type='way' ref='-38835741' role='' />
    <member type='way' ref='-38835742' role='' />
    <member type='way' ref='-38835743' role='' />
    <member type='way' ref='-38835744' role='' />
    <member type='way' ref='-38835755' role='' />
    <member type='way' ref='-38835756' role='' />
    <member type='way' ref='-38835745' role='' />
    <member type='way' ref='-38835746' role='' />
    <member type='way' ref='-38835747' role='' />
    <member type='way' ref='-38835748' role='' />
    <tag k='key' v='d1.dk.nfh' />
    <tag k='name' v='D1 DK NFH' />
    <tag k='type' v='path' />
  </relation>
  <relation id='-14491244' action='modify'>
    <member type='way' ref='-38835749' role='' />
    <member type='way' ref='-38835750' role='' />
    <member type='way' ref='-38835751' role='' />
    <member type='way' ref='-38835752' role='' />
    <member type='way' ref='-38835753' role='' />
    <tag k='key' v='d1.dk.ora' />
    <tag k='name' v='D1 DK ORA' />
    <tag k='type' v='path' />
  </relation>
  <relation id='-14491245' action='modify'>
    <member type='way' ref='-38835757' role='' />
    <member type='way' ref='-38835758' role='' />
    <member type='way' ref='-38835759' role='' />
    <member type='way' ref='-38835754' role='' />
    <member type='way' ref='-38835760' role='' />
    <tag k='key' v='d1.dk.hrh' />
    <tag k='name' v='D1 DK HRH' />
    <tag k='type' v='path' />
  </relation>
  <relation id='-14491246' action='modify'>
    <member type='way' ref='-38835762' role='' />
    <member type='way' ref='-38835763' role='' />
    <member type='way' ref='-38835764' role='' />
    <member type='way' ref='-38835761' role='' />
    <member type='way' ref='-38835765' role='' />
    <tag k='key' v='d1.dk.vov' />
    <tag k='name' v='D1 DK VOV' />
    <tag k='type' v='path' />
  </relation>
  <relation id='-14491247' action='modify'>
    <member type='way' ref='-38835767' role='' />
    <member type='way' ref='-38835768' role='' />
    <member type='way' ref='-38835769' role='' />
    <member type='way' ref='-38835770' role='' />
    <member type='way' ref='-38835771' role='' />
    <member type='way' ref='-38835772' role='' />
    <member type='way' ref='-38835773' role='' />
    <member type='way' ref='-38835766' role='' />
    <member type='way' ref='-38835774' role='' />
    <member type='way' ref='-38835775' role='' />
    <member type='way' ref='-38835776' role='' />
    <member type='way' ref='-38835777' role='' />
    <member type='way' ref='-38835778' role='' />
    <member type='way' ref='-38835779' role='' />
    <member type='way' ref='-38835780' role='' />
    <tag k='key' v='d1.dk.hla' />
    <tag k='name' v='D1 DK HLA' />
    <tag k='type' v='path' />
  </relation>
  <relation id='-14491248' action='modify'>
    <member type='way' ref='-38835781' role='' />
    <member type='way' ref='-38835782' role='' />
    <member type='way' ref='-38835783' role='' />
    <member type='way' ref='-38835784' role='' />
    <member type='way' ref='-38835785' role='' />
    <member type='way' ref='-38835786' role='' />
    <member type='way' ref='-38835787' role='' />
    <tag k='key' v='d1.dk.hhh' />
    <tag k='name' v='D1 DK HHH' />
    <tag k='type' v='path' />
  </relation>
  <relation id='-14491605' action='modify'>
    <member type='way' ref='-38859766' role='' />
    <member type='way' ref='-38859782' role='' />
    <member type='way' ref='-38859804' role='' />
    <member type='way' ref='-38859805' role='' />
    <member type='way' ref='-38859783' role='' />
    <member type='way' ref='-38859784' role='' />
    <member type='way' ref='-38859785' role='' />
    <tag k='key' v='d1.dk.fhs' />
    <tag k='name' v='D1 DK FHS' />
    <tag k='type' v='path' />
  </relation>
</osm>
